<?xml version="1.0" encoding="UTF-8" ?>

<yelp_reviews_1.1>
<TEXT><![CDATA[First time there and it was excellent.  I had the shrimp enchiladas and they where great and my girlfriends pollo fundito was amazing. Good prices good portions.]]></TEXT>
<TAGS>
<FOOD id="F0" spans="50~67" text="shrimp enchiladas"  />
<FOOD id="F1" spans="108~121" text="pollo fundito"  />
<ANAPHORA id="A0" spans="72~76" text="they"  />
<QUALITY id="Q0" spans="83~88" text="great" type="positive" />
<QUALITY id="Q1" spans="126~133" text="amazing" type="positive" />
<OPINION id="O0" fromID="Q0" fromText="great" toID="A0" toText="they" relationship="explicit" />
<OPINION id="O1" fromID="Q1" fromText="amazing" toID="F1" toText="pollo fundito" relationship="explicit" />
<COREFERENCE id="C0" fromID="A0" fromText="they" toID="F0" toText="shrimp enchiladas" />
</TAGS>
</yelp_reviews_1.1>