<?xml version="1.0" encoding="UTF-8" ?>

<yelp_reviews_1.1>
<TEXT><![CDATA[I ripped Carlos a new taquito hole three winters ago, but today's experience was much improved, and I've never been so pleased to add an update. 

The hostess led us towards an "upstairs"  booth, but quickly recognized that my elderly mom doesnt walk that well, and offered "lower level" seating instead.  We didnt take it, but I cant tell you what a good impression it makes when the first person who greets you "gets it". Someone who anticipates needs rather than waits for you to explain them. 

Our server was good too. Pleasant, but not overly familiar or chatty, and absolutely efficient. No mistakes.   

My favorite (and least expected) discovery was what I think they call a "Healthy Menu" or something.  Shrimp Macho (ok, stop laughing)  had six good sized shrimp,  shells removed, quite nicely seasoned and pretty well cooked.  It was $7.95 with standard mexican combo sides. I thought it was a very good value, and if the sides were better, an outstanding one. 

Lunch for two, which includes a big basket of chips, was $20 before tip.

Why only three stars, when my apoplectic rant (see below) bestowed two? Well, the chips and salsa are pretty bad. The drinks come in those awful little plastic "glasses" that hide dirt and god knows what. The back of the booths provide zero back support. It's just not a five, or even four, star place. 

But today's third star represents a wholesale change in at least one customer's opinion of Carlos.  It will probably never be my favorite spot, but I previously railed that no one here "gave a shit."  That's obviously changed and is worthy of mention.]]></TEXT>
<TAGS>
<FOOD id="F0" spans="714~726" text="Shrimp Macho"  />
<FOOD id="F1" spans="767~773" text="shrimp"  />
<FOOD id="F2" spans="1131~1146" text="chips and salsa"  />
<ANAPHORA id="A0" spans="897~899" text="it"  />
<ANAPHORA id="A1" spans="839~841" text="It"  />
<QUALITY id="Q0" spans="756~766" text="good sized" type="positive" />
<QUALITY id="Q1" spans="776~790" text="shells removed" type="positive" />
<QUALITY id="Q2" spans="792~813" text="quite nicely seasoned" type="positive" />
<QUALITY id="Q3" spans="818~836" text="pretty well cooked" type="positive" />
<QUALITY id="Q4" spans="906~921" text="very good value" type="positive" />
<QUALITY id="Q5" spans="927~971" text="if the sides were better, an outstanding one" type="neutral" />
<QUALITY id="Q6" spans="846~885" text="$7.95 with standard mexican combo sides" type="neutral" />
<QUALITY id="Q7" spans="1151~1161" text="pretty bad" type="negative" />
<PART_OF id="P0" fromID="F1" fromText="shrimp" toID="F0" toText="Shrimp Macho" />
<OPINION id="O0" fromID="Q0" fromText="good sized" toID="F1" toText="shrimp" relationship="explicit" />
<OPINION id="O1" fromID="Q1" fromText="shells removed" toID="F1" toText="shrimp" relationship="explicit" />
<OPINION id="O2" fromID="Q2" fromText="quite nicely seasoned" toID="F1" toText="shrimp" relationship="explicit" />
<OPINION id="O3" fromID="Q3" fromText="pretty well cooked" toID="F1" toText="shrimp" relationship="explicit" />
<OPINION id="O4" fromID="Q6" fromText="$7.95 with standard mexican combo sides" toID="A1" toText="It" relationship="explicit" />
<OPINION id="O5" fromID="Q4" fromText="very good value" toID="A0" toText="it" relationship="explicit" />
<OPINION id="O6" fromID="Q5" fromText="if the sides were better, an outstanding one" toID="A0" toText="it" relationship="implicit" />
<OPINION id="O7" fromID="Q7" fromText="pretty bad" toID="F2" toText="chips and salsa" relationship="explicit" />
<COREFERENCE id="C0" fromID="A0" fromText="it" toID="F0" toText="Shrimp Macho" />
<COREFERENCE id="C1" fromID="A1" fromText="It" toID="A0" toText="it" />
</TAGS>
</yelp_reviews_1.1>