<?xml version="1.0" encoding="UTF-8" ?>

<yelp_reviews_1.1>
<TEXT><![CDATA[If your are looking for any kind of flavor in your food , this is not the place for you. I had a green chili burro with rice and beans, it had to be one of the most bland meals I have ever had, this the place for those out of towners, You know the ones from those cold states, who are not familiar with what Mexican food should taste like. I have to say it is edible, you probably won't die, BUT DEFINATELY NOT ENJOYABLE, TASTEFUL, FLAVORFUL, OR MEMORABLE.
 This is not the place for true mexican food connoisseur. 
 As for  the service it was average, not anything special.]]></TEXT>
<TAGS>
<FOOD id="F0" spans="97~114" text="green chili burro"  />
<FOOD id="F1" spans="120~124" text="rice"  />
<FOOD id="F2" spans="129~134" text="beans"  />
<ANAPHORA id="A0" spans="136~138" text="it"  />
<ANAPHORA id="A1" spans="354~356" text="it"  />
<QUALITY id="Q0" spans="149~192" text="one of the most bland meals I have ever had" type="negative" />
<QUALITY id="Q1" spans="360~366" text="edible" type="neutral" />
<QUALITY id="Q2" spans="368~390" text="you probably won&apos;t die" type="negative" />
<QUALITY id="Q3" spans="396~455" text="DEFINATELY NOT ENJOYABLE, TASTEFUL, FLAVORFUL, OR MEMORABLE" type="negative" />
<PART_OF id="P0" fromID="F1" fromText="rice" toID="F0" toText="green chili burro" />
<PART_OF id="P1" fromID="F2" fromText="beans" toID="F0" toText="green chili burro" />
<OPINION id="O0" fromID="Q0" fromText="one of the most bland meals I have ever had" toID="A0" toText="it" relationship="explicit" />
<OPINION id="O1" fromID="Q1" fromText="edible" toID="A1" toText="it" relationship="explicit" />
<OPINION id="O2" fromID="Q2" fromText="you probably won&apos;t die" toID="A1" toText="it" relationship="implicit" />
<OPINION id="O3" fromID="Q3" fromText="DEFINATELY NOT ENJOYABLE, TASTEFUL, FLAVORFUL, OR MEMORABLE" toID="A1" toText="it" relationship="explicit" />
<COREFERENCE id="C0" fromID="A1" fromText="it" toID="A0" toText="it" />
<COREFERENCE id="C1" fromID="A0" fromText="it" toID="F0" toText="green chili burro" />
</TAGS>
</yelp_reviews_1.1>