<?xml version="1.0" encoding="UTF-8" ?>

<yelp_reviews_1.1>
<TEXT><![CDATA[I had a terrible craving for Mexican food the other night, and found myself in this complex doing miscellaneous shopping. So my son and I wandered over to this restaurant, having not been before, just recognizing the name. Walking in, it felt large and clean. It took a while to be seated, and when we did we were put in a corner booth. The waitress was nice, but short with her words. I ordered the chicken chimi with red sauce, and got my son the bean burrito kids meal. Food was just okay. I find myself only coming on here to write so so reviews, and maybe that's not fair as im picky! Probably due to being stuck in a corner booth, the waitress didn't check on us once, and I had to flag her down to get my bill. I suppose if you live in the neighborhood it would be okay to check out, but I wont be back. There are too many other authentic places in town to come here.]]></TEXT>
<TAGS>
<FOOD id="F0" spans="400~428" text="chicken chimi with red sauce"  />
<FOOD id="F1" spans="449~471" text="bean burrito kids meal"  />
<ANAPHORA id="A0" spans="473~477" text="Food"  />
<QUALITY id="Q0" spans="482~491" text="just okay" type="neutral" />
<OPINION id="O0" fromID="Q0" fromText="just okay" toID="A0" toText="Food" relationship="explicit" />
<COREFERENCE id="C0" fromID="A0" fromText="Food" toID="F0" toText="chicken chimi with red sauce" />
<COREFERENCE id="C1" fromID="A0" fromText="Food" toID="F1" toText="bean burrito kids meal" />
</TAGS>
</yelp_reviews_1.1>