<?xml version="1.0" encoding="UTF-8" ?>

<yelp_reviews_1.1>
<TEXT><![CDATA[This isn't my favorite Mexican Place in the Phoenix area BUT it's Good!  I love their Tacos, Cheese Enchiladas, Chimi's and their Greenchili.   My friend and I love to order their quesadilla with Green Chili inside...  Their chips are always fresh and the salsa's are good too (I like to mix them together).  They have some tasty Margarita's as well.  I would recommend anyone to go to this restaurant.  On top of great food the service is also good!]]></TEXT>
<TAGS>
<FOOD id="F0" spans="86~91" text="Tacos"  />
<FOOD id="F1" spans="93~110" text="Cheese Enchiladas"  />
<FOOD id="F3" spans="112~119" text="Chimi&apos;s"  />
<FOOD id="F4" spans="130~140" text="Greenchili"  />
<FOOD id="F5" spans="225~230" text="chips"  />
<FOOD id="F8" spans="256~263" text="salsa&apos;s"  />
<FOOD id="F9" spans="330~341" text="Margarita&apos;s"  />
<FOOD id="F12" spans="180~207" text="quesadilla with Green Chili"  />
<QUALITY id="Q0" spans="73~79" text="I love" type="positive" />
<QUALITY id="Q1" spans="144~173" text="My friend and I love to order" type="positive" />
<QUALITY id="Q2" spans="235~247" text="always fresh" type="positive" />
<QUALITY id="Q3" spans="268~272" text="good" type="positive" />
<QUALITY id="Q4" spans="324~329" text="tasty" type="positive" />
<OPINION id="O0" fromID="Q0" fromText="I love" toID="F0" toText="Tacos" relationship="explicit" />
<OPINION id="O1" fromID="Q0" fromText="I love" toID="F1" toText="Cheese Enchiladas" relationship="explicit" />
<OPINION id="O2" fromID="Q0" fromText="I love" toID="F3" toText="Chimi&apos;s" relationship="explicit" />
<OPINION id="O3" fromID="Q0" fromText="I love" toID="F4" toText="Greenchili" relationship="explicit" />
<OPINION id="O4" fromID="Q1" fromText="My friend and I love to order" toID="F12" toText="quesadilla with Green Chili" relationship="explicit" />
<OPINION id="O5" fromID="Q2" fromText="always fresh" toID="F5" toText="chips" relationship="explicit" />
<OPINION id="O6" fromID="Q3" fromText="good" toID="F8" toText="salsa&apos;s" relationship="explicit" />
<OPINION id="O7" fromID="Q4" fromText="tasty" toID="F9" toText="Margarita&apos;s" relationship="explicit" />
</TAGS>
</yelp_reviews_1.1>