<?xml version="1.0" encoding="UTF-8" ?>

<yelp_reviews_1.1>
<TEXT><![CDATA[My husband and I love this place! It's a great spot for Happy Hour. Can't beat the prices, Margaritas are $3.50 during happy hour and they are yummmmmy!   Plus they have a bunch of happy hour meals for $5. Their regular menu has decent prices as well. We typically sit up at the bar which is open seating and we are served immediately.   The staff is great, always so friendly and attentive.  We have never had a bad experience or bad food here.  Great place! Keep it up!]]></TEXT>
<TAGS>
<FOOD id="F0" spans="91~101" text="Margaritas"  />
<ANAPHORA id="A0" spans="134~138" text="they"  />
<QUALITY id="Q0" spans="106~129" text="$3.50 during happy hour" type="positive" />
<QUALITY id="Q1" spans="143~151" text="yummmmmy" type="positive" />
<OPINION id="O0" fromID="Q0" fromText="$3.50 during happy hour" toID="F0" toText="Margaritas" relationship="implicit" />
<OPINION id="O1" fromID="Q1" fromText="yummmmmy" toID="A0" toText="they" relationship="explicit" />
<COREFERENCE id="C0" fromID="A0" fromText="they" toID="F0" toText="Margaritas" />
</TAGS>
</yelp_reviews_1.1>