<?xml version="1.0" encoding="UTF-8" ?>

<yelp_reviews_1.1>
<TEXT><![CDATA[Went to the Avondale location and we had pollo fundido and the spinich enchilada.  Food and drinks were really good and service was great!]]></TEXT>
<TAGS>
<FOOD id="F0" spans="41~54" text="pollo fundido"  />
<FOOD id="F1" spans="63~80" text="spinich enchilada"  />
<FOOD id="F2" spans="83~87" text="Food"  />
<ANAPHORA id="A0" spans="83~87" text="Food"  />
<QUALITY id="Q0" spans="104~115" text="really good" type="positive" />
<OPINION id="O0" fromID="Q0" fromText="really good" toID="F2" toText="Food" relationship="explicit" />
<COREFERENCE id="C0" fromID="A0" fromText="Food" toID="F0" toText="pollo fundido" />
<COREFERENCE id="C1" fromID="A0" fromText="Food" toID="F1" toText="spinich enchilada" />
</TAGS>
</yelp_reviews_1.1>