<?xml version="1.0" encoding="UTF-8" ?>

<yelp_reviews_1.1>
<TEXT><![CDATA[Wen here for cinco de mayo dinner....very yummy, had the pollo fundido, and the whole plate was more than enough for one person!... Highly recommend!]]></TEXT>
<TAGS>
<FOOD id="F0" spans="57~70" text="pollo fundido"  />
<ANAPHORA id="A0" spans="76~91" text="the whole plate"  />
<QUALITY id="Q0" spans="92~127" text="was more than enough for one person" type="positive" />
<QUALITY id="Q1" spans="42~47" text="yummy" type="positive" />
<OPINION id="O0" fromID="Q1" fromText="yummy" toID="F0" toText="pollo fundido" relationship="explicit" />
<OPINION id="O1" fromID="Q0" fromText="was more than enough for one person" toID="A0" toText="the whole plate" relationship="implicit" />
<COREFERENCE id="C0" fromID="A0" fromText="the whole plate" toID="F0" toText="pollo fundido" />
</TAGS>
</yelp_reviews_1.1>