<?xml version="1.0" encoding="UTF-8" ?>

<yelp_reviews_1.1>
<TEXT><![CDATA[Been going here for years but I find myself enjoying the quality of food less and less. Went to the new location tonight and it is a beautiful restaurant. Here's my breakdown

Pros
Server was friendly and attentive 
Refills of salsa were consistent and before we had to ask
Large portions
Bar seating allows full menu Service
Fun, cheerful atmosphere

Cons
Chips are bland and flavorless
Food is drowning in cheese-so much so that it "Americanizes" the dish 
Flavors are bland and cheesy
Cheese Crisp is cheese melted on a tortilla. So many places crisp them and they are so much better
Spanish rice was gummy and flavorless]]></TEXT>
<TAGS>
<FOOD id="F0" spans="357~362" text="Chips"  />
<FOOD id="F1" spans="488~500" text="Cheese Crisp"  />
<FOOD id="F2" spans="587~599" text="Spanish rice"  />
<FOOD id="F3" spans="227~232" text="salsa"  />
<QUALITY id="Q0" spans="233~248" text="were consistent" type="positive" />
<QUALITY id="Q1" spans="367~372" text="bland" type="negative" />
<QUALITY id="Q2" spans="377~387" text="flavorless" type="negative" />
<QUALITY id="Q3" spans="504~531" text="cheese melted on a tortilla" type="negative" />
<QUALITY id="Q4" spans="604~609" text="gummy" type="negative" />
<QUALITY id="Q5" spans="614~624" text="flavorless" type="negative" />
<OPINION id="O0" fromID="Q0" fromText="were consistent" toID="F3" toText="salsa" relationship="explicit" />
<OPINION id="O1" fromID="Q3" fromText="cheese melted on a tortilla" toID="F1" toText="Cheese Crisp" relationship="implicit" />
<OPINION id="O2" fromID="Q4" fromText="gummy" toID="F2" toText="Spanish rice" relationship="explicit" />
<OPINION id="O3" fromID="Q5" fromText="flavorless" toID="F2" toText="Spanish rice" relationship="explicit" />
<OPINION id="O4" fromID="Q1" fromText="bland" toID="F0" toText="Chips" relationship="explicit" />
<OPINION id="O5" fromID="Q2" fromText="flavorless" toID="F0" toText="Chips" relationship="explicit" />
</TAGS>
</yelp_reviews_1.1>