<?xml version="1.0" encoding="UTF-8" ?>

<yelp_reviews_1.1>
<TEXT><![CDATA[Called in a catering order for my son's birthday party. Couldn't have been easier. Dave took my order and was very thorough to ensure I understood exactly what was included and how it would be delivered. He called on the day to confirm details and arrived right on time. I couldn't have asked for better service.  

The food was good, too. We had mini tacos, flautas, plus green corn tamales and pollo fundido. Everything was hot, flavorful. Came with generous amounts of chips, salsa, rice and beans. I ordered black beans instead of refried and they were awesome, too! I ordered a bit extra and my family loved taking home some leftovers. 

 I considered a couple of different options for Mexican food catering and prices were pretty comparable. So glad I chose Carlos, as the food and service were terrific.  Dinner was just as good as when we visit the restaurant -- YUM!]]></TEXT>
<TAGS>
<FOOD id="F0" spans="347~357" text="mini tacos"  />
<FOOD id="F1" spans="359~366" text="flautas"  />
<FOOD id="F2" spans="373~391" text="green corn tamales"  />
<FOOD id="F3" spans="396~409" text="pollo fundido"  />
<FOOD id="F4" spans="512~523" text="black beans"  />
<FOOD id="F5" spans="472~477" text="chips"  />
<FOOD id="F6" spans="479~484" text="salsa"  />
<FOOD id="F7" spans="486~490" text="rice"  />
<FOOD id="F8" spans="495~500" text="beans"  />
<ANAPHORA id="A0" spans="411~421" text="Everything"  />
<ANAPHORA id="A1" spans="547~551" text="they"  />
<QUALITY id="Q0" spans="426~429" text="hot" type="positive" />
<QUALITY id="Q1" spans="431~440" text="flavorful" type="positive" />
<QUALITY id="Q2" spans="557~564" text="awesome" type="positive" />
<QUALITY id="Q3" spans="452~471" text="generous amounts of" type="positive" />
<OPINION id="O0" fromID="Q0" fromText="hot" toID="A0" toText="Everything" relationship="explicit" />
<OPINION id="O1" fromID="Q1" fromText="flavorful" toID="A0" toText="Everything" relationship="explicit" />
<OPINION id="O2" fromID="Q3" fromText="generous amounts of" toID="F5" toText="chips" relationship="explicit" />
<OPINION id="O3" fromID="Q3" fromText="generous amounts of" toID="F6" toText="salsa" relationship="explicit" />
<OPINION id="O4" fromID="Q3" fromText="generous amounts of" toID="F7" toText="rice" relationship="explicit" />
<OPINION id="O5" fromID="Q3" fromText="generous amounts of" toID="F8" toText="beans" relationship="explicit" />
<OPINION id="O6" fromID="Q2" fromText="awesome" toID="A1" toText="they" relationship="explicit" />
<COREFERENCE id="C0" fromID="A0" fromText="Everything" toID="F3" toText="pollo fundido" />
<COREFERENCE id="C1" fromID="A0" fromText="Everything" toID="F0" toText="mini tacos" />
<COREFERENCE id="C2" fromID="A0" fromText="Everything" toID="F1" toText="flautas" />
<COREFERENCE id="C3" fromID="A0" fromText="Everything" toID="F2" toText="green corn tamales" />
<COREFERENCE id="C4" fromID="A1" fromText="they" toID="F4" toText="black beans" />
</TAGS>
</yelp_reviews_1.1>