<?xml version="1.0" encoding="UTF-8" ?>

<yelp_reviews_1.1>
<TEXT><![CDATA[Used to go here a lot with the fam when I was younger, not sure why we stopped. Anyway, went this week for lunch. It was just as good as I remembered. Nachos are super cheesy, great amount of shredded beef too. They are a meal all by themselves. They still have my favorite dish- pollo fundido. Chicken chimis, covered in jalapeno cream cheese, and topped with melted cheese. That's one thing about this place, they are not shy with the cheese, which to me, is OK. Waiter staff was great, very attentive with drink refills. I will have to go here more often.]]></TEXT>
<TAGS>
<FOOD id="F0" spans="151~157" text="Nachos"  />
<FOOD id="F1" spans="192~205" text="shredded beef"  />
<FOOD id="F2" spans="280~293" text="pollo fundido"  />
<FOOD id="F3" spans="295~309" text="Chicken chimis"  />
<FOOD id="F4" spans="322~343" text="jalapeno cream cheese"  />
<FOOD id="F5" spans="361~374" text="melted cheese"  />
<QUALITY id="Q0" spans="162~174" text="super cheesy" type="positive" />
<QUALITY id="Q1" spans="176~188" text="great amount" type="positive" />
<QUALITY id="Q2" spans="262~278" text="my favorite dish" type="positive" />
<PART_OF id="P0" fromID="F1" fromText="shredded beef" toID="F0" toText="Nachos" />
<PART_OF id="P1" fromID="F3" fromText="Chicken chimis" toID="F2" toText="pollo fundido" />
<PART_OF id="P2" fromID="F4" fromText="jalapeno cream cheese" toID="F2" toText="pollo fundido" />
<PART_OF id="P3" fromID="F5" fromText="melted cheese" toID="F2" toText="pollo fundido" />
<OPINION id="O0" fromID="Q0" fromText="super cheesy" toID="F0" toText="Nachos" relationship="explicit" />
<OPINION id="O1" fromID="Q1" fromText="great amount" toID="F1" toText="shredded beef" relationship="explicit" />
<OPINION id="O2" fromID="Q2" fromText="my favorite dish" toID="F2" toText="pollo fundido" relationship="implicit" />
</TAGS>
</yelp_reviews_1.1>