<?xml version="1.0" encoding="UTF-8" ?>

<yelp_reviews_1.1>
<TEXT><![CDATA[would be a 5 star if this was review was soley based on their $3.50 margarita happy hour specials! Pretty good prickly pear margaritas however a tad "syrupy" for me. The mexican pizza is enough to feed an army....seriously not your Taco Bell small pizzas by any stretch of the imagination!! Good chips and salsa with a bite!]]></TEXT>
<TAGS>
<FOOD id="F0" spans="111~134" text="prickly pear margaritas"  />
<FOOD id="F1" spans="170~183" text="mexican pizza"  />
<FOOD id="F2" spans="296~311" text="chips and salsa"  />
<FOOD id="F3" spans="68~77" text="margarita"  />
<QUALITY id="Q0" spans="143~157" text="a tad &quot;syrupy&quot;" type="negative" />
<QUALITY id="Q1" spans="187~209" text="enough to feed an army" type="positive" />
<QUALITY id="Q2" spans="213~288" text="seriously not your Taco Bell small pizzas by any stretch of the imagination" type="positive" />
<QUALITY id="Q3" spans="312~323" text="with a bite" type="positive" />
<QUALITY id="Q4" spans="291~295" text="Good" type="positive" />
<QUALITY id="Q5" spans="99~110" text="Pretty good" type="positive" />
<PART_OF id="P0" fromID="F0" fromText="prickly pear margaritas" toID="F3" toText="margarita" />
<OPINION id="O0" fromID="Q1" fromText="enough to feed an army" toID="F1" toText="mexican pizza" relationship="implicit" />
<OPINION id="O1" fromID="Q5" fromText="Pretty good" toID="F0" toText="prickly pear margaritas" relationship="explicit" />
<OPINION id="O2" fromID="Q0" fromText="a tad &quot;syrupy&quot;" toID="F0" toText="prickly pear margaritas" relationship="explicit" />
<OPINION id="O3" fromID="Q2" fromText="seriously not your Taco Bell small pizzas by any stretch of the imagination" toID="F1" toText="mexican pizza" relationship="implicit" />
<OPINION id="O4" fromID="Q4" fromText="Good" toID="F2" toText="chips and salsa" relationship="explicit" />
<OPINION id="O5" fromID="Q3" fromText="with a bite" toID="F2" toText="chips and salsa" relationship="explicit" />
</TAGS>
</yelp_reviews_1.1>