<?xml version="1.0" encoding="UTF-8" ?>

<yelp_reviews_1.1>
<TEXT><![CDATA[I wanted to take my sister out for dinner last night to celebrate her upcoming 21st birthday prior to going to see Cirque Du Soliel. We both love Mexican food and Carlos O'Brien's is literally within walking distance from my house. We used to go all the time as kids, but it has been years since I have been there last. 

I'm glad we gave it a try because we had a really great experience. We were seated immediately even though it was 5:45pm. We had friendly, attentive service from both our busser and our server.

We were served delicious, warm tortilla chips shortly after sitting with a tasty, fresh, and chunky salsa. They also provided the liquefied hot sauce, but I did not eat it because I do not like that kind at any restaurant.

I decided on the veggie fajitas. The black beans are vegetarian, the refrieds are not. My sister selected the fajita quesedilla, sans meat.

Our food arrived quickly and piping hot. Both of us had huge portion sizes and the food was extremely fresh and really tasty. They put a salty and slightly spicy seasoning on their fajitas, which come with a mixture of peppers, onions, squash, zucchini and potatoes. 

Back in the day when I used to eat meat (15+ years ago) I always ordered the shredded beef chimi. It was amazing. I would assume that it retains the same amazing taste and size as when I favored it as a child, but who knows.

Our meal came to $21 and I gladly tipped our server over 20%! I will definitely be back when I have a cheat day on my diet!!]]></TEXT>
<TAGS>
<FOOD id="F0" spans="548~562" text="tortilla chips"  />
<FOOD id="F1" spans="617~622" text="salsa"  />
<FOOD id="F2" spans="758~772" text="veggie fajitas"  />
<FOOD id="F4" spans="851~879" text="fajita quesedilla, sans meat"  />
<FOOD id="F5" spans="1044~1053" text="seasoning"  />
<FOOD id="F6" spans="1063~1070" text="fajitas"  />
<FOOD id="F7" spans="1101~1108" text="peppers"  />
<FOOD id="F8" spans="1110~1116" text="onions"  />
<FOOD id="F9" spans="1118~1124" text="squash"  />
<FOOD id="F10" spans="1126~1134" text="zucchini"  />
<FOOD id="F11" spans="1139~1147" text="potatoes"  />
<FOOD id="F12" spans="810~818" text="refrieds"  />
<FOOD id="F13" spans="778~789" text="black beans"  />
<FOOD id="F14" spans="882~890" text="Our food"  />
<FOOD id="F15" spans="961~969" text="the food"  />
<FOOD id="F16" spans="1228~1247" text="shredded beef chimi"  />
<ANAPHORA id="A0" spans="882~890" text="Our food"  />
<ANAPHORA id="A1" spans="686~688" text="it"  />
<ANAPHORA id="A3" spans="961~969" text="the food"  />
<ANAPHORA id="A4" spans="711~720" text="that kind"  />
<ANAPHORA id="A5" spans="1285~1287" text="it"  />
<ANAPHORA id="A6" spans="1249~1251" text="It"  />
<QUALITY id="Q1" spans="668~685,689~738" text="but I did not eat ... because I do not like that kind at any restaurant" type="neutral" />
<QUALITY id="Q2" spans="647~656" text="liquefied" type="neutral" />
<QUALITY id="Q3" spans="532~541" text="delicious" type="positive" />
<QUALITY id="Q4" spans="543~547" text="warm" type="positive" />
<QUALITY id="Q5" spans="592~597" text="tasty" type="positive" />
<QUALITY id="Q6" spans="599~604" text="fresh" type="positive" />
<QUALITY id="Q7" spans="610~616" text="chunky" type="positive" />
<QUALITY id="Q8" spans="911~921" text="piping hot" type="positive" />
<QUALITY id="Q9" spans="938~956" text="huge portion sizes" type="positive" />
<QUALITY id="Q10" spans="974~989" text="extremely fresh" type="positive" />
<QUALITY id="Q11" spans="994~1006" text="really tasty" type="positive" />
<QUALITY id="Q12" spans="1256~1263" text="amazing" type="positive" />
<QUALITY id="Q13" spans="1265~1284,1288~1374" text="I would assume that ... retains the same amazing taste and size as when I favored it as a child, but who knows" type="positive" />
<QUALITY id="Q14" spans="1019~1024" text="salty" type="neutral" />
<QUALITY id="Q15" spans="1029~1043" text="slightly spicy" type="neutral" />
<PART_OF id="P0" fromID="F13" fromText="black beans" toID="F2" toText="veggie fajitas" />
<PART_OF id="P1" fromID="F12" fromText="refrieds" toID="F2" toText="veggie fajitas" />
<PART_OF id="P2" fromID="F5" fromText="seasoning" toID="F6" toText="fajitas" />
<PART_OF id="P3" fromID="F7" fromText="peppers" toID="F6" toText="fajitas" />
<PART_OF id="P4" fromID="F8" fromText="onions" toID="F6" toText="fajitas" />
<PART_OF id="P5" fromID="F9" fromText="squash" toID="F6" toText="fajitas" />
<PART_OF id="P6" fromID="F10" fromText="zucchini" toID="F6" toText="fajitas" />
<PART_OF id="P7" fromID="F11" fromText="potatoes" toID="F6" toText="fajitas" />
<OPINION id="O0" fromID="Q4" fromText="warm" toID="F0" toText="tortilla chips" relationship="explicit" />
<OPINION id="O1" fromID="Q3" fromText="delicious" toID="F0" toText="tortilla chips" relationship="explicit" />
<OPINION id="O2" fromID="Q5" fromText="tasty" toID="F1" toText="salsa" relationship="explicit" />
<OPINION id="O3" fromID="Q6" fromText="fresh" toID="F1" toText="salsa" relationship="explicit" />
<OPINION id="O4" fromID="Q7" fromText="chunky" toID="F1" toText="salsa" relationship="explicit" />
<OPINION id="O5" fromID="Q8" fromText="piping hot" toID="F14" toText="Our food" relationship="explicit" />
<OPINION id="O6" fromID="Q9" fromText="huge portion sizes" toID="F14" toText="Our food" relationship="explicit" />
<OPINION id="O7" fromID="Q11" fromText="really tasty" toID="F15" toText="the food" relationship="explicit" />
<OPINION id="O8" fromID="Q10" fromText="extremely fresh" toID="F15" toText="the food" relationship="explicit" />
<OPINION id="O10" fromID="Q15" fromText="slightly spicy" toID="F5" toText="seasoning" relationship="explicit" />
<OPINION id="O11" fromID="Q14" fromText="salty" toID="F5" toText="seasoning" relationship="explicit" />
<OPINION id="O12" fromID="Q12" fromText="amazing" toID="A6" toText="It" relationship="explicit" />
<COREFERENCE id="C0" fromID="A6" fromText="It" toID="F16" toText="shredded beef chimi" />
<COREFERENCE id="C1" fromID="F14" fromText="Our food" toID="F2" toText="veggie fajitas" />
<COREFERENCE id="C2" fromID="F14" fromText="Our food" toID="F4" toText="fajita quesedilla, sans meat" />
<COREFERENCE id="C3" fromID="F15" fromText="the food" toID="F14" toText="Our food" />
<COREFERENCE id="C4" fromID="F6" fromText="fajitas" toID="F2" toText="veggie fajitas" />
<COREFERENCE id="C5" fromID="F6" fromText="fajitas" toID="F4" toText="fajita quesedilla, sans meat" />
</TAGS>
</yelp_reviews_1.1>