<?xml version="1.0" encoding="UTF-8" ?>

<yelp_reviews_1.1>
<TEXT><![CDATA[I come to Carlos O'Briens periodically - maybe annually, sometimes more, sometimes less. It's a good restaurant. The food is good (not incredible, but a solid good) with large portions (I never finishe a meal). Very American style rather than traditional food with the typical dishes - tacos, enchiladas, chimichangas, etc. They go heavy on the cheese - it doesn't bother me, but it has bothered folks I have gone with. Otherwise, it is good food I am glad to eat.
  The service was incredibly fast. Tonight, a Friday evening, they were packed, yet we ordered, ate and chatted, and were out the door in less than 40 minutes. Staffers were there whenever my glass was low, but weren't in our faces all the time.
  The prices are medium - you're looking at $10-20 per person depending on what you order.
   The restaurant itself is pretty decent. The decor is pretty American Mexi-style, with obligatory bright colors and wood furniture. It's not a quiet place, but it isn't real loud - just active.
  Short story is, I wouldn't go out of my way to come here, but am perfectly happy to stop in.]]></TEXT>
<TAGS>
<FOOD id="F0" spans="286~291" text="tacos"  />
<FOOD id="F1" spans="293~303" text="enchiladas"  />
<FOOD id="F2" spans="305~317" text="chimichangas"  />
<QUALITY id="Q0" spans="211~283" text="Very American style rather than traditional food with the typical dishes" type="neutral" />
<OPINION id="O0" fromID="Q0" fromText="Very American style rather than traditional food with the typical dishes" toID="F0" toText="tacos" relationship="explicit" />
<OPINION id="O1" fromID="Q0" fromText="Very American style rather than traditional food with the typical dishes" toID="F1" toText="enchiladas" relationship="explicit" />
<OPINION id="O2" fromID="Q0" fromText="Very American style rather than traditional food with the typical dishes" toID="F2" toText="chimichangas" relationship="explicit" />
</TAGS>
</yelp_reviews_1.1>