<?xml version="1.0" encoding="UTF-8" ?>

<yelp_reviews_1.1>
<TEXT><![CDATA[My friend introduced this place to me.  The service is hit and miss though.  This place is super casual family restaurant and but of course there is a bar side with tv screens for the customers that want to get liquored up with their chips and salsa.
What I usually order is off their "healthy selections" menu which is kinda nuts since I usually order the chili con queso dip as an appetizer.  It's super fattening.  I feel guilty even ordering it but it's so good.  The healthy dish i usually get is the poquito carne asada w/ brown rice and wheat tortilla.  But who am i kidding?  i always have to have the chips and salsa and hot sauce.  Love their hot sauce.  Sometimes I order the queso fondido which i refer to as the "heart attack on a plate" because it's a deepfried chicken chimichanga smothered with cream cheese and then melted jack and cheaddar cheese on top of that.  Can you say heart attack?  It's really yummy but not so great for you.  I've also had the fried ice cream there too and it's hit and miss.  sometimes it turns out good and sometimes it's kinda soupy which is not so good.]]></TEXT>
<TAGS>
<FOOD id="F0" spans="357~376" text="chili con queso dip"  />
<FOOD id="F1" spans="687~700" text="queso fondido"  />
<FOOD id="F2" spans="811~823" text="cream cheese"  />
<FOOD id="F3" spans="766~795" text="deepfried chicken chimichanga"  />
<FOOD id="F4" spans="653~662" text="hot sauce"  />
<FOOD id="F5" spans="506~558" text="poquito carne asada w/ brown rice and wheat tortilla"  />
<FOOD id="F6" spans="849~864" text="cheaddar cheese"  />
<FOOD id="F7" spans="833~844" text="melted jack"  />
<FOOD id="F8" spans="972~987" text="fried ice cream"  />
<FOOD id="F9" spans="610~625" text="chips and salsa"  />
<FOOD id="F10" spans="630~639" text="hot sauce"  />
<ANAPHORA id="A0" spans="395~397" text="It"  />
<ANAPHORA id="A1" spans="453~455" text="it"  />
<ANAPHORA id="A2" spans="909~911" text="It"  />
<ANAPHORA id="A3" spans="1032~1034" text="it"  />
<ANAPHORA id="A4" spans="1002~1004" text="it"  />
<ANAPHORA id="A5" spans="759~761" text="it"  />
<QUALITY id="Q0" spans="400~415" text="super fattening" type="neutral" />
<QUALITY id="Q1" spans="458~465" text="so good" type="positive" />
<QUALITY id="Q2" spans="931~951" text="not so great for you" type="negative" />
<QUALITY id="Q3" spans="914~926" text="really yummy" type="positive" />
<QUALITY id="Q4" spans="725~750" text="&quot;heart attack on a plate&quot;" type="neutral" />
<QUALITY id="Q6" spans="1022~1101" text="sometimes it turns out good and sometimes it&apos;s kinda soupy which is not so good" type="negative" />
<QUALITY id="Q7" spans="1007~1019" text="hit and miss" type="neutral" />
<QUALITY id="Q8" spans="642~646" text="Love" type="positive" />
<PART_OF id="P0" fromID="F3" fromText="deepfried chicken chimichanga" toID="F1" toText="queso fondido" />
<PART_OF id="P1" fromID="F2" fromText="cream cheese" toID="A5" toText="it" />
<PART_OF id="P2" fromID="F6" fromText="cheaddar cheese" toID="F1" toText="queso fondido" />
<PART_OF id="P3" fromID="F7" fromText="melted jack" toID="A5" toText="it" />
<COREFERENCE id="C0" fromID="A5" fromText="it" toID="F3" toText="deepfried chicken chimichanga" />
</TAGS>
</yelp_reviews_1.1>