<?xml version="1.0" encoding="UTF-8" ?>

<yelp_reviews_1.1>
<TEXT><![CDATA[I love Carlos O'Brien's! It's not your traditional Mexican restaurant. I always get the Green Chile can Carne Chimichanga with their Jalapeno cream cheese. Service is always great.]]></TEXT>
<TAGS>
<FOOD id="F0" spans="88~121" text="Green Chile can Carne Chimichanga"  />
<FOOD id="F1" spans="133~154" text="Jalapeno cream cheese"  />
<QUALITY id="Q0" spans="71~83" text="I always get" type="positive" />
<PART_OF id="P0" fromID="F1" fromText="Jalapeno cream cheese" toID="F0" toText="Green Chile can Carne Chimichanga" />
<OPINION id="O0" fromID="Q0" fromText="I always get" toID="F0" toText="Green Chile can Carne Chimichanga" relationship="implicit" />
</TAGS>
</yelp_reviews_1.1>