<?xml version="1.0" encoding="UTF-8" ?>

<yelp_reviews_1.1>
<TEXT><![CDATA[My wife and I stopped in for dinner and margaritas. We were seated right away and served chips and salsa  from there we sat and waited and waited for our waitress to show up.  We ordered food and drinks together because we weren't sure how long it would take her to return. Good thing because she didn't come back until food was ready. 
I ordered the pollo fundido. The chicken had NO flavor and the cream cheese on the top was so thick you couldn't taste anything but cream cheese.  We will NEVER return!!!]]></TEXT>
<TAGS>
<FOOD id="F0" spans="351~364" text="pollo fundido"  />
<FOOD id="F1" spans="370~377" text="chicken"  />
<FOOD id="F2" spans="400~412" text="cream cheese"  />
<QUALITY id="Q0" spans="378~391" text="had NO flavor" type="negative" />
<QUALITY id="Q1" spans="431~436" text="thick" type="negative" />
<QUALITY id="Q2" spans="437~481" text="you couldn&apos;t taste anything but cream cheese" type="negative" />
<PART_OF id="P0" fromID="F1" fromText="chicken" toID="F0" toText="pollo fundido" />
<PART_OF id="P1" fromID="F2" fromText="cream cheese" toID="F0" toText="pollo fundido" />
<OPINION id="O0" fromID="Q2" fromText="you couldn&apos;t taste anything but cream cheese" toID="F0" toText="pollo fundido" relationship="implicit" />
<OPINION id="O1" fromID="Q1" fromText="thick" toID="F2" toText="cream cheese" relationship="explicit" />
<OPINION id="O2" fromID="Q0" fromText="had NO flavor" toID="F1" toText="chicken" relationship="explicit" />
</TAGS>
</yelp_reviews_1.1>