<?xml version="1.0" encoding="UTF-8" ?>

<yelp_reviews_1.1>
<TEXT><![CDATA[An unexpected find. A very homey and comfortable place. Food was fabulous! Had a steak chimichanga.....of which I've never tried before and it was amazing. The crispy outside and packed with goodness inside was just wonderful. The downfall is the portion size is enough to feed two people....so you will need to take the rest home..or share. :)]]></TEXT>
<TAGS>
<FOOD id="F0" spans="81~98" text="steak chimichanga"  />
<ANAPHORA id="A0" spans="140~142" text="it"  />
<ANAPHORA id="A1" spans="167~174" text="outside"  />
<ANAPHORA id="A2" spans="200~206" text="inside"  />
<QUALITY id="Q0" spans="216~225" text="wonderful" type="positive" />
<QUALITY id="Q1" spans="247~288" text="portion size is enough to feed two people" type="neutral" />
<QUALITY id="Q2" spans="295~340" text="you will need to take the rest home..or share" type="positive" />
<QUALITY id="Q3" spans="179~199" text="packed with goodness" type="positive" />
<QUALITY id="Q4" spans="160~166" text="crispy" type="positive" />
<QUALITY id="Q5" spans="147~154" text="amazing" type="positive" />
<PART_OF id="P0" fromID="A1" fromText="outside" toID="A0" toText="it" />
<PART_OF id="P1" fromID="A2" fromText="inside" toID="A0" toText="it" />
<OPINION id="O0" fromID="Q5" fromText="amazing" toID="A0" toText="it" relationship="explicit" />
<OPINION id="O1" fromID="Q4" fromText="crispy" toID="A1" toText="outside" relationship="explicit" />
<OPINION id="O2" fromID="Q3" fromText="packed with goodness" toID="A2" toText="inside" relationship="explicit" />
<OPINION id="O3" fromID="Q0" fromText="wonderful" toID="A2" toText="inside" relationship="explicit" />
<OPINION id="O4" fromID="Q1" fromText="portion size is enough to feed two people" toID="A0" toText="it" relationship="explicit" />
<OPINION id="O5" fromID="Q2" fromText="you will need to take the rest home..or share" toID="A0" toText="it" relationship="implicit" />
<COREFERENCE id="C0" fromID="A0" fromText="it" toID="F0" toText="steak chimichanga" />
<COREFERENCE id="C1" fromID="A1" fromText="outside" toID="A0" toText="it" />
<COREFERENCE id="C2" fromID="A2" fromText="inside" toID="A0" toText="it" />
</TAGS>
</yelp_reviews_1.1>