<?xml version="1.0" encoding="UTF-8" ?>

<yelp_reviews_1.1>
<TEXT><![CDATA[I've been eating Carlos O'Brien's for over 15 years now and it's always awesome every time! I love the Pollo Fundito, pretty much what I get every time! Enchiladas are awesome too! If you order to go - I swear they give you more beans and rice than if you dine in... it's crazy!  Very good bar selection as well and they seem to always have some sort of sports on TV in there.]]></TEXT>
<TAGS>
<FOOD id="F0" spans="103~116" text="Pollo Fundito"  />
<FOOD id="F1" spans="153~163" text="Enchiladas"  />
<QUALITY id="Q0" spans="168~175" text="awesome" type="positive" />
<QUALITY id="Q1" spans="94~98" text="love" type="positive" />
<QUALITY id="Q2" spans="118~151" text="pretty much what I get every time" type="positive" />
<OPINION id="O0" fromID="Q0" fromText="awesome" toID="F1" toText="Enchiladas" relationship="explicit" />
<OPINION id="O1" fromID="Q1" fromText="love" toID="F0" toText="Pollo Fundito" relationship="implicit" />
<OPINION id="O2" fromID="Q2" fromText="pretty much what I get every time" toID="F0" toText="Pollo Fundito" relationship="explicit" />
</TAGS>
</yelp_reviews_1.1>