<?xml version="1.0" encoding="UTF-8" ?>

<yelp_reviews_1.1>
<TEXT><![CDATA[I love Yelp cause I can share my many experiences with you and the world. So today, in desperate need of a margarita, I decided to stop here with a couple of friends for a pitcher and some guacamole. After a few margaritas, I found their "healthy" menu and decided to order their  "vegan" veggie burrito. Problem was there was nothing vegan about it. After several bites of the burrito, I found a large piece of burnt steak inside. NASTY! If that wasn't enough, after consuming nearly half of the black beans it was served with, I found pieces of pork in the beans. That explains why they were so salty. I presented all of this to the manager who was kind enough to take most of everything, minus the booze, off of the bill. Revolting.]]></TEXT>
<TAGS>
<FOOD id="F0" spans="497~508" text="black beans"  />
<FOOD id="F1" spans="281~303" text="&quot;vegan&quot; veggie burrito"  />
<FOOD id="F2" spans="547~551" text="pork"  />
<FOOD id="F3" spans="559~564" text="beans"  />
<FOOD id="F4" spans="378~385" text="burrito"  />
<FOOD id="F5" spans="418~423" text="steak"  />
<ANAPHORA id="A0" spans="347~349" text="it"  />
<ANAPHORA id="A1" spans="584~588" text="they"  />
<QUALITY id="Q0" spans="594~602" text="so salty" type="negative" />
<QUALITY id="Q1" spans="412~417" text="burnt" type="negative" />
<QUALITY id="Q2" spans="432~437" text="NASTY" type="negative" />
<QUALITY id="Q3" spans="327~349" text="nothing vegan about it" type="negative" />
<PART_OF id="P0" fromID="F0" fromText="black beans" toID="F4" toText="burrito" />
<PART_OF id="P2" fromID="F2" fromText="pork" toID="F3" toText="beans" />
<OPINION id="O0" fromID="Q1" fromText="burnt" toID="F5" toText="steak" relationship="explicit" />
<OPINION id="O2" fromID="Q3" fromText="nothing vegan about it" toID="F1" toText="&quot;vegan&quot; veggie burrito" relationship="explicit" />
<OPINION id="O3" fromID="Q0" fromText="so salty" toID="A1" toText="they" relationship="explicit" />
<COREFERENCE id="C0" fromID="A1" fromText="they" toID="F3" toText="beans" />
<COREFERENCE id="C1" fromID="A0" fromText="it" toID="F1" toText="&quot;vegan&quot; veggie burrito" />
<COREFERENCE id="C2" fromID="A0" fromText="it" toID="F1" toText="&quot;vegan&quot; veggie burrito" />
<COREFERENCE id="C3" fromID="F3" fromText="beans" toID="F0" toText="black beans" />
</TAGS>
</yelp_reviews_1.1>