<?xml version="1.0" encoding="UTF-8" ?>

<yelp_reviews_1.1>
<TEXT><![CDATA[I grew up eating at this place, going back to the days when it was on the corner of 16th and Bethany in the spot where TexAz is today.  I would say that this place is very dependable.  The food is solid, and it's a steal.  I had a machaca burro enchilada style with an iced tea, and it set me back about $10.  It is a real Phoenix institution.]]></TEXT>
<TAGS>
<FOOD id="F0" spans="231~260" text="machaca burro enchilada style"  />
<FOOD id="F1" spans="269~277" text="iced tea"  />
<ANAPHORA id="A0" spans="283~285" text="it"  />
<QUALITY id="Q0" spans="286~307" text="set me back about $10" type="positive" />
<OPINION id="O0" fromID="Q0" fromText="set me back about $10" toID="A0" toText="it" relationship="implicit" />
<COREFERENCE id="C0" fromID="A0" fromText="it" toID="F0" toText="machaca burro enchilada style" />
<COREFERENCE id="C1" fromID="A0" fromText="it" toID="F1" toText="iced tea" />
</TAGS>
</yelp_reviews_1.1>