<?xml version="1.0" encoding="UTF-8" ?>

<yelp_reviews_1.1>
<TEXT><![CDATA[A family tradition the past 6 years. My favorite is the Carlos Carnitas Dinner. My wife likes the Little Bit of everything Plate. They have Happy Hour as well and the prices are reasonable.]]></TEXT>
<TAGS>
<FOOD id="F0" spans="56~78" text="Carlos Carnitas Dinner"  />
<FOOD id="F1" spans="98~128" text="Little Bit of everything Plate"  />
<QUALITY id="Q0" spans="37~48" text="My favorite" type="positive" />
<QUALITY id="Q1" spans="80~93" text="My wife likes" type="positive" />
<OPINION id="O0" fromID="Q0" fromText="My favorite" toID="F0" toText="Carlos Carnitas Dinner" relationship="explicit" />
<OPINION id="O1" fromID="Q1" fromText="My wife likes" toID="F1" toText="Little Bit of everything Plate" relationship="implicit" />
</TAGS>
</yelp_reviews_1.1>