<?xml version="1.0" encoding="UTF-8" ?>

<yelp_reviews_1.1>
<TEXT><![CDATA[Carlos O'Brien's serves up large portions and offers your standard Mexican fare such as chimichangas, burros, tacos, and enchiladas.  They offer a few vegetarian options such as chile relleno and spinach enchiladas.  Chips and 2 types of salsa are served at the table prior to ordering.  The chips are very thin, and the mild salsa is very tomato based, while the hot salsa tastes a bit more authentic with a good robust chile flavor.  Feeling like I needed more greens in my diet, I opted for the spinach enchiladas for my dinner.

The enchiladas themselves tasted OK flavor-wise, but while I appreciate that they used fresh spinach, it wasn't cleaned very well and I would get mouthfuls of some grit occasionally when I chewed.  I tried some of the 3 way chimichanga, which tasted decent, but it was hard to find the green chili part of the chimichanga.  

Drinks were refilled promptly as needed, and service was generally good.]]></TEXT>
<TAGS>
<FOOD id="F0" spans="292~297" text="chips"  />
<FOOD id="F1" spans="321~331" text="mild salsa"  />
<FOOD id="F2" spans="364~373" text="hot salsa"  />
<FOOD id="F3" spans="498~516" text="spinach enchiladas"  />
<FOOD id="F4" spans="537~547" text="enchiladas"  />
<FOOD id="F5" spans="626~633" text="spinach"  />
<FOOD id="F6" spans="751~768" text="3 way chimichanga"  />
<FOOD id="F8" spans="843~854" text="chimichanga"  />
<ANAPHORA id="A0" spans="635~637" text="it"  />
<QUALITY id="Q0" spans="302~311" text="very thin" type="negative" />
<QUALITY id="Q1" spans="335~352" text="very tomato based" type="negative" />
<QUALITY id="Q2" spans="374~401" text="tastes a bit more authentic" type="positive" />
<QUALITY id="Q3" spans="407~433" text="a good robust chile flavor" type="positive" />
<QUALITY id="Q4" spans="559~580" text="tasted OK flavor-wise" type="neutral" />
<QUALITY id="Q5" spans="620~625" text="fresh" type="positive" />
<QUALITY id="Q6" spans="638~662" text="wasn&apos;t cleaned very well" type="negative" />
<QUALITY id="Q7" spans="667~728" text="I would get mouthfuls of some grit occasionally when I chewed" type="negative" />
<QUALITY id="Q8" spans="776~789" text="tasted decent" type="neutral" />
<QUALITY id="Q9" spans="795~854" text="it was hard to find the green chili part of the chimichanga" type="negative" />
<PART_OF id="P0" fromID="F5" fromText="spinach" toID="F4" toText="enchiladas" />
<OPINION id="O0" fromID="Q0" fromText="very thin" toID="F0" toText="chips" relationship="explicit" />
<OPINION id="O1" fromID="Q1" fromText="very tomato based" toID="F1" toText="mild salsa" relationship="implicit" />
<OPINION id="O2" fromID="Q2" fromText="tastes a bit more authentic" toID="F2" toText="hot salsa" relationship="explicit" />
<OPINION id="O3" fromID="Q3" fromText="a good robust chile flavor" toID="F2" toText="hot salsa" relationship="explicit" />
<OPINION id="O4" fromID="Q4" fromText="tasted OK flavor-wise" toID="F4" toText="enchiladas" relationship="explicit" />
<OPINION id="O5" fromID="Q5" fromText="fresh" toID="F5" toText="spinach" relationship="explicit" />
<OPINION id="O6" fromID="Q6" fromText="wasn&apos;t cleaned very well" toID="A0" toText="it" relationship="explicit" />
<OPINION id="O7" fromID="Q7" fromText="I would get mouthfuls of some grit occasionally when I chewed" toID="A0" toText="it" relationship="implicit" />
<OPINION id="O8" fromID="Q8" fromText="tasted decent" toID="F6" toText="3 way chimichanga" relationship="explicit" />
<OPINION id="O9" fromID="Q9" fromText="it was hard to find the green chili part of the chimichanga" toID="F8" toText="chimichanga" relationship="implicit" />
<COREFERENCE id="C0" fromID="A0" fromText="it" toID="F5" toText="spinach" />
</TAGS>
</yelp_reviews_1.1>