<?xml version="1.0" encoding="UTF-8" ?>

<yelp_reviews_1.1>
<TEXT><![CDATA[This is my favorite place! The salsa is great!  They are quick  and friendly and I've never had a problem!  My family and I have gone here for years.  The tamles and chimichangas are great.  The tacos are good but expensive.  The margaritas are great and cheap!]]></TEXT>
<TAGS>
<FOOD id="F0" spans="31~36" text="salsa"  />
<FOOD id="F1" spans="155~161" text="tamles"  />
<FOOD id="F2" spans="166~178" text="chimichangas"  />
<FOOD id="F3" spans="195~200" text="tacos"  />
<FOOD id="F4" spans="230~240" text="margaritas"  />
<QUALITY id="Q0" spans="40~45" text="great" type="positive" />
<QUALITY id="Q1" spans="183~188" text="great" type="positive" />
<QUALITY id="Q2" spans="214~223" text="expensive" type="negative" />
<QUALITY id="Q3" spans="205~209" text="good" type="positive" />
<QUALITY id="Q4" spans="245~250" text="great" type="positive" />
<QUALITY id="Q5" spans="255~260" text="cheap" type="positive" />
<OPINION id="O0" fromID="Q0" fromText="great" toID="F0" toText="salsa" relationship="explicit" />
<OPINION id="O1" fromID="Q1" fromText="great" toID="F1" toText="tamles" relationship="explicit" />
<OPINION id="O2" fromID="Q1" fromText="great" toID="F2" toText="chimichangas" relationship="explicit" />
<OPINION id="O3" fromID="Q3" fromText="good" toID="F3" toText="tacos" relationship="explicit" />
<OPINION id="O4" fromID="Q2" fromText="expensive" toID="F3" toText="tacos" relationship="explicit" />
<OPINION id="O5" fromID="Q4" fromText="great" toID="F4" toText="margaritas" relationship="explicit" />
<OPINION id="O6" fromID="Q5" fromText="cheap" toID="F4" toText="margaritas" relationship="explicit" />
</TAGS>
</yelp_reviews_1.1>