<?xml version="1.0" encoding="UTF-8" ?>

<yelp_reviews_1.1>
<TEXT><![CDATA[Some of the best Mexican food can be found in my old home town of Las Cruces, NM, so I am particular about it. While Carlos has their own style of food, there are a few dependable items which are wonderful. Their margaritas are excellent, the spicy bean dip is authentic, and the appetizer folded, shredded quesadillas are very, very good. The chips are pretty much bottomless and the dip is good. The spinach con queso dip, while good, is really an american thing and not so much mexican. The service is excellent. The mini tacos are also very good. But I long for Las Cruces food...]]></TEXT>
<TAGS>
<FOOD id="F0" spans="213~223" text="margaritas"  />
<FOOD id="F1" spans="243~257" text="spicy bean dip"  />
<FOOD id="F2" spans="402~423" text="spinach con queso dip"  />
<FOOD id="F3" spans="520~530" text="mini tacos"  />
<FOOD id="F4" spans="344~349" text="chips"  />
<FOOD id="F5" spans="290~318" text="folded, shredded quesadillas"  />
<FOOD id="F6" spans="385~388" text="dip"  />
<QUALITY id="Q0" spans="261~270" text="authentic" type="positive" />
<QUALITY id="Q1" spans="228~237" text="excellent" type="positive" />
<QUALITY id="Q2" spans="323~338" text="very, very good" type="positive" />
<QUALITY id="Q3" spans="354~376" text="pretty much bottomless" type="positive" />
<QUALITY id="Q4" spans="392~396" text="good" type="positive" />
<QUALITY id="Q5" spans="431~435" text="good" type="positive" />
<QUALITY id="Q6" spans="440~488" text="really an american thing and not so much mexican" type="neutral" />
<QUALITY id="Q7" spans="540~549" text="very good" type="positive" />
<OPINION id="O0" fromID="Q1" fromText="excellent" toID="F0" toText="margaritas" relationship="explicit" />
<OPINION id="O1" fromID="Q0" fromText="authentic" toID="F1" toText="spicy bean dip" relationship="explicit" />
<OPINION id="O2" fromID="Q2" fromText="very, very good" toID="F5" toText="folded, shredded quesadillas" relationship="explicit" />
<OPINION id="O3" fromID="Q3" fromText="pretty much bottomless" toID="F4" toText="chips" relationship="explicit" />
<OPINION id="O4" fromID="Q4" fromText="good" toID="F6" toText="dip" relationship="explicit" />
<OPINION id="O5" fromID="Q5" fromText="good" toID="F2" toText="spinach con queso dip" relationship="explicit" />
<OPINION id="O6" fromID="Q6" fromText="really an american thing and not so much mexican" toID="F2" toText="spinach con queso dip" relationship="implicit" />
<OPINION id="O7" fromID="Q7" fromText="very good" toID="F3" toText="mini tacos" relationship="explicit" />
</TAGS>
</yelp_reviews_1.1>