<?xml version="1.0" encoding="UTF-8" ?>

<yelp_reviews_1.1>
<TEXT><![CDATA[The food is always amazing! I recommend the botanas on the appetizer menu. It's enough to share with 4 people. I've been going here for many years and the food is always consistently great!]]></TEXT>
<TAGS>
<FOOD id="F0" spans="44~51" text="botanas"  />
<ANAPHORA id="A0" spans="75~77" text="It"  />
<QUALITY id="Q0" spans="28~39" text="I recommend" type="positive" />
<QUALITY id="Q1" spans="80~109" text="enough to share with 4 people" type="positive" />
<OPINION id="O0" fromID="Q0" fromText="I recommend" toID="F0" toText="botanas" relationship="implicit" />
<OPINION id="O1" fromID="Q1" fromText="enough to share with 4 people" toID="A0" toText="It" relationship="explicit" />
<COREFERENCE id="C0" fromID="A0" fromText="It" toID="F0" toText="botanas" />
</TAGS>
</yelp_reviews_1.1>