<?xml version="1.0" encoding="UTF-8" ?>

<yelp_reviews_1.1>
<TEXT><![CDATA[Just ate a delcious Mexican pizza here.  It's so yummy!]]></TEXT>
<TAGS>
<FOOD id="F0" spans="20~33" text="Mexican pizza"  />
<ANAPHORA id="A0" spans="41~43" text="It"  />
<QUALITY id="Q0" spans="46~54" text="so yummy" type="positive" />
<QUALITY id="Q1" spans="11~19" text="delcious" type="positive" />
<OPINION id="O0" fromID="Q1" fromText="delcious" toID="F0" toText="Mexican pizza" relationship="explicit" />
<OPINION id="O1" fromID="Q0" fromText="so yummy" toID="A0" toText="It" relationship="explicit" />
<COREFERENCE id="C0" fromID="A0" fromText="It" toID="F0" toText="Mexican pizza" />
</TAGS>
</yelp_reviews_1.1>