<?xml version="1.0" encoding="UTF-8" ?>

<yelp_reviews_1.1>
<TEXT><![CDATA[First off lets get the Mexican food subject tackled. There are a few types:
Senoran
New Mexico
Mexico City
Tex Mex
Fresh Mex(BLARF!)

I am an Arizona boy. I grew up eating americano senoran Mexican food. There is ABSOLUTELY nothing wrong with loving it. Is it real "Mexican food" who's to say. Do I appreciate other styles of Mexican food? Hell yes I do! Tex and Fresh being the lest of my favorites.

When I got to Mexico I don't go looking for a cheese crisp and a shredded beef taco. I go looking for hangover cure menudo. I go looking for brain exploding chicken mole. I celebrate Mexican food in all of its delicious forms!

So now that we have that out of the way.

Carlos O'Briens... This is a perfect example of americano senoran style Mexican food. I love this stuff.. I crave this stuff.. I have a Mexican food fuel gauge that must be filled when it hits empty.

You cannot go wrong with the classics here.

Cheese Crisp: One of the best in town.

Guacamole: This is what quac should be. Its not 50% tomatoes. Its pretty much avocado, lime, salt, garlic, cilantro, some chilies. It is amazing and I feel is only topped by what I make at home which is the same style.

Shredded Beef Taco: Again how it should be. The beef is stuffed into the taco THEN deep fried so you get those delicious crispy fried beefs ends in the taco. It is then piled with delicious Mexican cheese blend.. real cheese..

Red Enchilada Sauce: This stuff is great.. Your enchilada will come swiming in it again covered in cheese which is salamandered. When that cheese grease mates with the enchilada sauce.. Mmmmmm happy place.

Rolled Tacos: Both the beef and chicken are good.. Again filled then deep fried and covered in a huge glob of quac and cheese.


Favorite Meal:
#1 Combo (comes on two plates because its thats big!) Shredded Beef Taco, Cheese Enchilada, Rice, Beans
Cheese Crisp with guacamole. Ask for it WITH guacamole. You will get WAY more on it then if you order a side and its actually cheaper. If its to much scoop it onto a plate and enjoy it on some chips.


Bottom Line...

You will leave without a gaping hole in your wallet. You will leave with a very full stomach. The service will be acceptable. You will be happy. They also have great lunch specials here. They raised them a bit but its still a good deal.

Also.. do yourself a favor and stick to the northern location. The owner pretty much lives there and the quality is just better. When he isn't there they have a very trusted manager who has also been there forever and takes great care of the place.]]></TEXT>
<TAGS>
<FOOD id="F0" spans="918~930" text="Cheese Crisp"  />
<FOOD id="F1" spans="958~967" text="Guacamole"  />
<FOOD id="F2" spans="1036~1043" text="avocado"  />
<FOOD id="F3" spans="1045~1049" text="lime"  />
<FOOD id="F4" spans="1051~1055" text="salt"  />
<FOOD id="F5" spans="1057~1063" text="garlic"  />
<FOOD id="F6" spans="1065~1073" text="cilantro"  />
<FOOD id="F7" spans="1080~1087" text="chilies"  />
<FOOD id="F8" spans="1178~1196" text="Shredded Beef Taco"  />
<FOOD id="F9" spans="1226~1230" text="beef"  />
<FOOD id="F11" spans="1312~1317" text="beefs"  />
<FOOD id="F12" spans="1368~1388" text="Mexican cheese blend"  />
<FOOD id="F13" spans="1406~1425" text="Red Enchilada Sauce"  />
<FOOD id="F14" spans="1454~1463" text="enchilada"  />
<FOOD id="F15" spans="1505~1511" text="cheese"  />
<FOOD id="F16" spans="1613~1625" text="Rolled Tacos"  />
<FOOD id="F17" spans="1636~1640" text="beef"  />
<FOOD id="F18" spans="1645~1652" text="chicken"  />
<FOOD id="F19" spans="1723~1727" text="quac"  />
<FOOD id="F20" spans="1732~1738" text="cheese"  />
<FOOD id="F21" spans="1757~1765" text="#1 Combo"  />
<FOOD id="F22" spans="1811~1829" text="Shredded Beef Taco"  />
<FOOD id="F23" spans="1831~1847" text="Cheese Enchilada"  />
<FOOD id="F24" spans="1849~1853" text="Rice"  />
<FOOD id="F25" spans="1855~1860" text="Beans"  />
<FOOD id="F26" spans="1861~1873" text="Cheese Crisp"  />
<FOOD id="F27" spans="1879~1888" text="guacamole"  />
<FOOD id="F28" spans="1906~1915" text="guacamole"  />
<FOOD id="F29" spans="1330~1334" text="taco"  />
<FOOD id="F30" spans="1251~1255" text="taco"  />
<ANAPHORA id="A1" spans="969~973" text="This"  />
<ANAPHORA id="A2" spans="998~1000" text="It"  />
<ANAPHORA id="A3" spans="1020~1022" text="It"  />
<ANAPHORA id="A4" spans="1089~1091" text="It"  />
<ANAPHORA id="A5" spans="1336~1338" text="It"  />
<ANAPHORA id="A6" spans="1427~1437" text="This stuff"  />
<ANAPHORA id="A7" spans="1485~1487" text="it"  />
<ANAPHORA id="A8" spans="1627~1631" text="Both"  />
<ANAPHORA id="A9" spans="1795~1797" text="it"  />
<ANAPHORA id="A10" spans="1898~1900" text="it"  />
<ANAPHORA id="A11" spans="1942~1944" text="it"  />
<ANAPHORA id="A12" spans="1974~1976" text="it"  />
<ANAPHORA id="A13" spans="2043~2045" text="it"  />
<ANAPHORA id="A14" spans="1208~1210" text="it"  />
<QUALITY id="Q0" spans="1024~1087" text="pretty much avocado, lime, salt, garlic, cilantro, some chilies" type="positive" />
<QUALITY id="Q1" spans="1391~1402" text="real cheese" type="positive" />
<QUALITY id="Q2" spans="1494~1533" text="covered in cheese which is salamandered" type="neutral" />
<QUALITY id="Q3" spans="969~996" text="This is what quac should be" type="neutral" />
<QUALITY id="Q4" spans="932~955" text="One of the best in town" type="positive" />
<QUALITY id="Q5" spans="1002~1018" text="not 50% tomatoes" type="positive" />
<QUALITY id="Q6" spans="1095~1102" text="amazing" type="positive" />
<QUALITY id="Q7" spans="1117~1151" text="only topped by what I make at home" type="positive" />
<QUALITY id="Q8" spans="1767~1786" text="comes on two plates" type="positive" />
<QUALITY id="Q9" spans="1799~1808" text="thats big" type="positive" />
<QUALITY id="Q10" spans="1890~1905" text="Ask for it WITH" type="positive" />
<QUALITY id="Q11" spans="1204~1207,1211~1220" text="how ... should be" type="positive" />
<QUALITY id="Q12" spans="1234~1255" text="stuffed into the taco" type="positive" />
<QUALITY id="Q13" spans="1358~1367" text="delicious" type="positive" />
<QUALITY id="Q14" spans="1261~1271" text="deep fried" type="neutral" />
<QUALITY id="Q15" spans="1289~1298" text="delicious" type="positive" />
<QUALITY id="Q16" spans="1299~1305" text="crispy" type="positive" />
<QUALITY id="Q17" spans="1441~1446" text="great" type="positive" />
<QUALITY id="Q18" spans="1474~1487" text="swiming in it" type="positive" />
<QUALITY id="Q19" spans="1535~1610" text="When that cheese grease mates with the enchilada sauce.. Mmmmmm happy place" type="positive" />
<QUALITY id="Q20" spans="1657~1661" text="good" type="positive" />
<QUALITY id="Q21" spans="1697~1738" text="covered in a huge glob of quac and cheese" type="positive" />
<QUALITY id="Q22" spans="1682~1692" text="deep fried" type="neutral" />
<QUALITY id="Q23" spans="1917~1938,1945~1994" text="You will get WAY more ... then if you order a side and its actually cheaper" type="neutral" />
<PART_OF id="P0" fromID="F2" fromText="avocado" toID="A3" toText="It" />
<PART_OF id="P1" fromID="F3" fromText="lime" toID="A3" toText="It" />
<PART_OF id="P2" fromID="F4" fromText="salt" toID="A3" toText="It" />
<PART_OF id="P3" fromID="F5" fromText="garlic" toID="A3" toText="It" />
<PART_OF id="P4" fromID="F6" fromText="cilantro" toID="A3" toText="It" />
<PART_OF id="P5" fromID="F7" fromText="chilies" toID="A3" toText="It" />
<PART_OF id="P7" fromID="F9" fromText="beef" toID="F30" toText="taco" />
<PART_OF id="P8" fromID="F12" fromText="Mexican cheese blend" toID="A5" toText="It" />
<PART_OF id="P9" fromID="F11" fromText="beefs" toID="F29" toText="taco" />
<PART_OF id="P10" fromID="A7" fromText="it" toID="F14" toText="enchilada" />
<PART_OF id="P11" fromID="F17" fromText="beef" toID="A8" toText="Both" />
<PART_OF id="P12" fromID="F18" fromText="chicken" toID="A8" toText="Both" />
<PART_OF id="P13" fromID="F20" fromText="cheese" toID="A8" toText="Both" />
<PART_OF id="P14" fromID="F19" fromText="quac" toID="A8" toText="Both" />
<PART_OF id="P15" fromID="F22" fromText="Shredded Beef Taco" toID="F21" toText="#1 Combo" />
<PART_OF id="P16" fromID="F23" fromText="Cheese Enchilada" toID="F21" toText="#1 Combo" />
<PART_OF id="P17" fromID="F24" fromText="Rice" toID="F21" toText="#1 Combo" />
<PART_OF id="P18" fromID="F25" fromText="Beans" toID="F21" toText="#1 Combo" />
<PART_OF id="P19" fromID="F27" fromText="guacamole" toID="F26" toText="Cheese Crisp" />
<PART_OF id="P20" fromID="F28" fromText="guacamole" toID="A10" toText="it" />
<PART_OF id="P21" fromID="F15" fromText="cheese" toID="F14" toText="enchilada" />
<COREFERENCE id="C0" fromID="A8" fromText="Both" toID="F16" toText="Rolled Tacos" />
<COREFERENCE id="C1" fromID="A3" fromText="It" toID="F1" toText="Guacamole" />
<COREFERENCE id="C2" fromID="A5" fromText="It" toID="F8" toText="Shredded Beef Taco" />
<COREFERENCE id="C3" fromID="A6" fromText="This stuff" toID="F13" toText="Red Enchilada Sauce" />
<COREFERENCE id="C4" fromID="A9" fromText="it" toID="F21" toText="#1 Combo" />
<COREFERENCE id="C5" fromID="A10" fromText="it" toID="F26" toText="Cheese Crisp" />
<COREFERENCE id="C6" fromID="A11" fromText="it" toID="F26" toText="Cheese Crisp" />
<COREFERENCE id="C7" fromID="A12" fromText="it" toID="F26" toText="Cheese Crisp" />
<COREFERENCE id="C8" fromID="A13" fromText="it" toID="F26" toText="Cheese Crisp" />
<COREFERENCE id="C9" fromID="A7" fromText="it" toID="F13" toText="Red Enchilada Sauce" />
</TAGS>
</yelp_reviews_1.1>