<?xml version="1.0" encoding="UTF-8" ?>

<yelp_reviews_1.1>
<TEXT><![CDATA[First. How many damn doors is there to enter into this place? I saw people standing at one side, I saw a couple more on the other side. But I was closer to another so went in there, praying the door was unlocked the whole time walking up. I stood there for a few minutes waiting to be seated. Well waiting, I noticed that it was different levels, not just one main floor. Bar was in the middle seperated. Seating was up and down for people who didn't want to sit on the bar. Good to know since my mom would have difficulty with any stairs.

Next to the bathroom there are those free nieghborhood weekly papers, so I grabbed some of those.

When the girl finally appeared and seated me chips and two salsa's showed up fairly quickly. The chunky salsa was too salty for me. And the smaller salsa was pretty good. By mixing both actually improved it.

I ordered the pollo fundido. My favorite part? The sides of cheese that were "burnt". Not sure if they threw the plate in the oven for awhile after palting it, but the crunchy part of the cheese was delicous, with the jalapeno cream cheese -yum! It was filled with chicken and not bad. You had the choice of black beans or refried with spanish rice. I got the refried since I already knew I was only going to eat a bite or two. The spanish rice had been sitting all day. You can tell because it was clumpy - yuck!

The waitor was attentive and courteous. The meal was about $13.00 bucks.]]></TEXT>
<TAGS>
<FOOD id="F0" spans="780~793" text="smaller salsa"  />
<FOOD id="F1" spans="737~749" text="chunky salsa"  />
<FOOD id="F2" spans="909~915" text="cheese"  />
<FOOD id="F3" spans="863~876" text="pollo fundido"  />
<FOOD id="F4" spans="1037~1043" text="cheese"  />
<FOOD id="F5" spans="1067~1088" text="jalapeno cream cheese"  />
<FOOD id="F6" spans="1114~1121" text="chicken"  />
<FOOD id="F7" spans="1281~1293" text="spanish rice"  />
<FOOD id="F8" spans="1172~1197" text="refried with spanish rice"  />
<ANAPHORA id="A0" spans="1095~1097" text="It"  />
<ANAPHORA id="A1" spans="1341~1343" text="it"  />
<QUALITY id="Q0" spans="798~809" text="pretty good" type="positive" />
<QUALITY id="Q1" spans="754~763" text="too salty" type="negative" />
<QUALITY id="Q2" spans="878~894" text="My favorite part" type="positive" />
<QUALITY id="Q3" spans="926~933" text="&quot;burnt&quot;" type="neutral" />
<QUALITY id="Q4" spans="1048~1056" text="delicous" type="positive" />
<QUALITY id="Q5" spans="1090~1093" text="yum" type="positive" />
<QUALITY id="Q6" spans="1102~1121" text="filled with chicken" type="neutral" />
<QUALITY id="Q7" spans="1126~1133" text="not bad" type="neutral" />
<QUALITY id="Q8" spans="1017~1024" text="crunchy" type="positive" />
<QUALITY id="Q9" spans="1348~1354" text="clumpy" type="negative" />
<QUALITY id="Q10" spans="1357~1361" text="yuck" type="negative" />
<QUALITY id="Q11" spans="1294~1318" text="had been sitting all day" type="negative" />
<PART_OF id="P0" fromID="F2" fromText="cheese" toID="F3" toText="pollo fundido" />
<PART_OF id="P1" fromID="F6" fromText="chicken" toID="A0" toText="It" />
<PART_OF id="P2" fromID="F7" fromText="spanish rice" toID="F8" toText="refried with spanish rice" />
<OPINION id="O0" fromID="Q1" fromText="too salty" toID="F1" toText="chunky salsa" relationship="explicit" />
<OPINION id="O1" fromID="Q0" fromText="pretty good" toID="F0" toText="smaller salsa" relationship="explicit" />
<OPINION id="O2" fromID="Q2" fromText="My favorite part" toID="F2" toText="cheese" relationship="explicit" />
<OPINION id="O3" fromID="Q3" fromText="&quot;burnt&quot;" toID="F2" toText="cheese" relationship="implicit" />
<OPINION id="O4" fromID="Q8" fromText="crunchy" toID="F4" toText="cheese" relationship="explicit" />
<OPINION id="O5" fromID="Q4" fromText="delicous" toID="F4" toText="cheese" relationship="explicit" />
<OPINION id="O6" fromID="Q5" fromText="yum" toID="F5" toText="jalapeno cream cheese" relationship="explicit" />
<OPINION id="O7" fromID="Q7" fromText="not bad" toID="A0" toText="It" relationship="explicit" />
<OPINION id="O8" fromID="Q6" fromText="filled with chicken" toID="A0" toText="It" relationship="explicit" />
<OPINION id="O9" fromID="Q9" fromText="clumpy" toID="A1" toText="it" relationship="explicit" />
<OPINION id="O10" fromID="Q10" fromText="yuck" toID="A1" toText="it" relationship="implicit" />
<OPINION id="O11" fromID="Q11" fromText="had been sitting all day" toID="F7" toText="spanish rice" relationship="implicit" />
<COREFERENCE id="C0" fromID="A0" fromText="It" toID="F3" toText="pollo fundido" />
<COREFERENCE id="C1" fromID="F4" fromText="cheese" toID="F2" toText="cheese" />
<COREFERENCE id="C2" fromID="A1" fromText="it" toID="F7" toText="spanish rice" />
</TAGS>
</yelp_reviews_1.1>