<?xml version="1.0" encoding="UTF-8" ?>

<yelp_reviews_1.1>
<TEXT><![CDATA[This is an old Phoenix stand by and the portions are huge. I have been ordering the machaca chimi for at least 30 years, it's still wonderful.  The tacos are still the best in Phoenix because they are filled with so much meat, cheese, lettuce and tomatoes. 
My favorite menu item is still the chili conqueso. Don't fill up on chips without ordering some.]]></TEXT>
<TAGS>
<FOOD id="F0" spans="84~97" text="machaca chimi"  />
<FOOD id="F1" spans="148~153" text="tacos"  />
<FOOD id="F2" spans="227~233" text="cheese"  />
<FOOD id="F3" spans="235~242" text="lettuce"  />
<FOOD id="F4" spans="247~255" text="tomatoes"  />
<FOOD id="F5" spans="293~307" text="chili conqueso"  />
<FOOD id="F6" spans="326~331" text="chips"  />
<FOOD id="F7" spans="221~225" text="meat"  />
<ANAPHORA id="A0" spans="192~196" text="they"  />
<ANAPHORA id="A1" spans="121~123" text="it"  />
<ANAPHORA id="A2" spans="349~353" text="some"  />
<QUALITY id="Q0" spans="201~255" text="filled with so much meat, cheese, lettuce and tomatoes" type="positive" />
<QUALITY id="Q1" spans="59~79,98~119" text="I have been ordering ... for at least 30 years" type="positive" />
<QUALITY id="Q2" spans="126~141" text="still wonderful" type="positive" />
<QUALITY id="Q3" spans="158~183" text="still the best in Phoenix" type="positive" />
<QUALITY id="Q4" spans="258~279" text="My favorite menu item" type="positive" />
<QUALITY id="Q5" spans="309~348" text="Don&apos;t fill up on chips without ordering" type="positive" />
<PART_OF id="P0" fromID="F7" fromText="meat" toID="A0" toText="they" />
<PART_OF id="P1" fromID="F2" fromText="cheese" toID="A0" toText="they" />
<PART_OF id="P2" fromID="F3" fromText="lettuce" toID="A0" toText="they" />
<PART_OF id="P3" fromID="F4" fromText="tomatoes" toID="A0" toText="they" />
<OPINION id="O0" fromID="Q1" fromText="I have been ordering ... for at least 30 years" toID="F0" toText="machaca chimi" relationship="implicit" />
<OPINION id="O1" fromID="Q2" fromText="still wonderful" toID="A1" toText="it" relationship="explicit" />
<OPINION id="O2" fromID="Q3" fromText="still the best in Phoenix" toID="F1" toText="tacos" relationship="explicit" />
<OPINION id="O3" fromID="Q0" fromText="filled with so much meat, cheese, lettuce and tomatoes" toID="A0" toText="they" relationship="implicit" />
<OPINION id="O4" fromID="Q4" fromText="My favorite menu item" toID="F5" toText="chili conqueso" relationship="explicit" />
<OPINION id="O5" fromID="Q5" fromText="Don&apos;t fill up on chips without ordering" toID="A2" toText="some" relationship="implicit" />
<COREFERENCE id="C0" fromID="A0" fromText="they" toID="F1" toText="tacos" />
<COREFERENCE id="C1" fromID="A1" fromText="it" toID="F0" toText="machaca chimi" />
<COREFERENCE id="C2" fromID="A2" fromText="some" toID="F5" toText="chili conqueso" />
</TAGS>
</yelp_reviews_1.1>