<?xml version="1.0" encoding="UTF-8" ?>

<yelp_reviews_1.1>
<TEXT><![CDATA[I have been a Carlos'Briens fan for many years and having not been there for a while my better half and I decided to grab a quick bite at the bar last night. I really have nothing good to say about any part of our visit. Having been in the restaurant business myself I can be pretty forgiving when it is obvious that the place is understaffed and I am willing to be patient as long as it is acknowledged that I am sitting there waiting...instead we literally waited (at the bar) for 15 minutes without either one of the bartenders making so much as eye contact. I finally had to wave my arms before somebody said Hi. I was not the only one having this problem as both people to either side on me had been waiting longer than we had and a couple of the tables gave up and left. We finally placed our order of queso dip and a chimichanga with a bartender that was less than thrilled. The queso was really bad and chimi was mediocore at best. Nobody ever asked if there was an issue with the queso as the bowl was literally untouched. On the upside the chips and salsa are still good. We paid our tab and bailed. I made a quick stop to the restroom only to find it out of soap with the trashcan overflowing and paper towels all over the floor. All and all a very disappointing trip. Carlos O'Briens needs to make a serious effort to get their restaurant back to what it used to be.]]></TEXT>
<TAGS>
<FOOD id="F0" spans="808~817" text="queso dip"  />
<FOOD id="F1" spans="824~835" text="chimichanga"  />
<FOOD id="F2" spans="886~891" text="queso"  />
<FOOD id="F3" spans="911~916" text="chimi"  />
<FOOD id="F5" spans="1050~1065" text="chips and salsa"  />
<FOOD id="F6" spans="989~994" text="queso"  />
<ANAPHORA id="A0" spans="998~1006" text="the bowl"  />
<QUALITY id="Q0" spans="1011~1030" text="literally untouched" type="negative" />
<QUALITY id="Q1" spans="896~906" text="really bad" type="negative" />
<QUALITY id="Q2" spans="921~938" text="mediocore at best" type="negative" />
<QUALITY id="Q3" spans="1070~1080" text="still good" type="positive" />
<OPINION id="O0" fromID="Q1" fromText="really bad" toID="F2" toText="queso" relationship="explicit" />
<OPINION id="O1" fromID="Q2" fromText="mediocore at best" toID="F3" toText="chimi" relationship="explicit" />
<OPINION id="O2" fromID="Q3" fromText="still good" toID="F5" toText="chips and salsa" relationship="explicit" />
<COREFERENCE id="C0" fromID="A0" fromText="the bowl" toID="F6" toText="queso" />
<COREFERENCE id="C2" fromID="F2" fromText="queso" toID="F0" toText="queso dip" />
<COREFERENCE id="C3" fromID="F3" fromText="chimi" toID="F1" toText="chimichanga" />
<COREFERENCE id="C4" fromID="F6" fromText="queso" toID="F2" toText="queso" />
</TAGS>
</yelp_reviews_1.1>