<?xml version="1.0" encoding="UTF-8" ?>

<yelp_reviews_1.1>
<TEXT><![CDATA[The chips and salsa were the best part of the meal.  The service was good, but the food lacked flavor and was quite bland.  My steak fajitas and the peppers and onions that came with them were not flavorful at all.  The re fried beans were overcooked and were simply bad.  The queso app was OK, but nothing special.  With all the choices in central Phoenix, I will be going elsewhere for my Mexican fix.]]></TEXT>
<TAGS>
<FOOD id="F0" spans="4~19" text="chips and salsa"  />
<FOOD id="F2" spans="277~282" text="queso"  />
<FOOD id="F3" spans="127~140" text="steak fajitas"  />
<FOOD id="F4" spans="149~156" text="peppers"  />
<FOOD id="F5" spans="161~167" text="onions"  />
<FOOD id="F6" spans="229~234" text="beans"  />
<ANAPHORA id="A0" spans="183~187" text="them"  />
<QUALITY id="Q0" spans="25~50" text="the best part of the meal" type="positive" />
<QUALITY id="Q1" spans="193~213" text="not flavorful at all" type="negative" />
<QUALITY id="Q2" spans="240~250" text="overcooked" type="negative" />
<QUALITY id="Q3" spans="260~270" text="simply bad" type="negative" />
<QUALITY id="Q4" spans="291~293" text="OK" type="neutral" />
<QUALITY id="Q5" spans="299~314" text="nothing special" type="neutral" />
<PART_OF id="P0" fromID="F4" fromText="peppers" toID="A0" toText="them" />
<PART_OF id="P1" fromID="F5" fromText="onions" toID="A0" toText="them" />
<OPINION id="O0" fromID="Q0" fromText="the best part of the meal" toID="F0" toText="chips and salsa" relationship="implicit" />
<OPINION id="O1" fromID="Q1" fromText="not flavorful at all" toID="F3" toText="steak fajitas" relationship="explicit" />
<OPINION id="O2" fromID="Q1" fromText="not flavorful at all" toID="F4" toText="peppers" relationship="explicit" />
<OPINION id="O3" fromID="Q1" fromText="not flavorful at all" toID="F5" toText="onions" relationship="explicit" />
<OPINION id="O4" fromID="Q2" fromText="overcooked" toID="F6" toText="beans" relationship="explicit" />
<OPINION id="O5" fromID="Q3" fromText="simply bad" toID="F6" toText="beans" relationship="explicit" />
<OPINION id="O6" fromID="Q4" fromText="OK" toID="F2" toText="queso" relationship="explicit" />
<OPINION id="O7" fromID="Q5" fromText="nothing special" toID="F2" toText="queso" relationship="explicit" />
<COREFERENCE id="C0" fromID="A0" fromText="them" toID="F3" toText="steak fajitas" />
</TAGS>
</yelp_reviews_1.1>