<?xml version="1.0" encoding="UTF-8" ?>

<yelp_reviews_1.1>
<TEXT><![CDATA[Well to say the least the place is dated 80's 90's look. It has a dirty feel to it. As for food... The chips they brought us tasted bland and were t my favorite. The spinach enchiladas was palatable but nothing to write him about. My partner had the Pollo fondido was dry inside and wasn't  fried long enough either as it was mushy.   We won't be back again as there are many other Mexican places that are much better.]]></TEXT>
<TAGS>
<FOOD id="F0" spans="103~108" text="chips"  />
<FOOD id="F1" spans="166~184" text="spinach enchiladas"  />
<FOOD id="F2" spans="250~263" text="Pollo fondido"  />
<ANAPHORA id="A0" spans="319~321" text="it"  />
<QUALITY id="Q0" spans="125~137" text="tasted bland" type="negative" />
<QUALITY id="Q1" spans="189~198" text="palatable" type="neutral" />
<QUALITY id="Q2" spans="203~229" text="nothing to write him about" type="negative" />
<QUALITY id="Q3" spans="268~278" text="dry inside" type="negative" />
<QUALITY id="Q4" spans="283~308" text="wasn&apos;t  fried long enough" type="negative" />
<QUALITY id="Q5" spans="326~331" text="mushy" type="negative" />
<OPINION id="O0" fromID="Q0" fromText="tasted bland" toID="F0" toText="chips" relationship="explicit" />
<OPINION id="O1" fromID="Q1" fromText="palatable" toID="F1" toText="spinach enchiladas" relationship="explicit" />
<OPINION id="O2" fromID="Q2" fromText="nothing to write him about" toID="F1" toText="spinach enchiladas" relationship="explicit" />
<OPINION id="O3" fromID="Q3" fromText="dry inside" toID="F2" toText="Pollo fondido" relationship="explicit" />
<OPINION id="O4" fromID="Q4" fromText="wasn&apos;t  fried long enough" toID="F2" toText="Pollo fondido" relationship="explicit" />
<OPINION id="O5" fromID="Q5" fromText="mushy" toID="A0" toText="it" relationship="explicit" />
<COREFERENCE id="C0" fromID="A0" fromText="it" toID="F2" toText="Pollo fondido" />
</TAGS>
</yelp_reviews_1.1>