<?xml version="1.0" encoding="UTF-8" ?>

<yelp_reviews_1.1>
<TEXT><![CDATA[Ok, so I grew up with Carlos O'Brien (the one in N Scottsdale), So I am certainly biased about the food here. I like it, it's nothing special, it's nothing amazing, it definitely isn't authentic, but it reminds me of my childhood. This was my first visit to this location and it was as good or better than the other location. I had a cheese crisp, and it came out waaay underdone...I sent it back (which I rarely do), but they threw it back in the oven and it came out crispy and tasty. The service was good and this location is HUGE. Anyway, I would go back for 'Arizona' Mexican food.]]></TEXT>
<TAGS>
<FOOD id="F0" spans="334~346" text="cheese crisp"  />
<ANAPHORA id="A0" spans="352~354" text="it"  />
<ANAPHORA id="A1" spans="389~391" text="it"  />
<ANAPHORA id="A2" spans="433~435" text="it"  />
<ANAPHORA id="A3" spans="457~459" text="it"  />
<QUALITY id="Q0" spans="364~379" text="waaay underdone" type="negative" />
<QUALITY id="Q1" spans="469~475" text="crispy" type="positive" />
<QUALITY id="Q2" spans="480~485" text="tasty" type="positive" />
<OPINION id="O0" fromID="Q0" fromText="waaay underdone" toID="A0" toText="it" relationship="explicit" />
<OPINION id="O1" fromID="Q1" fromText="crispy" toID="A3" toText="it" relationship="explicit" />
<OPINION id="O2" fromID="Q2" fromText="tasty" toID="A3" toText="it" relationship="explicit" />
<COREFERENCE id="C0" fromID="A1" fromText="it" toID="A0" toText="it" />
<COREFERENCE id="C1" fromID="A3" fromText="it" toID="A2" toText="it" />
<COREFERENCE id="C2" fromID="A0" fromText="it" toID="F0" toText="cheese crisp" />
<COREFERENCE id="C4" fromID="A2" fromText="it" toID="A1" toText="it" />
</TAGS>
</yelp_reviews_1.1>