<?xml version="1.0" encoding="UTF-8" ?>

<yelp_reviews_1.1>
<TEXT><![CDATA[Been going there, since I was a kid! Still a great place to gather, large parties of 8 or more never seem to be a problem. The Irish Mexican pops out a mean cheese crisp! And they even have wheat tortilla's! Foods fresh, place is clean, service is great, & the tacos ROCK, but for a kick, my fav. is the green chili burros done enchie style!! Race on over.]]></TEXT>
<TAGS>
<FOOD id="F0" spans="157~169" text="cheese crisp"  />
<FOOD id="F1" spans="261~266" text="tacos"  />
<FOOD id="F2" spans="304~340" text="green chili burros done enchie style"  />
<QUALITY id="Q0" spans="152~156" text="mean" type="positive" />
<QUALITY id="Q1" spans="267~271" text="ROCK" type="positive" />
<QUALITY id="Q2" spans="289~295" text="my fav" type="positive" />
<OPINION id="O0" fromID="Q0" fromText="mean" toID="F0" toText="cheese crisp" relationship="explicit" />
<OPINION id="O1" fromID="Q1" fromText="ROCK" toID="F1" toText="tacos" relationship="explicit" />
<OPINION id="O2" fromID="Q2" fromText="my fav" toID="F2" toText="green chili burros done enchie style" relationship="explicit" />
</TAGS>
</yelp_reviews_1.1>