<?xml version="1.0" encoding="UTF-8" ?>

<yelp_reviews_1.1>
<TEXT><![CDATA[this is a great mexican restaurant. i've been going to carlos obriens since 1985. the portions are large and oozing with cheese and sauce. i don't eat rice or beans and with the large enchiladas and tacos, you don't need them. you can easily fill up with just the enchiladas & tacos. everything has alot of cheese and sauce, covering the whole plate. the chimi's are huge. fantastic chips. they do have a nice bar with plasmas and you get free chips and salsa  whether you're there to dine or drink. the service has always been good. this is a large, good restaurant. they do have a happy hour in the bar. you can call ahead and order food and they give you plenty of sauces with your to go order.]]></TEXT>
<TAGS>
<FOOD id="F0" spans="264~274" text="enchiladas"  />
<FOOD id="F1" spans="184~194" text="enchiladas"  />
<FOOD id="F2" spans="199~204" text="tacos"  />
<FOOD id="F3" spans="277~282" text="tacos"  />
<FOOD id="F4" spans="355~362" text="chimi&apos;s"  />
<FOOD id="F5" spans="383~388" text="chips"  />
<FOOD id="F6" spans="307~313" text="cheese"  />
<FOOD id="F7" spans="318~323" text="sauce"  />
<FOOD id="F8" spans="151~155" text="rice"  />
<FOOD id="F9" spans="159~164" text="beans"  />
<ANAPHORA id="A0" spans="221~225" text="them"  />
<QUALITY id="Q0" spans="227~249" text="you can easily fill up" type="positive" />
<QUALITY id="Q1" spans="373~382" text="fantastic" type="positive" />
<QUALITY id="Q2" spans="367~371" text="huge" type="positive" />
<QUALITY id="Q3" spans="178~183" text="large" type="positive" />
<QUALITY id="Q4" spans="325~349" text="covering the whole plate" type="positive" />
<OPINION id="O0" fromID="Q0" fromText="you can easily fill up" toID="F0" toText="enchiladas" relationship="implicit" />
<OPINION id="O1" fromID="Q0" fromText="you can easily fill up" toID="F3" toText="tacos" relationship="implicit" />
<OPINION id="O2" fromID="Q1" fromText="fantastic" toID="F5" toText="chips" relationship="explicit" />
<OPINION id="O3" fromID="Q2" fromText="huge" toID="F4" toText="chimi&apos;s" relationship="explicit" />
<OPINION id="O4" fromID="Q4" fromText="covering the whole plate" toID="F6" toText="cheese" relationship="implicit" />
<OPINION id="O5" fromID="Q4" fromText="covering the whole plate" toID="F7" toText="sauce" relationship="implicit" />
<COREFERENCE id="C0" fromID="A0" fromText="them" toID="F8" toText="rice" />
<COREFERENCE id="C1" fromID="A0" fromText="them" toID="F9" toText="beans" />
</TAGS>
</yelp_reviews_1.1>