<?xml version="1.0" encoding="UTF-8" ?>

<yelp_reviews_1.1>
<TEXT><![CDATA[Completely unsatisfied with the service and food. The chili queso is thick and clumpy. As for the food, it had no taste! Will not recommend this place or go back.]]></TEXT>
<TAGS>
<FOOD id="F0" spans="54~65" text="chili queso"  />
<QUALITY id="Q0" spans="79~85" text="clumpy" type="negative" />
<QUALITY id="Q1" spans="69~74" text="thick" type="negative" />
<OPINION id="O0" fromID="Q0" fromText="clumpy" toID="F0" toText="chili queso" relationship="explicit" />
<OPINION id="O1" fromID="Q1" fromText="thick" toID="F0" toText="chili queso" relationship="explicit" />
</TAGS>
</yelp_reviews_1.1>