<?xml version="1.0" encoding="UTF-8" ?>

<yelp_reviews_1.1>
<TEXT><![CDATA[I've been going to Carlos O'Brien's since I was a child. It's one of the finest mexican food establishments in the valley!

I admit that I am in a perpetual rut with regards to their dishes; I never eat anything but chimichangas!

However, my mother always has the pollo fundido, which I've also tried; it's AMAZING!

I love their salsa as well.

I've been going for 20 years, I'm not stopping any time soon!]]></TEXT>
<TAGS>
<FOOD id="F1" spans="216~228" text="chimichangas"  />
<FOOD id="F2" spans="265~278" text="pollo fundido"  />
<FOOD id="F3" spans="331~336" text="salsa"  />
<ANAPHORA id="A0" spans="303~305" text="it"  />
<QUALITY id="Q0" spans="191~215" text="I never eat anything but" type="positive" />
<QUALITY id="Q1" spans="240~260" text="my mother always has" type="positive" />
<QUALITY id="Q2" spans="308~315" text="AMAZING" type="positive" />
<QUALITY id="Q3" spans="318~324" text="I love" type="positive" />
<OPINION id="O0" fromID="Q0" fromText="I never eat anything but" toID="F1" toText="chimichangas" relationship="implicit" />
<OPINION id="O1" fromID="Q2" fromText="AMAZING" toID="A0" toText="it" relationship="explicit" />
<OPINION id="O2" fromID="Q1" fromText="my mother always has" toID="F2" toText="pollo fundido" relationship="implicit" />
<OPINION id="O3" fromID="Q3" fromText="I love" toID="F3" toText="salsa" relationship="explicit" />
<COREFERENCE id="C0" fromID="A0" fromText="it" toID="F2" toText="pollo fundido" />
</TAGS>
</yelp_reviews_1.1>