<?xml version="1.0" encoding="UTF-8" ?>

<yelp_reviews_1.1>
<TEXT><![CDATA[Tacos are stuffed to the max and they don't hold back on huge helpings of rice and beans. Jeannie loved her fish tacos.Service is great!  They have Maestro Dobel tequila...try it! Fyi...happy hour 3-7]]></TEXT>
<TAGS>
<FOOD id="F0" spans="0~5" text="Tacos"  />
<FOOD id="F1" spans="148~169" text="Maestro Dobel tequila"  />
<FOOD id="F2" spans="108~118" text="fish tacos"  />
<FOOD id="F3" spans="74~78" text="rice"  />
<FOOD id="F4" spans="83~88" text="beans"  />
<ANAPHORA id="A0" spans="176~178" text="it"  />
<QUALITY id="Q0" spans="33~88" text="they don&apos;t hold back on huge helpings of rice and beans" type="positive" />
<QUALITY id="Q1" spans="10~28" text="stuffed to the max" type="positive" />
<QUALITY id="Q2" spans="90~103" text="Jeannie loved" type="positive" />
<QUALITY id="Q3" spans="172~175" text="try" type="positive" />
<PART_OF id="P0" fromID="F3" fromText="rice" toID="F0" toText="Tacos" />
<PART_OF id="P1" fromID="F4" fromText="beans" toID="F0" toText="Tacos" />
<OPINION id="O0" fromID="Q1" fromText="stuffed to the max" toID="F0" toText="Tacos" relationship="explicit" />
<OPINION id="O1" fromID="Q0" fromText="they don&apos;t hold back on huge helpings of rice and beans" toID="F3" toText="rice" relationship="explicit" />
<OPINION id="O2" fromID="Q2" fromText="Jeannie loved" toID="F2" toText="fish tacos" relationship="explicit" />
<OPINION id="O3" fromID="Q3" fromText="try" toID="A0" toText="it" relationship="implicit" />
<COREFERENCE id="C0" fromID="A0" fromText="it" toID="F1" toText="Maestro Dobel tequila" />
</TAGS>
</yelp_reviews_1.1>