<?xml version="1.0" encoding="UTF-8" ?>

<yelp_reviews_1.1>
<TEXT><![CDATA[The fajitas were fantastic. We ordered the steak and shrimp and they were HUGE. Great portions. Fair price. I'll be back.]]></TEXT>
<TAGS>
<FOOD id="F0" spans="4~11" text="fajitas"  />
<FOOD id="F1" spans="43~48" text="steak"  />
<FOOD id="F2" spans="53~59" text="shrimp"  />
<ANAPHORA id="A0" spans="64~68" text="they"  />
<ANAPHORA id="A1" spans="53~59" text="shrimp"  />
<ANAPHORA id="A2" spans="39~48" text="the steak"  />
<QUALITY id="Q0" spans="17~26" text="fantastic" type="positive" />
<QUALITY id="Q1" spans="74~78" text="HUGE" type="positive" />
<QUALITY id="Q2" spans="80~94" text="Great portions" type="positive" />
<QUALITY id="Q3" spans="96~106" text="Fair price" type="neutral" />
<OPINION id="O0" fromID="Q0" fromText="fantastic" toID="F0" toText="fajitas" relationship="explicit" />
<OPINION id="O1" fromID="Q1" fromText="HUGE" toID="A0" toText="they" relationship="explicit" />
<OPINION id="O2" fromID="Q2" fromText="Great portions" toID="A0" toText="they" relationship="explicit" />
<OPINION id="O3" fromID="Q3" fromText="Fair price" toID="A0" toText="they" relationship="explicit" />
<COREFERENCE id="C0" fromID="A0" fromText="they" toID="F0" toText="fajitas" />
<COREFERENCE id="C1" fromID="A1" fromText="shrimp" toID="F0" toText="fajitas" />
<COREFERENCE id="C2" fromID="A2" fromText="the steak" toID="F0" toText="fajitas" />
</TAGS>
</yelp_reviews_1.1>