<?xml version="1.0" encoding="UTF-8" ?>

<yelp_reviews_1.1>
<TEXT><![CDATA[Been going since they opened on 16st & bethyhome rd. allways been one of my fav Mexican food spots n town  the hot sauce is great  & taco rice & beans top notch  all around great food good service.]]></TEXT>
<TAGS>
<FOOD id="F0" spans="111~120" text="hot sauce"  />
<FOOD id="F1" spans="133~137" text="taco"  />
<FOOD id="F2" spans="145~150" text="beans"  />
<FOOD id="F3" spans="138~142" text="rice"  />
<QUALITY id="Q0" spans="124~129" text="great" type="positive" />
<QUALITY id="Q1" spans="151~160" text="top notch" type="positive" />
<PART_OF id="P0" fromID="F3" fromText="rice" toID="F1" toText="taco" />
<PART_OF id="P1" fromID="F2" fromText="beans" toID="F1" toText="taco" />
<OPINION id="O0" fromID="Q0" fromText="great" toID="F0" toText="hot sauce" relationship="explicit" />
<OPINION id="O1" fromID="Q1" fromText="top notch" toID="F2" toText="beans" relationship="explicit" />
<OPINION id="O2" fromID="Q1" fromText="top notch" toID="F3" toText="rice" relationship="explicit" />
<OPINION id="O3" fromID="Q1" fromText="top notch" toID="F1" toText="taco" relationship="explicit" />
</TAGS>
</yelp_reviews_1.1>