<?xml version="1.0" encoding="UTF-8" ?>

<yelp_reviews_1.1>
<TEXT><![CDATA[I went there recently and in the past it used to be my go to place. Sadly the food is not what it used to be and I no longer crave their chimichangas anymore. As for the Drinks yes these Margaritas are one of the best might just go for happy hour for now on.]]></TEXT>
<TAGS>
<FOOD id="F0" spans="137~149" text="chimichangas"  />
<FOOD id="F1" spans="187~197" text="Margaritas"  />
<QUALITY id="Q0" spans="113~130" text="I no longer crave" type="neutral" />
<QUALITY id="Q1" spans="202~217" text="one of the best" type="positive" />
<OPINION id="O0" fromID="Q1" fromText="one of the best" toID="F1" toText="Margaritas" relationship="explicit" />
<OPINION id="O1" fromID="Q0" fromText="I no longer crave" toID="F0" toText="chimichangas" relationship="implicit" />
</TAGS>
</yelp_reviews_1.1>