<?xml version="1.0" encoding="UTF-8" ?>

<yelp_reviews_1.1>
<TEXT><![CDATA[Jeff & Sean - the owners are characters. The food is wonderful - I love the jalepeno cream cheese, the guacamole dip and the pollo fundido chimichanga.]]></TEXT>
<TAGS>
<FOOD id="F0" spans="125~150" text="pollo fundido chimichanga"  />
<FOOD id="F1" spans="76~97" text="jalepeno cream cheese"  />
<FOOD id="F2" spans="103~116" text="guacamole dip"  />
<QUALITY id="Q0" spans="65~71" text="I love" type="positive" />
<OPINION id="O0" fromID="Q0" fromText="I love" toID="F0" toText="pollo fundido chimichanga" relationship="implicit" />
<OPINION id="O1" fromID="Q0" fromText="I love" toID="F1" toText="jalepeno cream cheese" relationship="implicit" />
<OPINION id="O2" fromID="Q0" fromText="I love" toID="F2" toText="guacamole dip" relationship="implicit" />
</TAGS>
</yelp_reviews_1.1>