<?xml version="1.0" encoding="UTF-8" ?>

<yelp_reviews_1.1>
<TEXT><![CDATA[I have been going here for many years now. The food is always good and you always leave full. The tostada is so big I can barley get my mouth over it to take a bite. The shredded beef tacos are great. I also love the flautas and the chicken fajita chimi. The chimi's here are huge! The beans and rice are great to. So many mexican food restaurants have rice that's tasteless, which is funny cause it comes with every plate they serve. You would think they would put some flavor in that rice, but here they do. Always a good meal and I would recommend it for sure.]]></TEXT>
<TAGS>
<FOOD id="F0" spans="170~189" text="shredded beef tacos"  />
<FOOD id="F1" spans="98~105" text="tostada"  />
<FOOD id="F2" spans="217~224" text="flautas"  />
<FOOD id="F3" spans="233~253" text="chicken fajita chimi"  />
<FOOD id="F4" spans="286~291" text="beans"  />
<FOOD id="F5" spans="296~300" text="rice"  />
<FOOD id="F6" spans="259~266" text="chimi&apos;s"  />
<QUALITY id="Q0" spans="109~115" text="so big" type="positive" />
<QUALITY id="Q1" spans="116~164" text="I can barley get my mouth over it to take a bite" type="neutral" />
<QUALITY id="Q2" spans="194~199" text="great" type="positive" />
<QUALITY id="Q3" spans="201~212" text="I also love" type="positive" />
<QUALITY id="Q4" spans="276~280" text="huge" type="positive" />
<QUALITY id="Q5" spans="305~310" text="great" type="positive" />
<OPINION id="O0" fromID="Q1" fromText="I can barley get my mouth over it to take a bite" toID="F1" toText="tostada" relationship="implicit" />
<OPINION id="O1" fromID="Q2" fromText="great" toID="F0" toText="shredded beef tacos" relationship="explicit" />
<OPINION id="O2" fromID="Q3" fromText="I also love" toID="F2" toText="flautas" relationship="implicit" />
<OPINION id="O3" fromID="Q3" fromText="I also love" toID="F3" toText="chicken fajita chimi" relationship="explicit" />
<OPINION id="O4" fromID="Q4" fromText="huge" toID="F6" toText="chimi&apos;s" relationship="explicit" />
<OPINION id="O5" fromID="Q5" fromText="great" toID="F4" toText="beans" relationship="explicit" />
<OPINION id="O6" fromID="Q5" fromText="great" toID="F5" toText="rice" relationship="explicit" />
<COREFERENCE id="C0" fromID="F6" fromText="chimi&apos;s" toID="F3" toText="chicken fajita chimi" />
</TAGS>
</yelp_reviews_1.1>