<?xml version="1.0" encoding="UTF-8" ?>

<yelp_reviews_1.1>
<TEXT><![CDATA[Was my 1st time at Carlos O'Brien's, it was a friends 40th birthday dinner and this is her favorite place to go. I went with high expectations because she has told me over and over the past few years how good this place is.

I arrived couple minutes after everyone was there and saw that the party (there was about 25 of us) was broken sort of into you, half the party down one side and other wrapped around the middle and the birthday girl was kind of not at either tables, just in the middle of the 2, which made it difficult for conversations to flow, you could talk to your half of the table, but if you want to talk with those on the other side of the restaurant, get up and walk over their then, needless to say, I stayed where I was at and talked amongst my fellow friends on my side, kept giving the bday girl a shout out and drinks to let her know we are here to party! 

Let's start with the salsa, their where 2 types, a pico de gallo and a hotter blend, which reminded me more of a smoky chipotle sauce.  Well the pico looked great, but had absolutely no flavor, no pepper ,no onion, no tomato flavor, not even the cilantro, which is my favorite ingredient to cook with, had flavor, even if you added salt and pepper to it, it didn't help.  The hotter of the two did have a nice smoky chipotle taste to it, so that was the one I went with it.
 
I went with the filet of Salmon with mango salsa with Spanish rice and black beans.  The fish was perfectly cooked, and even though the top of the fish appeared to have some sort of rub on it, it too was lacking in flavor, I tossed on the mango salsa to see if that would help and sadly it did not, no flavor at all. I topped it with the smoky chipotle to give some sort of flavor and appearance that I'm not eating mush. The rice and beans were perfectly cooked, no issues there.  Had this dish had flavor to it, it would have been amazing, but nope it did not.

Now like I said we were spilt into 2 along one sided booth table things from one end of the room to the other, and there was apx 25 if not more of us. But by the time my end of the table had gotten their food, the other half was already paying and leaving.  It was not because I was late; I got their in time for orders to be taken. This was poor planning on the server's behalf, half the party had ready left by the time we got our bills.  I was bummed because I was wanting to catch up with a friend I hadn't seen in a while and poof she was gone .  I wanted to like this place, but I'm afraid I am a onetime diner here.]]></TEXT>
<TAGS>
<FOOD id="F0" spans="932~945" text="pico de gallo"  />
<FOOD id="F1" spans="952~964" text="hotter blend"  />
<FOOD id="F2" spans="902~907" text="salsa"  />
<FOOD id="F3" spans="1026~1030" text="pico"  />
<FOOD id="F4" spans="1127~1135" text="cilantro"  />
<FOOD id="F5" spans="1373~1388" text="filet of Salmon"  />
<FOOD id="F6" spans="1394~1405" text="mango salsa"  />
<FOOD id="F7" spans="1411~1423" text="Spanish rice"  />
<FOOD id="F8" spans="1428~1439" text="black beans"  />
<FOOD id="F9" spans="1446~1450" text="fish"  />
<FOOD id="F10" spans="1504~1508" text="fish"  />
<FOOD id="F11" spans="1783~1787" text="rice"  />
<FOOD id="F12" spans="1792~1797" text="beans"  />
<FOOD id="F13" spans="1596~1607" text="mango salsa"  />
<ANAPHORA id="A0" spans="1550~1552" text="it"  />
<ANAPHORA id="A1" spans="1848~1852" text="dish"  />
<ANAPHORA id="A2" spans="1232~1234" text="it"  />
<ANAPHORA id="A3" spans="1315~1317" text="it"  />
<QUALITY id="Q0" spans="1114~1135,1183~1193" text="not even the cilantro ... had flavor" type="negative" />
<QUALITY id="Q1" spans="972~1014" text="reminded me more of a smoky chipotle sauce" type="neutral" />
<QUALITY id="Q2" spans="1031~1043" text="looked great" type="positive" />
<QUALITY id="Q3" spans="1049~1073" text="had absolutely no flavor" type="negative" />
<QUALITY id="Q4" spans="1075~1084" text="no pepper" type="negative" />
<QUALITY id="Q5" spans="1086~1094" text="no onion" type="negative" />
<QUALITY id="Q6" spans="1096~1112" text="no tomato flavor" type="negative" />
<QUALITY id="Q7" spans="1195~1231,1236~1250" text="even if you added salt and pepper to ... it didn&apos;t help" type="negative" />
<QUALITY id="Q8" spans="1275~1311" text="did have a nice smoky chipotle taste" type="positive" />
<QUALITY id="Q9" spans="1455~1471" text="perfectly cooked" type="negative" />
<QUALITY id="Q10" spans="1509~1542" text="appeared to have some sort of rub" type="positive" />
<QUALITY id="Q11" spans="1561~1578" text="lacking in flavor" type="negative" />
<QUALITY id="Q12" spans="1656~1672" text="no flavor at all" type="negative" />
<QUALITY id="Q13" spans="1803~1819" text="perfectly cooked" type="positive" />
<QUALITY id="Q14" spans="1821~1836" text="no issues there" type="neutral" />
<QUALITY id="Q15" spans="1839~1897" text="Had this dish had flavor to it, it would have been amazing" type="negative" />
<PART_OF id="P0" fromID="F6" fromText="mango salsa" toID="F5" toText="filet of Salmon" />
<PART_OF id="P1" fromID="F7" fromText="Spanish rice" toID="F5" toText="filet of Salmon" />
<PART_OF id="P2" fromID="F8" fromText="black beans" toID="F5" toText="filet of Salmon" />
<PART_OF id="P3" fromID="F0" fromText="pico de gallo" toID="F2" toText="salsa" />
<PART_OF id="P4" fromID="F1" fromText="hotter blend" toID="F2" toText="salsa" />
<PART_OF id="P5" fromID="F4" fromText="cilantro" toID="F3" toText="pico" />
<OPINION id="O0" fromID="Q9" fromText="perfectly cooked" toID="F9" toText="fish" relationship="explicit" />
<OPINION id="O1" fromID="Q11" fromText="lacking in flavor" toID="A0" toText="it" relationship="explicit" />
<OPINION id="O2" fromID="Q12" fromText="no flavor at all" toID="A0" toText="it" relationship="explicit" />
<OPINION id="O3" fromID="Q13" fromText="perfectly cooked" toID="F12" toText="beans" relationship="explicit" />
<OPINION id="O4" fromID="Q13" fromText="perfectly cooked" toID="F11" toText="rice" relationship="explicit" />
<OPINION id="O5" fromID="Q14" fromText="no issues there" toID="F11" toText="rice" relationship="explicit" />
<OPINION id="O6" fromID="Q15" fromText="Had this dish had flavor to it, it would have been amazing" toID="A1" toText="dish" relationship="implicit" />
<OPINION id="O7" fromID="Q14" fromText="no issues there" toID="F12" toText="beans" relationship="explicit" />
<OPINION id="O8" fromID="Q1" fromText="reminded me more of a smoky chipotle sauce" toID="F1" toText="hotter blend" relationship="explicit" />
<OPINION id="O9" fromID="Q2" fromText="looked great" toID="F3" toText="pico" relationship="explicit" />
<OPINION id="O10" fromID="Q3" fromText="had absolutely no flavor" toID="F3" toText="pico" relationship="explicit" />
<OPINION id="O11" fromID="Q4" fromText="no pepper" toID="F3" toText="pico" relationship="explicit" />
<OPINION id="O12" fromID="Q5" fromText="no onion" toID="F3" toText="pico" relationship="explicit" />
<OPINION id="O13" fromID="Q6" fromText="no tomato flavor" toID="F3" toText="pico" relationship="explicit" />
<OPINION id="O14" fromID="Q0" fromText="not even the cilantro ... had flavor" toID="F4" toText="cilantro" relationship="explicit" />
<OPINION id="O15" fromID="Q7" fromText="even if you added salt and pepper to ... it didn&apos;t help" toID="A2" toText="it" relationship="implicit" />
<OPINION id="O16" fromID="Q8" fromText="did have a nice smoky chipotle taste" toID="A3" toText="it" relationship="explicit" />
<COREFERENCE id="C0" fromID="A3" fromText="it" toID="A2" toText="it" />
<COREFERENCE id="C1" fromID="A2" fromText="it" toID="F3" toText="pico" />
<COREFERENCE id="C2" fromID="A1" fromText="dish" toID="F5" toText="filet of Salmon" />
<COREFERENCE id="C3" fromID="A0" fromText="it" toID="F10" toText="fish" />
</TAGS>
</yelp_reviews_1.1>