<?xml version="1.0" encoding="UTF-8" ?>

<yelp_reviews_1.1>
<TEXT><![CDATA[Oh man.  Where do I start with this place?  I absolutely love it.

The only reason it doesn't have 5 stars is because it has a devastating effect on your waistline with frequent visits.  A look around at your fellow diners will confirm the fate that you too will suffer if you don't mend your gluttonous CO ways.  Eat in moderation - especially here.

Then again, that really shouldn't deter you from stopping in. Especially if it is your birthday - because this is THE PLACE FOR BIRTHDAYS!  Every single time, without fail, and more predictable than the US Mail - someone is celebrating their birthday.  When I would go often, it was understandable.  But now that I go much less frequently (for reasons stated above - yes I fell victim to it), it is amazing.  My 2x a year visit, and it happens to be someone's birthday.  I wish I had those odds with the lottery.  

They have some of the best chip's and salsa in town and great beers, both in the bottle and on tap.  And they just keep 'em coming....free of charge, like it should be.   My favorite sunday afternoon past time would be hanging at the bar, drinking XX Lager, and consuming mountains of chips.

The burritos are excellent to - although I tend to stick to the bean burrito with enchilada style (with red sauce) since it does well left over.  And trust me, leave some food on your plate.  Or suffer the consequences (see above).  Cheese Crisps, Nachos, Fajitas and tacos are pretty tasty.

Everything is smothered in cheese, beans, and rice and served on hot colorful plates...just like comfort mexican food should be.  I have never been disappointed with any visit to CO, well, except the time I found out they stopped serving the  choc-star-lite mints after dinner.  That was a real downer.]]></TEXT>
<TAGS>
<FOOD id="F0" spans="895~911" text="chip&apos;s and salsa"  />
<FOOD id="F1" spans="930~935" text="beers"  />
<FOOD id="F2" spans="1165~1173" text="burritos"  />
<FOOD id="F3" spans="1225~1258" text="bean burrito with enchilada style"  />
<FOOD id="F4" spans="1265~1274" text="red sauce"  />
<FOOD id="F5" spans="1394~1407" text="Cheese Crisps"  />
<FOOD id="F6" spans="1409~1415" text="Nachos"  />
<FOOD id="F7" spans="1417~1424" text="Fajitas"  />
<FOOD id="F8" spans="1429~1434" text="tacos"  />
<ANAPHORA id="A0" spans="988~991" text="&apos;em"  />
<ANAPHORA id="A1" spans="1282~1284" text="it"  />
<QUALITY id="Q0" spans="878~894,912~919" text="some of the best ... in town" type="positive" />
<QUALITY id="Q1" spans="924~929" text="great" type="positive" />
<QUALITY id="Q2" spans="1002~1016" text="free of charge" type="positive" />
<QUALITY id="Q3" spans="1178~1187" text="excellent" type="positive" />
<QUALITY id="Q4" spans="1202~1220" text="I tend to stick to" type="positive" />
<QUALITY id="Q5" spans="1285~1304" text="does well left over" type="positive" />
<QUALITY id="Q6" spans="1439~1451" text="pretty tasty" type="positive" />
<PART_OF id="P0" fromID="F4" fromText="red sauce" toID="F3" toText="bean burrito with enchilada style" />
<OPINION id="O0" fromID="Q6" fromText="pretty tasty" toID="F5" toText="Cheese Crisps" relationship="explicit" />
<OPINION id="O1" fromID="Q6" fromText="pretty tasty" toID="F6" toText="Nachos" relationship="explicit" />
<OPINION id="O2" fromID="Q6" fromText="pretty tasty" toID="F7" toText="Fajitas" relationship="explicit" />
<OPINION id="O3" fromID="Q6" fromText="pretty tasty" toID="F8" toText="tacos" relationship="explicit" />
<OPINION id="O4" fromID="Q3" fromText="excellent" toID="F2" toText="burritos" relationship="explicit" />
<OPINION id="O5" fromID="Q4" fromText="I tend to stick to" toID="F3" toText="bean burrito with enchilada style" relationship="implicit" />
<OPINION id="O6" fromID="Q0" fromText="some of the best ... in town" toID="F0" toText="chip&apos;s and salsa" relationship="explicit" />
<OPINION id="O7" fromID="Q1" fromText="great" toID="F1" toText="beers" relationship="explicit" />
<OPINION id="O8" fromID="Q2" fromText="free of charge" toID="A0" toText="&apos;em" relationship="explicit" />
<COREFERENCE id="C0" fromID="A0" fromText="&apos;em" toID="F0" toText="chip&apos;s and salsa" />
<COREFERENCE id="C1" fromID="A1" fromText="it" toID="F3" toText="bean burrito with enchilada style" />
</TAGS>
</yelp_reviews_1.1>