<?xml version="1.0" encoding="UTF-8" ?>

<yelp_reviews_1.1>
<TEXT><![CDATA[First time here, and it was pretty good!  I had the chimi plate and it was hot and tasty and cooked right.  The salsa is really good too, and the chips were warm and fresh.  Will go back!]]></TEXT>
<TAGS>
<FOOD id="F0" spans="52~63" text="chimi plate"  />
<FOOD id="F1" spans="112~117" text="salsa"  />
<FOOD id="F2" spans="146~151" text="chips"  />
<ANAPHORA id="A0" spans="68~70" text="it"  />
<QUALITY id="Q0" spans="75~78" text="hot" type="positive" />
<QUALITY id="Q1" spans="83~88" text="tasty" type="positive" />
<QUALITY id="Q2" spans="93~105" text="cooked right" type="positive" />
<QUALITY id="Q3" spans="121~132" text="really good" type="positive" />
<QUALITY id="Q4" spans="157~161" text="warm" type="positive" />
<QUALITY id="Q5" spans="166~171" text="fresh" type="positive" />
<OPINION id="O0" fromID="Q1" fromText="tasty" toID="A0" toText="it" relationship="explicit" />
<OPINION id="O1" fromID="Q2" fromText="cooked right" toID="A0" toText="it" relationship="explicit" />
<OPINION id="O2" fromID="Q0" fromText="hot" toID="A0" toText="it" relationship="explicit" />
<OPINION id="O3" fromID="Q3" fromText="really good" toID="F1" toText="salsa" relationship="explicit" />
<OPINION id="O4" fromID="Q4" fromText="warm" toID="F2" toText="chips" relationship="explicit" />
<OPINION id="O5" fromID="Q5" fromText="fresh" toID="F2" toText="chips" relationship="explicit" />
<COREFERENCE id="C0" fromID="A0" fromText="it" toID="F0" toText="chimi plate" />
</TAGS>
</yelp_reviews_1.1>