<?xml version="1.0" encoding="UTF-8" ?>

<yelp_reviews_1.1>
<TEXT><![CDATA[I love this place!! I live down the street so I'm there at least once every couple of weeks, more if I had a bad day at work! The food isn't the best, but the carnitas dinner and con carne dinner is delicious!! The service in the bar area is amazing!! Definitely worth trying for happy hour or anytime actually...They treat you like family and we always end up making new friends. There are a lot of regulars that go so it creates a nice friendly environment. I highly recommend this place!]]></TEXT>
<TAGS>
<FOOD id="F0" spans="159~174" text="carnitas dinner"  />
<FOOD id="F1" spans="179~195" text="con carne dinner"  />
<QUALITY id="Q0" spans="199~208" text="delicious" type="positive" />
<OPINION id="O0" fromID="Q0" fromText="delicious" toID="F1" toText="con carne dinner" relationship="explicit" />
<OPINION id="O1" fromID="Q0" fromText="delicious" toID="F0" toText="carnitas dinner" relationship="explicit" />
</TAGS>
</yelp_reviews_1.1>