<?xml version="1.0" encoding="UTF-8" ?>

<yelp_reviews_1.1>
<TEXT><![CDATA[Awful! My Mom and I decided to stop in and each have a taco with an iced tea. I ordered lemon with my tea. My tea was served with a lemon as requested but it had a long dark hair wrapped around the lemon. I told the server and he had the nerve to bring me another one, also with a lemon (it should have at least been on the side after that!). After that, our tacos were not so appetizing! The kicker? Our server still charged us for my beverage! We went to pay our bill and had to actually get the manager to take off the tea from our bill. The manager offered no apologies and seemed to smirking about it. All's he said was "These guys no better than that"! Too bad because my boyfriend loves this place. Accidents happen but it is how it was handled......never again!]]></TEXT>
<TAGS>
<FOOD id="F0" spans="88~93" text="lemon"  />
<FOOD id="F1" spans="102~105" text="tea"  />
<FOOD id="F2" spans="110~113" text="tea"  />
<FOOD id="F3" spans="132~137" text="lemon"  />
<FOOD id="F4" spans="359~364" text="tacos"  />
<ANAPHORA id="A0" spans="155~157" text="it"  />
<QUALITY id="Q0" spans="158~203" text="had a long dark hair wrapped around the lemon" type="negative" />
<QUALITY id="Q1" spans="370~387" text="not so appetizing" type="negative" />
<PART_OF id="P0" fromID="F3" fromText="lemon" toID="F2" toText="tea" />
<PART_OF id="P1" fromID="F0" fromText="lemon" toID="F1" toText="tea" />
<OPINION id="O0" fromID="Q1" fromText="not so appetizing" toID="F4" toText="tacos" relationship="explicit" />
<OPINION id="O1" fromID="Q0" fromText="had a long dark hair wrapped around the lemon" toID="A0" toText="it" relationship="explicit" />
<COREFERENCE id="C0" fromID="F2" fromText="tea" toID="F1" toText="tea" />
<COREFERENCE id="C1" fromID="A0" fromText="it" toID="F2" toText="tea" />
</TAGS>
</yelp_reviews_1.1>