<?xml version="1.0" encoding="UTF-8" ?>

<yelp_reviews_1.1>
<TEXT><![CDATA[Carlos O'Briens has been a staple restaurant for my family for years. My parents took me there when I was a kid, and I've been going ever since. It is nostalgic. The interior could use some updating, but the layout is unique, which I like. I can make a meal out of appetizers and desserts, so at Carlos O'Briens, I go for the chili con queso (cheesy warm goodness) and the tasty fried ice cream. Carlos O'Briens is an oldie but a goodie, they could just use some updates on the inside.]]></TEXT>
<TAGS>
<FOOD id="F0" spans="379~394" text="fried ice cream"  />
<FOOD id="F1" spans="326~341" text="chili con queso"  />
<QUALITY id="Q0" spans="343~363" text="cheesy warm goodness" type="positive" />
<QUALITY id="Q1" spans="373~378" text="tasty" type="positive" />
<OPINION id="O0" fromID="Q0" fromText="cheesy warm goodness" toID="F1" toText="chili con queso" relationship="explicit" />
<OPINION id="O1" fromID="Q1" fromText="tasty" toID="F0" toText="fried ice cream" relationship="explicit" />
</TAGS>
</yelp_reviews_1.1>