<?xml version="1.0" encoding="UTF-8" ?>

<yelp_reviews_1.1>
<TEXT><![CDATA[Just like the Veggie Fajitas they served my mama - this place lacked sizzle.

My mom has been raving and singing the praises of Carlos O'briens for sometime now and not wanting to miss out on somewhere good, she took me there last night. 

When we got in the parking lot, and saw the look of the huge rock mountain of stone - I KNEW something was a miss... why are mountainous structures in Phoenix always home to great salsa and bland food? WHY?!

We entered and were seated right away in a HUGE dining area "upstairs" that was way cute back in 1990 when it was last redecorated - but this isn't 1990 and it's - kitchy. After I sat down and saw the plain looking laminated menu, I realized that my mom and I were the ONLY brown people in the building besides a bus boy who looked afraid of his own shadow! Red Flag #3!!

Our waiter Nathan introduced himself and seemed really nice as he brought our chips and salsa and took our drink order. We also ordered our food - I had the #13 - A Little Bit of Everything and my mom had the Veggie Fajitas. I must say that the menu is very uninspired and I wished to see some house specialties or innovation... inspiration and innovation are luxaries that Carlos O'brien can't afford. 

Whie our food was being prepared, we enjoyed our chips and salsa which was VERY good, I must say! I SWEAR I've had their salsa before, I just can't place it! But it's still good and worth the trip alone. Our food came quickly and we were disappointed by the fact that my mom's fajitas lacked any soul, had some spice and weren't sizzling off the iron. Boo! She loved that her fajitas had ingredients not normally seen in fajitas, such as potatos and zucchini. 

My plate was a big glob of gooey cheese! The guac on the chicken flautas were good however the flautas were a little over cooked. The Chimis were very good and I loved their cream cheesy sour cream type sauce - I just they didn't give me so much of it! I was scraping it off after my first bite. With a good chili kick and plenty of salt, my Green Corn tamales were DEFINATLY the best part of my meal! 

And the toastada, rice and especially the beans were the lowlight of my meal. I never had a worse toastada, I don't even know how to you screw up a toastada - but leave it up to Carlos to figure it out. The rice tasted old and were dry. The beans also tasted old and had too much cheese, there was so much cheese that my lil bowl of beans was practically glued to my plate! GROSS! 

We were still happy and eating away and I didn't think we were taking too long when Nathan our waiter gave us the bum's rush! He put down our check andd Offered to bring us to-go boxes when we were still happily eating and showed no signs of slowing down. I was like - there are FOUR tables seat in a 30+ table facility - there's NO ONE at the door, even then - you got the room!! Why are you rushing us out?! We requested two to-go boxes and when he returned with them he seemed disappointed in the fact that we hadden't paid yet. My mom quickly dropped her debt card and I was annoyed.

We did need to get going - we had another errand to run before heading home but still. The polite thing to do would have been to leave our check and tell us to take our time, replenish our drinks and WAIT for us to ask for a box. GEEZ! Some people's children!

To my fellow yelpers, if you want fresh, sizziling sexy Mexican food - avoid this place like the plauge. If you want to appease out-of-town relatives with sensitive palates to a nice Arizona Mexican dinner - this is the place for you! Have the green tamales and enjoy the chips with salsa, they're both quite good.]]></TEXT>
<TAGS>
<FOOD id="F0" spans="14~28" text="Veggie Fajitas"  />
<FOOD id="F1" spans="979~1011" text="#13 - A Little Bit of Everything"  />
<FOOD id="F2" spans="1276~1291" text="chips and salsa"  />
<FOOD id="F3" spans="1504~1511" text="fajitas"  />
<FOOD id="F4" spans="1603~1610" text="fajitas"  />
<FOOD id="F5" spans="1665~1672" text="potatos"  />
<FOOD id="F6" spans="1677~1685" text="zucchini"  />
<FOOD id="F7" spans="1722~1728" text="cheese"  />
<FOOD id="F8" spans="1734~1738" text="guac"  />
<FOOD id="F9" spans="1746~1761" text="chicken flautas"  />
<FOOD id="F10" spans="1784~1791" text="flautas"  />
<FOOD id="F11" spans="1823~1829" text="Chimis"  />
<FOOD id="F12" spans="1892~1897" text="sauce"  />
<FOOD id="F13" spans="2031~2049" text="Green Corn tamales"  />
<FOOD id="F14" spans="2101~2109" text="toastada"  />
<FOOD id="F15" spans="2111~2115" text="rice"  />
<FOOD id="F16" spans="2135~2140" text="beans"  />
<FOOD id="F17" spans="2191~2199" text="toastada"  />
<FOOD id="F18" spans="2373~2379" text="cheese"  />
<FOOD id="F19" spans="2300~2304" text="rice"  />
<FOOD id="F20" spans="2426~2431" text="beans"  />
<FOOD id="F21" spans="2399~2405" text="cheese"  />
<FOOD id="F22" spans="2334~2339" text="beans"  />
<FOOD id="F23" spans="3570~3583" text="green tamales"  />
<FOOD id="F24" spans="3598~3614" text="chips with salsa"  />
<ANAPHORA id="A0" spans="1938~1940" text="it"  />
<ANAPHORA id="A1" spans="1957~1959" text="it"  />
<ANAPHORA id="A2" spans="1389~1391" text="it"  />
<ANAPHORA id="A3" spans="3616~3620" text="they"  />
<ANAPHORA id="A4" spans="1692~1697" text="plate"  />
<QUALITY id="Q0" spans="1704~1728" text="big glob of gooey cheese" type="negative" />
<QUALITY id="Q1" spans="62~75" text="lacked sizzle" type="negative" />
<QUALITY id="Q2" spans="1261~1271" text="we enjoyed" type="positive" />
<QUALITY id="Q3" spans="1302~1311" text="VERY good" type="positive" />
<QUALITY id="Q4" spans="1512~1527" text="lacked any soul" type="negative" />
<QUALITY id="Q5" spans="1529~1543" text="had some spice" type="neutral" />
<QUALITY id="Q6" spans="1548~1577" text="weren&apos;t sizzling off the iron" type="negative" />
<QUALITY id="Q7" spans="1611~1655" text="had ingredients not normally seen in fajitas" type="positive" />
<QUALITY id="Q8" spans="1835~1844" text="very good" type="positive" />
<QUALITY id="Q9" spans="1849~1856" text="I loved" type="positive" />
<QUALITY id="Q10" spans="1863~1875" text="cream cheesy" type="neutral" />
<QUALITY id="Q11" spans="1767~1771" text="good" type="positive" />
<QUALITY id="Q12" spans="1797~1817" text="a little over cooked" type="negative" />
<QUALITY id="Q13" spans="2055~2089" text="DEFINATLY the best part of my meal" type="positive" />
<QUALITY id="Q14" spans="2012~2026" text="plenty of salt" type="positive" />
<QUALITY id="Q15" spans="1990~2007" text="a good chili kick" type="positive" />
<QUALITY id="Q16" spans="1942~1983" text="I was scraping it off after my first bite" type="negative" />
<QUALITY id="Q17" spans="1876~1891" text="sour cream type" type="neutral" />
<QUALITY id="Q18" spans="2150~2169" text="lowlight of my meal" type="negative" />
<QUALITY id="Q19" spans="2171~2190" text="I never had a worse" type="negative" />
<QUALITY id="Q20" spans="2360~2379" text="had too much cheese" type="negative" />
<QUALITY id="Q21" spans="2345~2355" text="tasted old" type="negative" />
<QUALITY id="Q22" spans="2436~2465" text="practically glued to my plate" type="negative" />
<QUALITY id="Q23" spans="2305~2315" text="tasted old" type="negative" />
<QUALITY id="Q24" spans="2325~2328" text="dry" type="negative" />
<QUALITY id="Q25" spans="2467~2472" text="GROSS" type="negative" />
<QUALITY id="Q26" spans="3588~3593" text="enjoy" type="positive" />
<QUALITY id="Q27" spans="3629~3639" text="quite good" type="positive" />
<QUALITY id="Q28" spans="1394~1404" text="still good" type="positive" />
<QUALITY id="Q29" spans="1409~1429" text="worth the trip alone" type="positive" />
<QUALITY id="Q30" spans="1584~1598" text="She loved that" type="positive" />
<QUALITY id="Q31" spans="3561~3565" text="Have" type="positive" />
<QUALITY id="Q32" spans="1927~1934" text="so much" type="negative" />
<OPINION id="O0" fromID="Q1" fromText="lacked sizzle" toID="F0" toText="Veggie Fajitas" relationship="explicit" />
<OPINION id="O1" fromID="Q3" fromText="VERY good" toID="F2" toText="chips and salsa" relationship="explicit" />
<OPINION id="O2" fromID="Q2" fromText="we enjoyed" toID="F2" toText="chips and salsa" relationship="explicit" />
<OPINION id="O3" fromID="Q28" fromText="still good" toID="A2" toText="it" relationship="explicit" />
<OPINION id="O4" fromID="Q29" fromText="worth the trip alone" toID="A2" toText="it" relationship="explicit" />
<OPINION id="O5" fromID="Q4" fromText="lacked any soul" toID="F3" toText="fajitas" relationship="implicit" />
<OPINION id="O6" fromID="Q5" fromText="had some spice" toID="F3" toText="fajitas" relationship="explicit" />
<OPINION id="O7" fromID="Q6" fromText="weren&apos;t sizzling off the iron" toID="F3" toText="fajitas" relationship="explicit" />
<OPINION id="O8" fromID="Q7" fromText="had ingredients not normally seen in fajitas" toID="F4" toText="fajitas" relationship="implicit" />
<OPINION id="O9" fromID="Q30" fromText="She loved that" toID="F4" toText="fajitas" relationship="explicit" />
<OPINION id="O10" fromID="Q26" fromText="enjoy" toID="F24" toText="chips with salsa" relationship="implicit" />
<OPINION id="O11" fromID="Q31" fromText="Have" toID="F23" toText="green tamales" relationship="implicit" />
<OPINION id="O12" fromID="Q27" fromText="quite good" toID="A3" toText="they" relationship="explicit" />
<OPINION id="O13" fromID="Q20" fromText="had too much cheese" toID="F22" toText="beans" relationship="explicit" />
<OPINION id="O14" fromID="Q22" fromText="practically glued to my plate" toID="F20" toText="beans" relationship="explicit" />
<OPINION id="O15" fromID="Q25" fromText="GROSS" toID="F20" toText="beans" relationship="explicit" />
<OPINION id="O16" fromID="Q22" fromText="practically glued to my plate" toID="F22" toText="beans" relationship="explicit" />
<OPINION id="O17" fromID="Q25" fromText="GROSS" toID="F21" toText="cheese" relationship="explicit" />
<OPINION id="O18" fromID="Q21" fromText="tasted old" toID="F22" toText="beans" relationship="explicit" />
<OPINION id="O19" fromID="Q23" fromText="tasted old" toID="F19" toText="rice" relationship="explicit" />
<OPINION id="O20" fromID="Q24" fromText="dry" toID="F19" toText="rice" relationship="explicit" />
<OPINION id="O22" fromID="Q18" fromText="lowlight of my meal" toID="F16" toText="beans" relationship="explicit" />
<OPINION id="O23" fromID="Q19" fromText="I never had a worse" toID="F17" toText="toastada" relationship="implicit" />
<OPINION id="O24" fromID="Q18" fromText="lowlight of my meal" toID="F15" toText="rice" relationship="explicit" />
<OPINION id="O25" fromID="Q11" fromText="good" toID="F8" toText="guac" relationship="explicit" />
<OPINION id="O26" fromID="Q13" fromText="DEFINATLY the best part of my meal" toID="F13" toText="Green Corn tamales" relationship="explicit" />
<OPINION id="O27" fromID="Q0" fromText="big glob of gooey cheese" toID="A4" toText="plate" relationship="implicit" />
<OPINION id="O28" fromID="Q12" fromText="a little over cooked" toID="F10" toText="flautas" relationship="explicit" />
<OPINION id="O29" fromID="Q14" fromText="plenty of salt" toID="F13" toText="Green Corn tamales" relationship="explicit" />
<OPINION id="O30" fromID="Q15" fromText="a good chili kick" toID="F13" toText="Green Corn tamales" relationship="explicit" />
<OPINION id="O31" fromID="Q9" fromText="I loved" toID="F12" toText="sauce" relationship="explicit" />
<OPINION id="O32" fromID="Q8" fromText="very good" toID="F11" toText="Chimis" relationship="explicit" />
<OPINION id="O33" fromID="Q10" fromText="cream cheesy" toID="F12" toText="sauce" relationship="explicit" />
<OPINION id="O34" fromID="Q9" fromText="I loved" toID="F12" toText="sauce" relationship="explicit" />
<OPINION id="O35" fromID="Q17" fromText="sour cream type" toID="F12" toText="sauce" relationship="explicit" />
<OPINION id="O36" fromID="Q32" fromText="so much" toID="A0" toText="it" relationship="explicit" />
<COREFERENCE id="C0" fromID="A4" fromText="plate" toID="F9" toText="chicken flautas" />
<COREFERENCE id="C1" fromID="A3" fromText="they" toID="F24" toText="chips with salsa" />
<COREFERENCE id="C2" fromID="A3" fromText="they" toID="F23" toText="green tamales" />
<COREFERENCE id="C3" fromID="A2" fromText="it" toID="F2" toText="chips and salsa" />
<COREFERENCE id="C4" toID="A0" toText="it" fromID="A1" fromText="it" />
<COREFERENCE id="C5" toID="F11" toText="Chimis" fromID="A0" fromText="it" />
</TAGS>
</yelp_reviews_1.1>