<?xml version="1.0" encoding="UTF-8" ?>

<yelp_reviews_1.1>
<TEXT><![CDATA[Since we were in the area, we decided to try out this restaurant. My parents remembered it from their younger days and so we decided to try it out. The restaurant is very large. It is nice and the waiters were helpful. The food was decent. It didn't taste bad, but it wasn't quite the quality I was hoping for. 

As a vegetarian, I ordered the burrito grande and asked for vegetables instead of meat. I wasn't disappointed by what they substituted: onions, green peppers, and evens potatoes and carrots (that must have been the Irish side of the restaurant). 

TLDR: Nice facility, decent food, but I think I'll try a few more places before I come back.]]></TEXT>
<TAGS>
<FOOD id="F0" spans="449~455" text="onions"  />
<FOOD id="F1" spans="457~470" text="green peppers"  />
<FOOD id="F2" spans="482~490" text="potatoes"  />
<FOOD id="F3" spans="495~502" text="carrots"  />
<FOOD id="F4" spans="344~358" text="burrito grande"  />
<QUALITY id="Q0" spans="401~447" text="I wasn&apos;t disappointed by what they substituted" type="positive" />
<PART_OF id="P0" fromID="F0" fromText="onions" toID="F4" toText="burrito grande" />
<PART_OF id="P1" fromID="F1" fromText="green peppers" toID="F4" toText="burrito grande" />
<PART_OF id="P2" fromID="F2" fromText="potatoes" toID="F4" toText="burrito grande" />
<PART_OF id="P3" fromID="F3" fromText="carrots" toID="F4" toText="burrito grande" />
<OPINION id="O0" fromID="Q0" fromText="I wasn&apos;t disappointed by what they substituted" toID="F4" toText="burrito grande" relationship="explicit" />
</TAGS>
</yelp_reviews_1.1>