<?xml version="1.0" encoding="UTF-8" ?>

<yelp_reviews_1.1>
<TEXT><![CDATA[So what can I say about COB as I call it? Well, heavenly goodness and joy comes to mind. I am a bit of a fuddyduddy when I go there becuase I love to get the #13 sampler dish. It has a little taste of everything I love at COB's. I love their tortillas, honestly for those I would give up soda for a year just for a batch of those warm desirables. I love the atmosphere and the service has never disappointed me. Every birthday my friend asks me where she can take me and I told her she already knows the answer, COB's. Thanks for being a staple here in Phoenix, you bring joy to so many.]]></TEXT>
<TAGS>
<FOOD id="F0" spans="158~174" text="#13 sampler dish"  />
<FOOD id="F1" spans="242~251" text="tortillas"  />
<ANAPHORA id="A0" spans="266~271" text="those"  />
<ANAPHORA id="A1" spans="176~178" text="It"  />
<ANAPHORA id="A2" spans="324~345" text="those warm desirables"  />
<QUALITY id="Q0" spans="179~227" text="has a little taste of everything I love at COB&apos;s" type="positive" />
<QUALITY id="Q1" spans="140~153" text="I love to get" type="positive" />
<QUALITY id="Q2" spans="229~235" text="I love" type="positive" />
<QUALITY id="Q3" spans="272~323" text="I would give up soda for a year just for a batch of" type="positive" />
<OPINION id="O0" fromID="Q0" fromText="has a little taste of everything I love at COB&apos;s" toID="A1" toText="It" relationship="explicit" />
<OPINION id="O1" fromID="Q1" fromText="I love to get" toID="F0" toText="#13 sampler dish" relationship="explicit" />
<OPINION id="O2" fromID="Q2" fromText="I love" toID="F1" toText="tortillas" relationship="explicit" />
<OPINION id="O3" fromID="Q3" fromText="I would give up soda for a year just for a batch of" toID="A2" toText="those warm desirables" relationship="implicit" />
<COREFERENCE id="C0" fromID="A1" fromText="It" toID="F0" toText="#13 sampler dish" />
<COREFERENCE id="C1" fromID="A0" fromText="those" toID="F1" toText="tortillas" />
<COREFERENCE id="C2" fromID="A2" fromText="those warm desirables" toID="F1" toText="tortillas" />
</TAGS>
</yelp_reviews_1.1>