<?xml version="1.0" encoding="UTF-8" ?>

<yelp_reviews_1.1>
<TEXT><![CDATA[My husband and I ate at Carlos O'Brien's last night; to our dismay, the food was inedible.  It was a disappointing evening since we do not go out to dinner very often since the recession.

I ordered the Carlos Carnitas Dinner.  The pork tasted dried, rubbery, and days old.  Between us, we ate three bites of it and put it aside.  My husband's dinner, Pollo Fundido, was not any better.  The pollo fundido was over salted and made with poor quality ingredients; the chicken appeared to have come from a can versus fresh, and the cheese tasted processed versus real.  We only ate a couple of bites of it and sadly called it a night, going home to eat bowls of cereal for dinner instead.]]></TEXT>
<TAGS>
<FOOD id="F0" spans="203~225" text="Carlos Carnitas Dinner"  />
<FOOD id="F1" spans="232~236" text="pork"  />
<FOOD id="F2" spans="392~405" text="pollo fundido"  />
<FOOD id="F3" spans="352~365" text="Pollo Fundido"  />
<FOOD id="F4" spans="466~473" text="chicken"  />
<FOOD id="F5" spans="529~535" text="cheese"  />
<ANAPHORA id="A0" spans="309~311" text="it"  />
<ANAPHORA id="A1" spans="600~602" text="it"  />
<QUALITY id="Q0" spans="287~328" text="we ate three bites of it and put it aside" type="negative" />
<QUALITY id="Q1" spans="244~249" text="dried" type="negative" />
<QUALITY id="Q2" spans="251~258" text="rubbery" type="negative" />
<QUALITY id="Q3" spans="264~272" text="days old" type="negative" />
<QUALITY id="Q4" spans="371~385" text="not any better" type="negative" />
<QUALITY id="Q5" spans="410~421" text="over salted" type="negative" />
<QUALITY id="Q6" spans="426~460" text="made with poor quality ingredients" type="negative" />
<QUALITY id="Q7" spans="474~506" text="appeared to have come from a can" type="negative" />
<QUALITY id="Q8" spans="536~552" text="tasted processed" type="negative" />
<QUALITY id="Q9" spans="567~599" text="We only ate a couple of bites of" type="negative" />
<PART_OF id="P0" fromID="F1" fromText="pork" toID="F0" toText="Carlos Carnitas Dinner" />
<PART_OF id="P1" fromID="F4" fromText="chicken" toID="F2" toText="pollo fundido" />
<PART_OF id="P2" fromID="F5" fromText="cheese" toID="F2" toText="pollo fundido" />
<OPINION id="O0" fromID="Q1" fromText="dried" toID="F1" toText="pork" relationship="explicit" />
<OPINION id="O1" fromID="Q2" fromText="rubbery" toID="F1" toText="pork" relationship="explicit" />
<OPINION id="O2" fromID="Q3" fromText="days old" toID="F1" toText="pork" relationship="explicit" />
<OPINION id="O3" fromID="Q4" fromText="not any better" toID="F3" toText="Pollo Fundido" relationship="explicit" />
<OPINION id="O4" fromID="Q5" fromText="over salted" toID="F2" toText="pollo fundido" relationship="explicit" />
<OPINION id="O5" fromID="Q6" fromText="made with poor quality ingredients" toID="F2" toText="pollo fundido" relationship="explicit" />
<OPINION id="O6" fromID="Q7" fromText="appeared to have come from a can" toID="F4" toText="chicken" relationship="explicit" />
<OPINION id="O7" fromID="Q8" fromText="tasted processed" toID="F5" toText="cheese" relationship="explicit" />
<OPINION id="O8" fromID="Q9" fromText="We only ate a couple of bites of" toID="A1" toText="it" relationship="implicit" />
<OPINION id="O9" fromID="Q0" fromText="we ate three bites of it and put it aside" toID="A0" toText="it" relationship="implicit" />
<COREFERENCE id="C0" fromID="F2" fromText="pollo fundido" toID="F3" toText="Pollo Fundido" />
<COREFERENCE id="C1" fromID="A0" fromText="it" toID="F0" toText="Carlos Carnitas Dinner" />
<COREFERENCE id="C2" fromID="A1" fromText="it" toID="F2" toText="pollo fundido" />
</TAGS>
</yelp_reviews_1.1>