<?xml version="1.0" encoding="UTF-8" ?>

<yelp_reviews_1.1>
<TEXT><![CDATA[Whever I'm in Phoenix visiting familia, I request that we go to get some "Mexican" comida. I've had their food since I was an adolescente and I can honestly say the food hasn't changed. I still get my customary pollo chimi, with sauce on the side so it doesn't get soggy. Muy bueno! The chips/salsa at Mexican places can reel me in faster than a sugar daddy with a helicopter and Carlos knows his chips and salsa.]]></TEXT>
<TAGS>
<FOOD id="F0" spans="397~412" text="chips and salsa"  />
<FOOD id="F1" spans="211~222" text="pollo chimi"  />
<FOOD id="F2" spans="287~298" text="chips/salsa"  />
<FOOD id="F3" spans="229~234" text="sauce"  />
<ANAPHORA id="A0" spans="250~252" text="it"  />
<QUALITY id="Q0" spans="272~281" text="Muy bueno" type="positive" />
<QUALITY id="Q1" spans="380~396" text="Carlos knows his" type="positive" />
<QUALITY id="Q2" spans="317~375" text="can reel me in faster than a sugar daddy with a helicopter" type="positive" />
<QUALITY id="Q3" spans="253~270" text="doesn&apos;t get soggy" type="negative" />
<PART_OF id="P0" fromID="F3" fromText="sauce" toID="F1" toText="pollo chimi" />
<OPINION id="O0" fromID="Q1" fromText="Carlos knows his" toID="F0" toText="chips and salsa" relationship="implicit" />
<OPINION id="O1" fromID="Q0" fromText="Muy bueno" toID="F1" toText="pollo chimi" relationship="explicit" />
<OPINION id="O2" fromID="Q2" fromText="can reel me in faster than a sugar daddy with a helicopter" toID="F2" toText="chips/salsa" relationship="implicit" />
<OPINION id="O3" fromID="Q3" fromText="doesn&apos;t get soggy" toID="A0" toText="it" relationship="explicit" />
<COREFERENCE id="C0" fromID="F0" fromText="chips and salsa" toID="F2" toText="chips/salsa" />
<COREFERENCE id="C1" fromID="A0" fromText="it" toID="F1" toText="pollo chimi" />
</TAGS>
</yelp_reviews_1.1>