<?xml version="1.0" encoding="UTF-8" ?>

<yelp_reviews_1.1>
<TEXT><![CDATA[I can remember when this location was being built as a kid, little did I know that one day this place would make the best pollo fundido on the planet.  That's right, second to none and it took me many years to discover this wonderful treat of a meal.  I have been here many times over the years since I literally grew up with the smell since I lived right across the street from here.  The chips and salsa are so good here as well, the spicy hot sauce is the best!  All the meals here are large portioned and always delish, the atmosphere is very nice for the area and the bar is a cool place to hang out as well.  I love the different elevations throughout the restaurant.  The service is always 5 star as well, I highly recommend a visit here if you are looking for AZ Mexican food.]]></TEXT>
<TAGS>
<FOOD id="F0" spans="122~135" text="pollo fundido"  />
<FOOD id="F1" spans="390~405" text="chips and salsa"  />
<FOOD id="F2" spans="436~451" text="spicy hot sauce"  />
<ANAPHORA id="A0" spans="245~249" text="meal"  />
<QUALITY id="Q0" spans="113~121" text="the best" type="positive" />
<QUALITY id="Q1" spans="410~417" text="so good" type="positive" />
<QUALITY id="Q2" spans="166~180" text="second to none" type="positive" />
<QUALITY id="Q3" spans="455~463" text="the best" type="positive" />
<QUALITY id="Q4" spans="224~239" text="wonderful treat" type="positive" />
<PART_OF id="P0" fromID="F2" fromText="spicy hot sauce" toID="F1" toText="chips and salsa" />
<OPINION id="O0" fromID="Q1" fromText="so good" toID="F1" toText="chips and salsa" relationship="explicit" />
<OPINION id="O1" fromID="Q3" fromText="the best" toID="F2" toText="spicy hot sauce" relationship="explicit" />
<OPINION id="O2" fromID="Q2" fromText="second to none" toID="F0" toText="pollo fundido" relationship="explicit" />
<OPINION id="O3" fromID="Q0" fromText="the best" toID="F0" toText="pollo fundido" relationship="explicit" />
<OPINION id="O4" fromID="Q4" fromText="wonderful treat" toID="A0" toText="meal" relationship="explicit" />
<COREFERENCE id="C0" fromID="A0" fromText="meal" toID="F0" toText="pollo fundido" />
</TAGS>
</yelp_reviews_1.1>