<?xml version="1.0" encoding="UTF-8" ?>

<yelp_reviews_1.1>
<TEXT><![CDATA[My family ate here fairly late and we were all starving. Our waiter was friendly and never neglected to refill our drinks or ask us if there was anything else we needed. I am a vegetarian, and there were a lot of options for me. The vegetable fajitas were delicious - probably the best I've ever tried. My family said that the beef tacos and beef burrito were amazing as well. We had eaten here before, but not in a long time. Now, however, we'll be sure to keep this place on our restaurant radar!]]></TEXT>
<TAGS>
<FOOD id="F0" spans="233~250" text="vegetable fajitas"  />
<FOOD id="F1" spans="327~337" text="beef tacos"  />
<FOOD id="F2" spans="342~354" text="beef burrito"  />
<QUALITY id="Q0" spans="268~301" text="probably the best I&apos;ve ever tried" type="positive" />
<QUALITY id="Q1" spans="256~265" text="delicious" type="positive" />
<QUALITY id="Q2" spans="360~367" text="amazing" type="positive" />
<OPINION id="O0" fromID="Q1" fromText="delicious" toID="F0" toText="vegetable fajitas" relationship="explicit" />
<OPINION id="O1" fromID="Q0" fromText="probably the best I&apos;ve ever tried" toID="F0" toText="vegetable fajitas" relationship="explicit" />
<OPINION id="O2" fromID="Q2" fromText="amazing" toID="F1" toText="beef tacos" relationship="explicit" />
<OPINION id="O3" fromID="Q2" fromText="amazing" toID="F2" toText="beef burrito" relationship="explicit" />
</TAGS>
</yelp_reviews_1.1>