<?xml version="1.0" encoding="UTF-8" ?>

<yelp_reviews_1.1>
<TEXT><![CDATA[My favorite mexican food in the entire world! I have been coming here since I was born and everything I get is always delicious, consistant, and high quality. They have my favorite salsa and the best mexican rice and refried beans I have had at any mexican resturant.]]></TEXT>
<TAGS>
<FOOD id="F0" spans="181~186" text="salsa"  />
<FOOD id="F1" spans="200~212" text="mexican rice"  />
<FOOD id="F2" spans="217~230" text="refried beans"  />
<QUALITY id="Q0" spans="169~180" text="my favorite" type="positive" />
<QUALITY id="Q1" spans="191~199" text="the best" type="positive" />
<OPINION id="O0" fromID="Q0" fromText="my favorite" toID="F0" toText="salsa" relationship="implicit" />
<OPINION id="O1" fromID="Q1" fromText="the best" toID="F1" toText="mexican rice" relationship="explicit" />
<OPINION id="O2" fromID="Q1" fromText="the best" toID="F2" toText="refried beans" relationship="explicit" />
</TAGS>
</yelp_reviews_1.1>