<?xml version="1.0" encoding="UTF-8" ?>

<yelp_reviews_1.1>
<TEXT><![CDATA[We have ate here twice now. It is very good food. Service at the bar is great we always had a drink and the red salsa was my favorite had a good spicy flavor. I had the burrito smothered In red chili good flavor. This is the best we have had yet but have seen many places to try. We would definitely come back]]></TEXT>
<TAGS>
<FOOD id="F0" spans="169~176" text="burrito"  />
<FOOD id="F1" spans="108~117" text="red salsa"  />
<FOOD id="F2" spans="190~199" text="red chili"  />
<ANAPHORA id="A0" spans="213~217" text="This"  />
<QUALITY id="Q1" spans="134~157" text="had a good spicy flavor" type="positive" />
<QUALITY id="Q2" spans="122~133" text="my favorite" type="positive" />
<QUALITY id="Q4" spans="200~211" text="good flavor" type="positive" />
<PART_OF id="P0" fromID="F2" fromText="red chili" toID="F0" toText="burrito" />
<OPINION id="O0" fromID="Q2" fromText="my favorite" toID="F1" toText="red salsa" relationship="implicit" />
<OPINION id="O1" fromID="Q1" fromText="had a good spicy flavor" toID="F1" toText="red salsa" relationship="explicit" />
<OPINION id="O3" fromID="Q4" fromText="good flavor" toID="F0" toText="burrito" relationship="explicit" />
<COREFERENCE id="C0" fromID="A0" fromText="This" toID="F0" toText="burrito" />
</TAGS>
</yelp_reviews_1.1>