<?xml version="1.0" encoding="UTF-8" ?>

<yelp_reviews_1.1>
<TEXT><![CDATA[It had been years since I had been to Carlos O'Briens and last night was a reminder why it had been so long. The wait was short..we were seated right away and before we even settled into the booth we had our water with our chips and salsa. The waitress was pleasant and refilled our beverages, the restrooms clean. 

So why do you say, "Only 2 stars?" The food..where to begin about the food. Our meal started on such a high note, the chips were hot and the salsa fresh..that is where the high notes end. My pollo fundido was extremely dry with chicken that tasted like it had been boiled with absolutely no seasoning..no salt, no pepper..nothing. The jalapeno cream sauce was good and the dish had plenty of melted cheese, but all of that unseasoned chicken just made it so very unappealing. The beans  had a good flavor but they looked like they had been under a heat lamp for a while, all of that gooey melted cheese couldn't hide the hard, dry crust that had formed on top. And the rice....I will just leave it at that, rice

The husband had a shredded beef enchilada & taco combo. He ate the enchilada, said it was ok, but the taco..again, boiled, unseasoned meat, which he left on the plate. The child had a grilled cheese sandwich. Really over toasted bread with unmelted cheese, how can you mess up a 4 year olds grilled cheese? 

Carlos O'Brien has the potential to be a great mexican restaurant. It's affordable, the restaurant is clean and they are in an area with not a whole lot of dining options (maybe that is why they have been a round for so long) but unless they take a little more pride in the actual food..I don't think in this econony they might not make it.]]></TEXT>
<TAGS>
<FOOD id="F0" spans="435~440" text="chips"  />
<FOOD id="F1" spans="458~463" text="salsa"  />
<FOOD id="F2" spans="508~521" text="pollo fundido"  />
<FOOD id="F3" spans="652~672" text="jalapeno cream sauce"  />
<FOOD id="F4" spans="545~552" text="chicken"  />
<FOOD id="F5" spans="716~722" text="cheese"  />
<FOOD id="F6" spans="751~758" text="chicken"  />
<FOOD id="F7" spans="986~990" text="rice"  />
<FOOD id="F8" spans="913~919" text="cheese"  />
<FOOD id="F9" spans="797~802" text="beans"  />
<FOOD id="F10" spans="1048~1084" text="shredded beef enchilada &amp; taco combo"  />
<FOOD id="F11" spans="1097~1106" text="enchilada"  />
<FOOD id="F12" spans="1214~1237" text="grilled cheese sandwich"  />
<FOOD id="F13" spans="1164~1168" text="meat"  />
<FOOD id="F14" spans="1279~1285" text="cheese"  />
<FOOD id="F15" spans="1259~1264" text="bread"  />
<FOOD id="F16" spans="1132~1136" text="taco"  />
<FOOD id="F17" spans="1321~1335" text="grilled cheese"  />
<ANAPHORA id="A0" spans="690~694" text="dish"  />
<ANAPHORA id="A1" spans="769~771" text="it"  />
<ANAPHORA id="A2" spans="826~830" text="they"  />
<ANAPHORA id="A3" spans="1113~1115" text="it"  />
<QUALITY id="Q0" spans="446~449" text="hot" type="positive" />
<QUALITY id="Q1" spans="464~469" text="fresh" type="positive" />
<QUALITY id="Q2" spans="526~539" text="extremely dry" type="negative" />
<QUALITY id="Q3" spans="558~617" text="tasted like it had been boiled with absolutely no seasoning" type="negative" />
<QUALITY id="Q4" spans="619~626" text="no salt" type="negative" />
<QUALITY id="Q5" spans="628~637" text="no pepper" type="negative" />
<QUALITY id="Q6" spans="639~646" text="nothing" type="negative" />
<QUALITY id="Q7" spans="677~681" text="good" type="positive" />
<QUALITY id="Q8" spans="695~722" text="had plenty of melted cheese" type="positive" />
<QUALITY id="Q9" spans="740~750" text="unseasoned" type="negative" />
<QUALITY id="Q10" spans="764~791" text="made it so very unappealing" type="negative" />
<QUALITY id="Q11" spans="804~821" text="had a good flavor" type="positive" />
<QUALITY id="Q12" spans="831~886" text="looked like they had been under a heat lamp for a while" type="negative" />
<QUALITY id="Q13" spans="900~905" text="gooey" type="neutral" />
<QUALITY id="Q16" spans="906~912" text="melted" type="positive" />
<QUALITY id="Q18" spans="888~976" text="all of that gooey melted cheese couldn&apos;t hide the hard, dry crust that had formed on top" type="negative" />
<QUALITY id="Q19" spans="994~1028" text="I will just leave it at that, rice" type="negative" />
<QUALITY id="Q20" spans="1246~1258" text="over toasted" type="negative" />
<QUALITY id="Q21" spans="1153~1163" text="unseasoned" type="negative" />
<QUALITY id="Q22" spans="1145~1151" text="boiled" type="neutral" />
<QUALITY id="Q23" spans="1270~1278" text="unmelted" type="negative" />
<QUALITY id="Q24" spans="1287~1306" text="how can you mess up" type="negative" />
<QUALITY id="Q25" spans="1086~1096,1108~1122" text="He ate the ... said it was ok" type="neutral" />
<PART_OF id="P0" fromID="F4" fromText="chicken" toID="F2" toText="pollo fundido" />
<PART_OF id="P1" fromID="F3" fromText="jalapeno cream sauce" toID="F2" toText="pollo fundido" />
<PART_OF id="P2" fromID="F5" fromText="cheese" toID="A0" toText="dish" />
<PART_OF id="P3" fromID="F9" fromText="beans" toID="A1" toText="it" />
<PART_OF id="P4" fromID="F7" fromText="rice" toID="A1" toText="it" />
<PART_OF id="P5" fromID="F11" fromText="enchilada" toID="F10" toText="shredded beef enchilada &amp; taco combo" />
<PART_OF id="P6" fromID="F13" fromText="meat" toID="F16" toText="taco" />
<PART_OF id="P7" fromID="F15" fromText="bread" toID="F12" toText="grilled cheese sandwich" />
<PART_OF id="P8" fromID="F14" fromText="cheese" toID="F12" toText="grilled cheese sandwich" />
<OPINION id="O0" fromID="Q3" fromText="tasted like it had been boiled with absolutely no seasoning" toID="F4" toText="chicken" relationship="explicit" />
<OPINION id="O1" fromID="Q0" fromText="hot" toID="F0" toText="chips" relationship="explicit" />
<OPINION id="O2" fromID="Q1" fromText="fresh" toID="F1" toText="salsa" relationship="explicit" />
<OPINION id="O3" fromID="Q2" fromText="extremely dry" toID="F2" toText="pollo fundido" relationship="explicit" />
<OPINION id="O4" fromID="Q4" fromText="no salt" toID="F4" toText="chicken" relationship="explicit" />
<OPINION id="O5" fromID="Q5" fromText="no pepper" toID="F4" toText="chicken" relationship="explicit" />
<OPINION id="O6" fromID="Q6" fromText="nothing" toID="F4" toText="chicken" relationship="explicit" />
<OPINION id="O7" fromID="Q7" fromText="good" toID="F3" toText="jalapeno cream sauce" relationship="explicit" />
<OPINION id="O8" fromID="Q8" fromText="had plenty of melted cheese" toID="A0" toText="dish" relationship="explicit" />
<OPINION id="O9" fromID="Q9" fromText="unseasoned" toID="F6" toText="chicken" relationship="explicit" />
<OPINION id="O10" fromID="Q10" fromText="made it so very unappealing" toID="A1" toText="it" relationship="explicit" />
<OPINION id="O11" fromID="Q11" fromText="had a good flavor" toID="F9" toText="beans" relationship="explicit" />
<OPINION id="O12" fromID="Q12" fromText="looked like they had been under a heat lamp for a while" toID="A2" toText="they" relationship="implicit" />
<OPINION id="O13" fromID="Q16" fromText="melted" toID="F8" toText="cheese" relationship="explicit" />
<OPINION id="O14" fromID="Q13" fromText="gooey" toID="F8" toText="cheese" relationship="explicit" />
<OPINION id="O15" fromID="Q18" fromText="all of that gooey melted cheese couldn&apos;t hide the hard, dry crust that had formed on top" toID="A2" toText="they" relationship="explicit" />
<OPINION id="O16" fromID="Q19" fromText="I will just leave it at that, rice" toID="F7" toText="rice" relationship="implicit" />
<OPINION id="O17" fromID="Q21" fromText="unseasoned" toID="F13" toText="meat" relationship="explicit" />
<OPINION id="O18" fromID="Q25" fromText="He ate the ... said it was ok" toID="F11" toText="enchilada" relationship="explicit" />
<OPINION id="O19" fromID="Q20" fromText="over toasted" toID="F15" toText="bread" relationship="explicit" />
<OPINION id="O20" fromID="Q22" fromText="boiled" toID="F13" toText="meat" relationship="explicit" />
<OPINION id="O21" fromID="Q23" fromText="unmelted" toID="F14" toText="cheese" relationship="explicit" />
<OPINION id="O22" fromID="Q24" fromText="how can you mess up" toID="F17" toText="grilled cheese" relationship="implicit" />
<COREFERENCE id="C0" fromID="A0" fromText="dish" toID="F2" toText="pollo fundido" />
<COREFERENCE id="C1" fromID="F6" fromText="chicken" toID="F4" toText="chicken" />
<COREFERENCE id="C2" fromID="A2" fromText="they" toID="F9" toText="beans" />
<COREFERENCE id="C3" fromID="A1" fromText="it" toID="A0" toText="dish" />
<COREFERENCE id="C4" fromID="A3" fromText="it" toID="F11" toText="enchilada" />
<COREFERENCE id="C5" fromID="F8" fromText="cheese" toID="F5" toText="cheese" />
</TAGS>
</yelp_reviews_1.1>