<?xml version="1.0" encoding="UTF-8" ?>

<yelp_reviews_1.1>
<TEXT><![CDATA[I ate here the other day for lunch after playing a round the golf, so I was starving.  I ordered the cheese enchilada and shreded beef taco combo w/rice and beans.  A great value for 8.50, plus a margarita for 2.50 which was great as well.  The shreded beef taco was very good, though I didn't get any gucamole or sour cream with it, I suppose I should have asked for it.  The cheese enchilada was good, but I do agree with the other posters that they pile up the cheese on their food, atleast the enchilada.  The plates are sloppy to look at and when eating the food, the plate turns into a mess.  For the value, you can't go wrong, but I do think they can make some simple changes to better the food look wise and not mase their food with so much cheese. 

I did have the mini chimi's years back and I remember how doughy and the lack of taste they had, not sure if they improved those at all.]]></TEXT>
<TAGS>
<FOOD id="F0" spans="196~205" text="margarita"  />
<FOOD id="F1" spans="245~262" text="shreded beef taco"  />
<FOOD id="F2" spans="377~393" text="cheese enchilada"  />
<FOOD id="F3" spans="498~507" text="enchilada"  />
<FOOD id="F4" spans="464~470" text="cheese"  />
<FOOD id="F5" spans="101~162" text="cheese enchilada and shreded beef taco combo w/rice and beans"  />
<FOOD id="F6" spans="773~786" text=" mini chimi&apos;s"  />
<ANAPHORA id="A0" spans="846~850" text="they"  />
<QUALITY id="Q0" spans="165~187" text="A great value for 8.50" type="positive" />
<QUALITY id="Q1" spans="225~230" text="great" type="positive" />
<QUALITY id="Q2" spans="267~276" text="very good" type="positive" />
<QUALITY id="Q3" spans="398~402" text="good" type="positive" />
<QUALITY id="Q4" spans="447~470" text="they pile up the cheese" type="negative" />
<QUALITY id="Q5" spans="817~823" text="doughy" type="negative" />
<QUALITY id="Q6" spans="832~845" text="lack of taste" type="negative" />
<PART_OF id="P0" fromID="F4" fromText="cheese" toID="F3" toText="enchilada" />
<OPINION id="O0" fromID="Q0" fromText="A great value for 8.50" toID="F5" toText="cheese enchilada and shreded beef taco combo w/rice and beans" relationship="explicit" />
<OPINION id="O1" fromID="Q1" fromText="great" toID="F0" toText="margarita" relationship="explicit" />
<OPINION id="O2" fromID="Q2" fromText="very good" toID="F1" toText="shreded beef taco" relationship="explicit" />
<OPINION id="O3" fromID="Q3" fromText="good" toID="F2" toText="cheese enchilada" relationship="explicit" />
<OPINION id="O4" fromID="Q4" fromText="they pile up the cheese" toID="F3" toText="enchilada" relationship="explicit" />
<OPINION id="O5" fromID="Q5" fromText="doughy" toID="A0" toText="they" relationship="explicit" />
<OPINION id="O6" fromID="Q6" fromText="lack of taste" toID="A0" toText="they" relationship="explicit" />
<COREFERENCE id="C0" fromID="F3" fromText="enchilada" toID="F2" toText="cheese enchilada" />
<COREFERENCE id="C1" fromID="A0" fromText="they" toID="F6" toText=" mini chimi&apos;s" />
</TAGS>
</yelp_reviews_1.1>