<?xml version="1.0" encoding="UTF-8" ?>

<yelp_reviews_1.1>
<TEXT><![CDATA[I was visiting the Phoenix area on business and tried out Carlos O'Brien's, which really doesn't sound like a Mexican restaurant. 

The food and service were both excellent. And the portions were enough to fill me up after a full of activity. The salmon was well done, as were the beans and rice.

If I ever visit Arizona again I will definitely make a stop at Carlos O'Brien's.]]></TEXT>
<TAGS>
<FOOD id="F0" spans="247~253" text="salmon"  />
<FOOD id="F1" spans="281~286" text="beans"  />
<FOOD id="F2" spans="291~295" text="rice"  />
<QUALITY id="Q0" spans="258~267" text="well done" type="positive" />
<OPINION id="O0" fromID="Q0" fromText="well done" toID="F2" toText="rice" relationship="explicit" />
<OPINION id="O1" fromID="Q0" fromText="well done" toID="F1" toText="beans" relationship="explicit" />
<OPINION id="O2" fromID="Q0" fromText="well done" toID="F0" toText="salmon" relationship="explicit" />
</TAGS>
</yelp_reviews_1.1>