<?xml version="1.0" encoding="UTF-8" ?>

<yelp_reviews_1.1>
<TEXT><![CDATA[If you want a the most delicious thing in the world-try the BEEF tamales with rice and beans...its so fantastic....perfect...when you sit in the bar you get instant service......what a nice valentines day meal~]]></TEXT>
<TAGS>
<FOOD id="F0" spans="60~92" text="BEEF tamales with rice and beans"  />
<ANAPHORA id="A0" spans="95~97" text="it"  />
<QUALITY id="Q0" spans="99~111" text="so fantastic" type="positive" />
<QUALITY id="Q1" spans="115~122" text="perfect" type="positive" />
<QUALITY id="Q2" spans="18~51" text="most delicious thing in the world" type="positive" />
<OPINION id="O0" fromID="Q1" fromText="perfect" toID="A0" toText="it" relationship="explicit" />
<OPINION id="O1" fromID="Q0" fromText="so fantastic" toID="A0" toText="it" relationship="explicit" />
<OPINION id="O2" fromID="Q2" fromText="most delicious thing in the world" toID="F0" toText="BEEF tamales with rice and beans" relationship="explicit" />
<COREFERENCE id="C0" fromID="A0" fromText="it" toID="F0" toText="BEEF tamales with rice and beans" />
</TAGS>
</yelp_reviews_1.1>