<?xml version="1.0" encoding="UTF-8" ?>

<yelp_reviews_1.1>
<TEXT><![CDATA[This place is amazing! Where do I start? Carlos O'Brien's was my first eat-out experience when I moved here and I have gone back many, many times since. It's a great place to meet and eat - they have a huge restaurant with plenty of seating. The food alone is a reason to go, but the staff is always friendly and the service is very quick. My favorite dish is the CHICKEN FONDIDO! If you like fried chicken, cheese and cream cheese THEN LOOK NO FURTHER because the Chicken Fondido is the end-all be-all of amazingness!
Granted that the food is not authentic Mexican, it is very interesting to combine Mexican and Irish food. Coming from a Spanish and Irish family, I felt quite at home looking at the menu and having to choose between corned beef and nachos.
And it gets even better when you consider the prices. For the over-the-top portions you receive, the prices are very agreeable. 
The atmosphere is clean, friendly and inviting. If you're on a date you can ask for a more intimate table and they will be happy to seat you somewhere you can kanoodle with your date.
Drinks from the bar are prompt and put together correctly. Never once have I had to send something back to be remade - even when I've ordered complicated mixed drinks.
A couple can go and have dinner, drinks and dessert for under $30.
I really, really enjoy this place and highly recommend it to everyone: single people, couples, families and friends!]]></TEXT>
<TAGS>
<FOOD id="F0" spans="364~379" text="CHICKEN FONDIDO"  />
<FOOD id="F1" spans="393~406" text="fried chicken"  />
<FOOD id="F2" spans="408~414" text="cheese"  />
<FOOD id="F3" spans="419~431" text="cream cheese"  />
<FOOD id="F4" spans="465~480" text="Chicken Fondido"  />
<QUALITY id="Q0" spans="340~356" text="My favorite dish" type="positive" />
<QUALITY id="Q1" spans="381~452" text="If you like fried chicken, cheese and cream cheese THEN LOOK NO FURTHER" type="positive" />
<QUALITY id="Q2" spans="488~517" text="end-all be-all of amazingness" type="positive" />
<PART_OF id="P0" fromID="F1" fromText="fried chicken" toID="F0" toText="CHICKEN FONDIDO" />
<PART_OF id="P1" fromID="F2" fromText="cheese" toID="F0" toText="CHICKEN FONDIDO" />
<PART_OF id="P2" fromID="F3" fromText="cream cheese" toID="F0" toText="CHICKEN FONDIDO" />
<OPINION id="O0" fromID="Q0" fromText="My favorite dish" toID="F0" toText="CHICKEN FONDIDO" relationship="explicit" />
<OPINION id="O1" fromID="Q2" fromText="end-all be-all of amazingness" toID="F4" toText="Chicken Fondido" relationship="explicit" />
</TAGS>
</yelp_reviews_1.1>