<?xml version="1.0" encoding="UTF-8" ?>

<yelp_reviews_1.1>
<TEXT><![CDATA[Delicious! Be sure to get a pitcher of margaritas - YUMMY!]]></TEXT>
<TAGS>
<FOOD id="F0" spans="39~49" text="margaritas"  />
<QUALITY id="Q0" spans="52~57" text="YUMMY" type="positive" />
<QUALITY id="Q1" spans="11~38" text="Be sure to get a pitcher of" type="positive" />
<OPINION id="O0" fromID="Q1" fromText="Be sure to get a pitcher of" toID="F0" toText="margaritas" relationship="implicit" />
<OPINION id="O1" fromID="Q0" fromText="YUMMY" toID="F0" toText="margaritas" relationship="explicit" />
</TAGS>
</yelp_reviews_1.1>