<?xml version="1.0" encoding="UTF-8" ?>

<yelp_reviews_1.1>
<TEXT><![CDATA[We used to go here years ago. Been going to ajo als and Arriba's since. They are just closer to where we live.
I ordered the pollo fundido, which is what I order at the other places. It was drier and not as tasty as I've gotten used to. Still a good dish but it'll probably be years before I go back again.
The service was awesome. The guy who brings the chips and salsa and refills the drinks- totally awesome. My drink was never below 1/2- I love that. We tipped him separate...]]></TEXT>
<TAGS>
<FOOD id="F0" spans="125~138" text="pollo fundido"  />
<ANAPHORA id="A0" spans="183~185" text="It"  />
<QUALITY id="Q0" spans="190~195" text="drier" type="negative" />
<QUALITY id="Q1" spans="200~212" text="not as tasty" type="negative" />
<QUALITY id="Q2" spans="237~254" text="Still a good dish" type="neutral" />
<OPINION id="O0" fromID="Q0" fromText="drier" toID="A0" toText="It" relationship="explicit" />
<OPINION id="O1" fromID="Q1" fromText="not as tasty" toID="A0" toText="It" relationship="explicit" />
<OPINION id="O2" fromID="Q2" fromText="Still a good dish" toID="A0" toText="It" relationship="explicit" />
<COREFERENCE id="C0" fromID="A0" fromText="It" toID="F0" toText="pollo fundido" />
</TAGS>
</yelp_reviews_1.1>