<?xml version="1.0" encoding="UTF-8" ?>

<yelp_reviews_1.1>
<TEXT><![CDATA[This is not the place it used to be.  We ordered a cheese crisp and it came out limp and not very hot.  Waitress had another cooked and this time the bottom layer tasted like a cracker.  So disappointed.  Next we had the queso dip which was amazing. Portion was just smaller.  Chips were also amazing.
Then to our favorite Pollo Fundido.  And the shells were dark brown and over cooked.  Used to have a wonderful cream cheese on top with cheese and that was even just a little.  Inside was dry.

So disappointing.  We have been going here for 30 years and now I am not sure we will every go back.  Not sure what they did to the food that used to be so great!11]]></TEXT>
<TAGS>
<FOOD id="F0" spans="51~63" text="cheese crisp"  />
<FOOD id="F1" spans="221~230" text="queso dip"  />
<FOOD id="F2" spans="277~282" text="Chips"  />
<FOOD id="F3" spans="323~336" text="Pollo Fundido"  />
<FOOD id="F4" spans="347~353" text="shells"  />
<FOOD id="F5" spans="150~162" text="bottom layer"  />
<ANAPHORA id="A0" spans="68~70" text="it"  />
<ANAPHORA id="A1" spans="146~162" text="the bottom layer"  />
<QUALITY id="Q0" spans="80~84" text="limp" type="negative" />
<QUALITY id="Q1" spans="89~101" text="not very hot" type="negative" />
<QUALITY id="Q2" spans="250~274" text="Portion was just smaller" type="neutral" />
<QUALITY id="Q3" spans="163~184" text="tasted like a cracker" type="negative" />
<QUALITY id="Q4" spans="187~202" text="So disappointed" type="negative" />
<QUALITY id="Q5" spans="241~248" text="amazing" type="positive" />
<QUALITY id="Q6" spans="293~300" text="amazing" type="positive" />
<QUALITY id="Q7" spans="359~369" text="dark brown" type="negative" />
<QUALITY id="Q8" spans="374~385" text="over cooked" type="negative" />
<QUALITY id="Q9" spans="479~493" text="Inside was dry" type="negative" />
<PART_OF id="P0" fromID="F4" fromText="shells" toID="F3" toText="Pollo Fundido" />
<OPINION id="O0" fromID="Q1" fromText="not very hot" toID="A0" toText="it" relationship="explicit" />
<OPINION id="O1" fromID="Q0" fromText="limp" toID="A0" toText="it" relationship="explicit" />
<OPINION id="O2" fromID="Q4" fromText="So disappointed" toID="A0" toText="it" relationship="implicit" />
<OPINION id="O3" fromID="Q3" fromText="tasted like a cracker" toID="F5" toText="bottom layer" relationship="implicit" />
<OPINION id="O4" fromID="Q2" fromText="Portion was just smaller" toID="F1" toText="queso dip" relationship="explicit" />
<OPINION id="O5" fromID="Q5" fromText="amazing" toID="F1" toText="queso dip" relationship="explicit" />
<OPINION id="O6" fromID="Q6" fromText="amazing" toID="F2" toText="Chips" relationship="explicit" />
<OPINION id="O7" fromID="Q9" fromText="Inside was dry" toID="F3" toText="Pollo Fundido" relationship="explicit" />
<OPINION id="O8" fromID="Q7" fromText="dark brown" toID="F4" toText="shells" relationship="explicit" />
<OPINION id="O9" fromID="Q8" fromText="over cooked" toID="F4" toText="shells" relationship="explicit" />
<COREFERENCE id="C0" fromID="A1" fromText="the bottom layer" toID="A0" toText="it" />
<COREFERENCE id="C1" fromID="A0" fromText="it" toID="F0" toText="cheese crisp" />
</TAGS>
</yelp_reviews_1.1>