<?xml version="1.0" encoding="UTF-8" ?>

<yelp_reviews_1.1>
<TEXT><![CDATA[Mmmm, Do i ever miss their food.  the best Mexican restaurant in the area.  From their dinner chips with the delicious hot sauce to their amazing burritos. We were sure to eat there a few time a month.]]></TEXT>
<TAGS>
<FOOD id="F0" spans="146~154" text="burritos"  />
<FOOD id="F1" spans="119~128" text="hot sauce"  />
<FOOD id="F2" spans="87~99" text="dinner chips"  />
<QUALITY id="Q0" spans="109~118" text="delicious" type="positive" />
<QUALITY id="Q1" spans="138~145" text="amazing" type="positive" />
<PART_OF id="P0" fromID="F1" fromText="hot sauce" toID="F2" toText="dinner chips" />
<OPINION id="O0" fromID="Q1" fromText="amazing" toID="F0" toText="burritos" relationship="explicit" />
<OPINION id="O1" fromID="Q0" fromText="delicious" toID="F1" toText="hot sauce" relationship="explicit" />
</TAGS>
</yelp_reviews_1.1>