<?xml version="1.0" encoding="UTF-8" ?>

<yelp_reviews_1.1>
<TEXT><![CDATA[Oh my, dare I...yes, I'm going to have to go with 3 stars.  Normally I would shun, poo-poo, and dismiss a gringo-Mex place like Carlos O'Brien's, but I got thinking that for what it is (gringo-Mex)... it's pretty darn OK!  Last night's meal of grilled shrimp and vegetables clinched it. The tacos are pretty good, the chimis, the burritos...and to find a decent, light ,healthy option too (I gotta go healthy once and a while, just not too often), well that's special.]]></TEXT>
<TAGS>
<FOOD id="F0" spans="291~296" text="tacos"  />
<FOOD id="F1" spans="244~273" text="grilled shrimp and vegetables"  />
<QUALITY id="Q0" spans="274~285" text="clinched it" type="positive" />
<QUALITY id="Q1" spans="301~312" text="pretty good" type="positive" />
<OPINION id="O0" fromID="Q0" fromText="clinched it" toID="F1" toText="grilled shrimp and vegetables" relationship="explicit" />
<OPINION id="O1" fromID="Q1" fromText="pretty good" toID="F0" toText="tacos" relationship="explicit" />
</TAGS>
</yelp_reviews_1.1>