<?xml version="1.0" encoding="UTF-8" ?>

<yelp_reviews_1.1>
<TEXT><![CDATA[With an Irish Mexican name like Carlos O'Brien's, you really never know what you are getting yourself into.  After trying to find some good queso in the Valley with very little success, I finally found the good stuff at Carlos O'Brien's.  It was delicious.  Apparently queso is not a big thing in the Southwest, but us Texans live for it.  

The food and chips and salsa were also very good.  My fajita chicken quesadillas had cheese oozing out of the sides of the tortillas and big fresh peppers.  The margaritas were also quite tasty.  I was so full I felt like I needed my husband to roll me out the door.]]></TEXT>
<TAGS>
<FOOD id="F0" spans="355~370" text="chips and salsa"  />
<FOOD id="F1" spans="396~422" text="fajita chicken quesadillas"  />
<FOOD id="F2" spans="489~496" text="peppers"  />
<FOOD id="F3" spans="465~474" text="tortillas"  />
<FOOD id="F4" spans="503~513" text="margaritas"  />
<FOOD id="F5" spans="427~433" text="cheese"  />
<FOOD id="F6" spans="140~145" text="queso"  />
<ANAPHORA id="A0" spans="239~241" text="It"  />
<QUALITY id="Q0" spans="427~474" text="cheese oozing out of the sides of the tortillas" type="positive" />
<QUALITY id="Q1" spans="434~474" text="oozing out of the sides of the tortillas" type="positive" />
<QUALITY id="Q2" spans="434~474" text="oozing out of the sides of the tortillas" type="positive" />
<QUALITY id="Q3" spans="246~255" text="delicious" type="positive" />
<QUALITY id="Q4" spans="381~390" text="very good" type="positive" />
<QUALITY id="Q5" spans="479~482" text="big" type="positive" />
<QUALITY id="Q6" spans="483~488" text="fresh" type="positive" />
<QUALITY id="Q7" spans="524~535" text="quite tasty" type="positive" />
<PART_OF id="P0" fromID="F5" fromText="cheese" toID="F1" toText="fajita chicken quesadillas" />
<PART_OF id="P1" fromID="F3" fromText="tortillas" toID="F1" toText="fajita chicken quesadillas" />
<PART_OF id="P2" fromID="F2" fromText="peppers" toID="F1" toText="fajita chicken quesadillas" />
<OPINION id="O0" fromID="Q3" fromText="delicious" toID="A0" toText="It" relationship="explicit" />
<OPINION id="O1" fromID="Q4" fromText="very good" toID="F0" toText="chips and salsa" relationship="explicit" />
<OPINION id="O2" fromID="Q5" fromText="big" toID="F2" toText="peppers" relationship="explicit" />
<OPINION id="O3" fromID="Q6" fromText="fresh" toID="F2" toText="peppers" relationship="explicit" />
<OPINION id="O4" fromID="Q7" fromText="quite tasty" toID="F4" toText="margaritas" relationship="explicit" />
<OPINION id="O5" fromID="Q1" fromText="oozing out of the sides of the tortillas" toID="F5" toText="cheese" relationship="implicit" />
<COREFERENCE id="C0" fromID="A0" fromText="It" toID="F6" toText="queso" />
</TAGS>
</yelp_reviews_1.1>