<?xml version="1.0" encoding="UTF-8" ?>

<yelp_reviews_1.1>
<TEXT><![CDATA[Amazing food and amazing service. Ordered chicken fajitas they were very good and the portion was really huge. My husband order #13 and thought it was unbelievable as well.]]></TEXT>
<TAGS>
<FOOD id="F0" spans="42~57" text="chicken fajitas"  />
<FOOD id="F1" spans="128~131" text="#13"  />
<ANAPHORA id="A0" spans="58~62" text="they"  />
<ANAPHORA id="A1" spans="144~146" text="it"  />
<QUALITY id="Q0" spans="68~77" text="very good" type="positive" />
<QUALITY id="Q1" spans="82~109" text="the portion was really huge" type="positive" />
<QUALITY id="Q2" spans="151~163" text="unbelievable" type="positive" />
<OPINION id="O0" fromID="Q0" fromText="very good" toID="A0" toText="they" relationship="explicit" />
<OPINION id="O1" fromID="Q1" fromText="the portion was really huge" toID="A0" toText="they" relationship="explicit" />
<OPINION id="O2" fromID="Q2" fromText="unbelievable" toID="A1" toText="it" relationship="explicit" />
<COREFERENCE id="C0" fromID="A1" fromText="it" toID="F1" toText="#13" />
<COREFERENCE id="C1" fromID="A0" fromText="they" toID="F0" toText="chicken fajitas" />
</TAGS>
</yelp_reviews_1.1>