<?xml version="1.0" encoding="UTF-8" ?>

<yelp_reviews_1.1>
<TEXT><![CDATA[Wife and I went there for the first time.  I was suprised at the size of the place and at how modern and nice the atmosphere is.
Our waiter, Daniel, was very personable and offered suggestions to my wife as to the chili sauce that was served with her meal.  She was a bit timid about things spicy and when she heard Jalopenos she veered away.  With a little coaxing though she tried it and then ate it all.
She had a pork burrito which she gave a 4 star to.  I had a pollo fundido  which was good and certainly had a LOT of chicken in it.  I'd give mine four stars also  because I'm a pushover ofr lots of melted cheese.
As mentioned before, the wait staff was very good.  Daniel really knew the menu and shared it with us.
Will come again.]]></TEXT>
<TAGS>
<FOOD id="F0" spans="467~480" text="pollo fundido"  />
<FOOD id="F1" spans="417~429" text="pork burrito"  />
<FOOD id="F2" spans="606~619" text="melted cheese"  />
<FOOD id="F3" spans="524~531" text="chicken"  />
<ANAPHORA id="A0" spans="535~537" text="it"  />
<ANAPHORA id="A1" spans="549~553" text="mine"  />
<QUALITY id="Q0" spans="511~537" text="had a LOT of chicken in it" type="positive" />
<QUALITY id="Q1" spans="436~456" text="she gave a 4 star to" type="positive" />
<QUALITY id="Q2" spans="492~496" text="good" type="positive" />
<QUALITY id="Q3" spans="554~564" text="four stars" type="positive" />
<QUALITY id="Q4" spans="598~619" text="lots of melted cheese" type="positive" />
<PART_OF id="P0" fromID="F3" fromText="chicken" toID="F0" toText="pollo fundido" />
<PART_OF id="P1" fromID="F2" fromText="melted cheese" toID="A1" toText="mine" />
<OPINION id="O0" fromID="Q1" fromText="she gave a 4 star to" toID="F1" toText="pork burrito" relationship="explicit" />
<OPINION id="O1" fromID="Q2" fromText="good" toID="F0" toText="pollo fundido" relationship="explicit" />
<OPINION id="O2" fromID="Q0" fromText="had a LOT of chicken in it" toID="F0" toText="pollo fundido" relationship="explicit" />
<OPINION id="O3" fromID="Q3" fromText="four stars" toID="A1" toText="mine" relationship="explicit" />
<OPINION id="O4" fromID="Q4" fromText="lots of melted cheese" toID="A1" toText="mine" relationship="explicit" />
<COREFERENCE id="C0" fromID="A1" fromText="mine" toID="A0" toText="it" />
<COREFERENCE id="C1" fromID="A0" fromText="it" toID="F0" toText="pollo fundido" />
</TAGS>
</yelp_reviews_1.1>