<?xml version="1.0" encoding="UTF-8" ?>

<yelp_reviews_1.1>
<TEXT><![CDATA[Carlos O'Brien's is perhaps the largest restaurant in the world (overkill? Maybe, but it's still a pretty big place) and there is this strange swing hanging from the rafters in one part of the restaurant.  I really wonder what it used to be.  But, now it's Carlos O'Brien's.  If you are dining in, order the queso dip.  It is delicious! But that's really all I would recommend.  Everything else is mediocre and super cheesy.  However, if you are using them to cater, I say order the mini chimis, mini tacos and mini flautas.  Great price to feed a large party at your house.

Also, with the size, there is never a wait.]]></TEXT>
<TAGS>
<FOOD id="F0" spans="308~317" text="queso dip"  />
<FOOD id="F1" spans="483~494" text="mini chimis"  />
<FOOD id="F2" spans="496~506" text="mini tacos"  />
<FOOD id="F3" spans="511~523" text="mini flautas"  />
<ANAPHORA id="A0" spans="320~322" text="It"  />
<ANAPHORA id="A1" spans="341~345" text="that"  />
<QUALITY id="Q0" spans="326~335" text="delicious" type="positive" />
<QUALITY id="Q1" spans="348~376" text="really all I would recommend" type="positive" />
<QUALITY id="Q2" spans="435~478" text="if you are using them to cater, I say order" type="positive" />
<QUALITY id="Q3" spans="526~537" text="Great price" type="positive" />
<QUALITY id="Q4" spans="298~303" text="order" type="positive" />
<OPINION id="O0" fromID="Q4" fromText="order" toID="F0" toText="queso dip" relationship="implicit" />
<OPINION id="O1" fromID="Q0" fromText="delicious" toID="A0" toText="It" relationship="explicit" />
<OPINION id="O2" fromID="Q1" fromText="really all I would recommend" toID="A1" toText="that" relationship="implicit" />
<OPINION id="O3" fromID="Q2" fromText="if you are using them to cater, I say order" toID="F1" toText="mini chimis" relationship="implicit" />
<OPINION id="O4" fromID="Q2" fromText="if you are using them to cater, I say order" toID="F2" toText="mini tacos" relationship="implicit" />
<OPINION id="O5" fromID="Q2" fromText="if you are using them to cater, I say order" toID="F3" toText="mini flautas" relationship="implicit" />
<OPINION id="O6" fromID="Q3" fromText="Great price" toID="F3" toText="mini flautas" relationship="explicit" />
<COREFERENCE id="C0" fromID="A1" fromText="that" toID="A0" toText="It" />
<COREFERENCE id="C1" fromID="A0" fromText="It" toID="F0" toText="queso dip" />
</TAGS>
</yelp_reviews_1.1>