<?xml version="1.0" encoding="UTF-8" ?>

<yelp_reviews_1.1>
<TEXT><![CDATA[We ate here for the first time last night, thanks to the Yelp search!  Happy to find it on our way back from the outlets in Anthem.  We weren't at all sure what to expect, but it is as everyone says.  
We were greeted by the friendly staff and redeemed our free chips and salsa for checking in on Yelp.
Everything was Flavorful and simple.  The chicken tacos were fantastic!  Just meat, lettuce, cheese, and a few tomatoes -- nothing fancy, and yet completely satisfying.  
We sat in the outdoor area and enjoyed the cool evening.
We will definitely be back!]]></TEXT>
<TAGS>
<FOOD id="F0" spans="262~277" text="chips and salsa"  />
<FOOD id="F1" spans="345~358" text="chicken tacos"  />
<FOOD id="F2" spans="381~385" text="meat"  />
<FOOD id="F3" spans="387~394" text="lettuce"  />
<FOOD id="F4" spans="396~402" text="cheese"  />
<FOOD id="F5" spans="414~422" text="tomatoes"  />
<QUALITY id="Q0" spans="257~261" text="free" type="positive" />
<QUALITY id="Q1" spans="364~373" text="fantastic" type="positive" />
<QUALITY id="Q2" spans="376~470" text="Just meat, lettuce, cheese, and a few tomatoes -- nothing fancy, and yet completely satisfying" type="positive" />
<QUALITY id="Q3" spans="426~439" text="nothing fancy" type="neutral" />
<PART_OF id="P0" fromID="F2" fromText="meat" toID="F1" toText="chicken tacos" />
<PART_OF id="P1" fromID="F3" fromText="lettuce" toID="F1" toText="chicken tacos" />
<PART_OF id="P2" fromID="F4" fromText="cheese" toID="F1" toText="chicken tacos" />
<PART_OF id="P3" fromID="F5" fromText="tomatoes" toID="F1" toText="chicken tacos" />
<OPINION id="O0" fromID="Q0" fromText="free" toID="F0" toText="chips and salsa" relationship="explicit" />
<OPINION id="O1" fromID="Q1" fromText="fantastic" toID="F1" toText="chicken tacos" relationship="explicit" />
<OPINION id="O2" fromID="Q2" fromText="Just meat, lettuce, cheese, and a few tomatoes -- nothing fancy, and yet completely satisfying" toID="F1" toText="chicken tacos" relationship="explicit" />
</TAGS>
</yelp_reviews_1.1>