<?xml version="1.0" encoding="UTF-8" ?>

<yelp_reviews_1.1>
<TEXT><![CDATA[Roberto's was featured on Diners, Drive-ins, and Dives.

After seeing Roberto's on Diners, Drive-ins, and Dives, I was excited about the idea of finding some really good food at a gas station restaurant. Not because I like to eat at gas stations, because it seems like a really unique situation. With that being said, I was a little disappointed when I arrived at Roberto's to find it as a standard strip mall restaurant, and no longer being located in a gas station.

I decided to order a Beef Chimichanga combination plate. It was a pretty good chimichanga, but not the best I've had. The beef was tender and tasty, and the rice and beans on the side had a nice fresh taste to them. 

The service was fast enough and friendly and the prices were lower than expected. The biggest complaint is that it's located in Anthem which is close to an hour from where I live. I'd probably go again if it was located closer to the city.

Above average food along with great prices give Roberto's an above average rating of four stars.]]></TEXT>
<TAGS>
<FOOD id="F0" spans="490~524" text="Beef Chimichanga combination plate"  />
<FOOD id="F1" spans="547~558" text="chimichanga"  />
<FOOD id="F2" spans="635~640" text="beans"  />
<FOOD id="F3" spans="591~595" text="beef"  />
<FOOD id="F4" spans="626~630" text="rice"  />
<ANAPHORA id="A0" spans="526~528" text="It"  />
<ANAPHORA id="A1" spans="679~683" text="them"  />
<QUALITY id="Q0" spans="564~585" text="not the best I&apos;ve had" type="neutral" />
<QUALITY id="Q1" spans="535~546" text="pretty good" type="positive" />
<QUALITY id="Q2" spans="600~606" text="tender" type="positive" />
<QUALITY id="Q3" spans="611~616" text="tasty" type="positive" />
<QUALITY id="Q4" spans="653~675" text="had a nice fresh taste" type="positive" />
<PART_OF id="P0" fromID="F3" fromText="beef" toID="F1" toText="chimichanga" />
<PART_OF id="P1" fromID="F4" fromText="rice" toID="F1" toText="chimichanga" />
<PART_OF id="P2" fromID="F1" fromText="chimichanga" toID="A0" toText="It" />
<PART_OF id="P3" fromID="F2" fromText="beans" toID="F1" toText="chimichanga" />
<OPINION id="O0" fromID="Q1" fromText="pretty good" toID="F1" toText="chimichanga" relationship="explicit" />
<OPINION id="O1" fromID="Q0" fromText="not the best I&apos;ve had" toID="A0" toText="It" relationship="implicit" />
<OPINION id="O2" fromID="Q3" fromText="tasty" toID="F3" toText="beef" relationship="explicit" />
<OPINION id="O3" fromID="Q2" fromText="tender" toID="F3" toText="beef" relationship="explicit" />
<OPINION id="O4" fromID="Q4" fromText="had a nice fresh taste" toID="F4" toText="rice" relationship="explicit" />
<OPINION id="O5" fromID="Q4" fromText="had a nice fresh taste" toID="F2" toText="beans" relationship="explicit" />
<COREFERENCE id="C0" fromID="A0" fromText="It" toID="F1" toText="chimichanga" />
<COREFERENCE id="C1" fromID="F1" fromText="chimichanga" toID="F0" toText="Beef Chimichanga combination plate" />
<COREFERENCE id="C2" fromID="A1" fromText="them" toID="F2" toText="beans" />
<COREFERENCE id="C3" fromID="A1" fromText="them" toID="F4" toText="rice" />
</TAGS>
</yelp_reviews_1.1>