<?xml version="1.0" encoding="UTF-8" ?>

<yelp_reviews_1.1>
<TEXT><![CDATA[When you check in, you get free salsa and chips. I mentioned to the owner that the spicier the better so he said he had a salsa for me.  Spicy with lots of flavors. Count me in!  When it came, it didn't disappoint in the spicy factor.  It did its job. Yummy. As for the chips though, those were nothing special. 
I got two soft tacos - chicken and carnitas. Both pretty decent. For a quick meal and personable service, I'd say this is pretty good.  3 1/2 stars worthy.]]></TEXT>
<TAGS>
<FOOD id="F0" spans="32~47" text="salsa and chips"  />
<FOOD id="F1" spans="122~127" text="salsa"  />
<FOOD id="F2" spans="270~275" text="chips"  />
<FOOD id="F3" spans="323~333" text="soft tacos"  />
<FOOD id="F4" spans="336~343" text="chicken"  />
<FOOD id="F5" spans="348~356" text="carnitas"  />
<ANAPHORA id="A0" spans="193~195" text="it"  />
<ANAPHORA id="A1" spans="184~186" text="it"  />
<ANAPHORA id="A2" spans="284~289" text="those"  />
<ANAPHORA id="A3" spans="236~238" text="It"  />
<ANAPHORA id="A4" spans="358~362" text="Both"  />
<QUALITY id="Q0" spans="363~376" text="pretty decent" type="positive" />
<QUALITY id="Q1" spans="295~310" text="nothing special" type="neutral" />
<QUALITY id="Q2" spans="252~257" text="Yummy" type="positive" />
<QUALITY id="Q3" spans="239~250" text="did its job" type="positive" />
<QUALITY id="Q4" spans="196~233" text="didn&apos;t disappoint in the spicy factor" type="positive" />
<QUALITY id="Q5" spans="137~163" text="Spicy with lots of flavors" type="positive" />
<QUALITY id="Q6" spans="27~31" text="free" type="positive" />
<PART_OF id="P0" fromID="F2" fromText="chips" toID="F0" toText="salsa and chips" />
<PART_OF id="P1" fromID="F1" fromText="salsa" toID="F0" toText="salsa and chips" />
<PART_OF id="P2" fromID="F5" fromText="carnitas" toID="F3" toText="soft tacos" />
<PART_OF id="P3" fromID="F4" fromText="chicken" toID="F3" toText="soft tacos" />
<OPINION id="O0" fromID="Q0" fromText="pretty decent" toID="A4" toText="Both" relationship="explicit" />
<OPINION id="O1" fromID="Q1" fromText="nothing special" toID="A2" toText="those" relationship="explicit" />
<OPINION id="O2" fromID="Q2" fromText="Yummy" toID="A3" toText="It" relationship="explicit" />
<OPINION id="O3" fromID="Q4" fromText="didn&apos;t disappoint in the spicy factor" toID="A0" toText="it" relationship="implicit" />
<OPINION id="O4" fromID="Q3" fromText="did its job" toID="A3" toText="It" relationship="implicit" />
<OPINION id="O5" fromID="Q5" fromText="Spicy with lots of flavors" toID="F1" toText="salsa" relationship="explicit" />
<OPINION id="O6" fromID="Q6" fromText="free" toID="F0" toText="salsa and chips" relationship="explicit" />
<COREFERENCE id="C0" fromID="A0" fromText="it" toID="F1" toText="salsa" />
<COREFERENCE id="C1" fromID="A1" fromText="it" toID="F1" toText="salsa" />
<COREFERENCE id="C2" fromID="A2" fromText="those" toID="F2" toText="chips" />
<COREFERENCE id="C3" fromID="A3" fromText="It" toID="F1" toText="salsa" />
<COREFERENCE id="C4" fromID="F4" fromText="chicken" toID="F3" toText="soft tacos" />
<COREFERENCE id="C5" fromID="F5" fromText="carnitas" toID="F3" toText="soft tacos" />
<COREFERENCE id="C6" fromID="A4" fromText="Both" toID="F4" toText="chicken" />
<COREFERENCE id="C7" fromID="A4" fromText="Both" toID="F5" toText="carnitas" />
</TAGS>
</yelp_reviews_1.1>