<?xml version="1.0" encoding="UTF-8" ?>

<yelp_reviews_1.1>
<TEXT><![CDATA[Great, fresh Carne Asada. I highly recommend this place. Don't let therapy food look fool you, it's great food. Friendly staff too. Check it out]]></TEXT>
<TAGS>
<FOOD id="F0" spans="13~24" text="Carne Asada"  />
<QUALITY id="Q0" spans="7~12" text="fresh" type="positive" />
<QUALITY id="Q1" spans="0~5" text="Great" type="positive" />
<OPINION id="O0" fromID="Q1" fromText="Great" toID="F0" toText="Carne Asada" relationship="explicit" />
<OPINION id="O1" fromID="Q0" fromText="fresh" toID="F0" toText="Carne Asada" relationship="explicit" />
</TAGS>
</yelp_reviews_1.1>