<?xml version="1.0" encoding="UTF-8" ?>

<yelp_reviews_1.1>
<TEXT><![CDATA[Hit up Roberto's for lunch on our way out of town. We now have a favorite new place to stop on roadtrips - this place was great!

The owner was working the counter so when we told him we had never been there he took the time to explain the different items and what was popular. We decided to try out a variety so we got tacos - carnitas, beef and carne asada and one beef tamale.

The carnitas taco was SO good. It comes on a soft shell taco with pico de gallo and guacamole. The meat was flavorful, juicy and crispy in parts. I would say it was the best carnitas I've found in the valley. The beef taco was also good but after the carnitas it did kinda pale in comparison. 

The tamale was also good - not too spicy but still flavorful.

Next time we head up north we will definitely be making a taco stop at Roberto's!]]></TEXT>
<TAGS>
<FOOD id="F0" spans="385~398" text="carnitas taco"  />
<FOOD id="F1" spans="426~441" text="soft shell taco"  />
<FOOD id="F2" spans="447~460" text="pico de gallo"  />
<FOOD id="F3" spans="465~474" text="guacamole"  />
<FOOD id="F4" spans="480~484" text="meat"  />
<FOOD id="F5" spans="594~603" text="beef taco"  />
<FOOD id="F6" spans="632~640" text="carnitas"  />
<FOOD id="F7" spans="680~686" text="tamale"  />
<FOOD id="F8" spans="367~378" text="beef tamale"  />
<FOOD id="F9" spans="347~358" text="carne asada"  />
<FOOD id="F10" spans="338~342" text="beef"  />
<FOOD id="F11" spans="328~336" text="carnitas"  />
<FOOD id="F12" spans="320~325" text="tacos"  />
<ANAPHORA id="A0" spans="412~414" text="It"  />
<ANAPHORA id="A1" spans="539~541" text="it"  />
<ANAPHORA id="A2" spans="641~643" text="it"  />
<QUALITY id="Q0" spans="403~410" text="SO good" type="positive" />
<QUALITY id="Q1" spans="426~436" text="soft shell" type="neutral" />
<QUALITY id="Q2" spans="489~498" text="flavorful" type="positive" />
<QUALITY id="Q3" spans="500~505" text="juicy" type="positive" />
<QUALITY id="Q4" spans="510~525" text="crispy in parts" type="positive" />
<QUALITY id="Q5" spans="546~588" text="the best carnitas I&apos;ve found in the valley" type="positive" />
<QUALITY id="Q6" spans="644~673" text="did kinda pale in comparison." type="neutral" />
<QUALITY id="Q7" spans="613~617" text="good" type="positive" />
<QUALITY id="Q8" spans="703~716" text="not too spicy" type="positive" />
<QUALITY id="Q9" spans="727~736" text="flavorful" type="positive" />
<QUALITY id="Q10" spans="696~700" text="good" type="positive" />
<PART_OF id="P0" fromID="F4" fromText="meat" toID="A0" toText="It" />
<PART_OF id="P1" fromID="F3" fromText="guacamole" toID="A0" toText="It" />
<PART_OF id="P2" fromID="F2" fromText="pico de gallo" toID="A0" toText="It" />
<PART_OF id="P3" fromID="F1" fromText="soft shell taco" toID="A0" toText="It" />
<PART_OF id="P4" fromID="F11" fromText="carnitas" toID="F12" toText="tacos" />
<PART_OF id="P5" fromID="F10" fromText="beef" toID="F12" toText="tacos" />
<PART_OF id="P6" fromID="F9" fromText="carne asada" toID="F12" toText="tacos" />
<OPINION id="O0" fromID="Q0" fromText="SO good" toID="F0" toText="carnitas taco" relationship="explicit" />
<OPINION id="O1" fromID="Q2" fromText="flavorful" toID="F4" toText="meat" relationship="explicit" />
<OPINION id="O2" fromID="Q3" fromText="juicy" toID="F4" toText="meat" relationship="explicit" />
<OPINION id="O3" fromID="Q4" fromText="crispy in parts" toID="F4" toText="meat" relationship="explicit" />
<OPINION id="O4" fromID="Q5" fromText="the best carnitas I&apos;ve found in the valley" toID="A1" toText="it" relationship="explicit" />
<OPINION id="O5" fromID="Q7" fromText="good" toID="F5" toText="beef taco" relationship="explicit" />
<OPINION id="O6" fromID="Q6" fromText="did kinda pale in comparison." toID="A2" toText="it" relationship="implicit" />
<OPINION id="O7" fromID="Q10" fromText="good" toID="F7" toText="tamale" relationship="explicit" />
<OPINION id="O8" fromID="Q8" fromText="not too spicy" toID="F7" toText="tamale" relationship="explicit" />
<OPINION id="O9" fromID="Q9" fromText="flavorful" toID="F7" toText="tamale" relationship="explicit" />
<COREFERENCE id="C0" fromID="A0" fromText="It" toID="F0" toText="carnitas taco" />
<COREFERENCE id="C1" fromID="A1" fromText="it" toID="F4" toText="meat" />
<COREFERENCE id="C2" fromID="A2" fromText="it" toID="F5" toText="beef taco" />
<COREFERENCE id="C3" fromID="F6" fromText="carnitas" toID="F0" toText="carnitas taco" />
<COREFERENCE id="C4" fromID="F7" fromText="tamale" toID="F8" toText="beef tamale" />
<COREFERENCE id="C5" fromID="F5" fromText="beef taco" toID="F10" toText="beef" />
<COREFERENCE id="C6" fromID="F0" fromText="carnitas taco" toID="F11" toText="carnitas" />
</TAGS>
</yelp_reviews_1.1>