<?xml version="1.0" encoding="UTF-8" ?>

<yelp_reviews_1.1>
<TEXT><![CDATA[Really good food for something fast and I like having an inexpensive margarita while I wait! Fun!]]></TEXT>
<TAGS>
<FOOD id="F0" spans="69~78" text="margarita"  />
<QUALITY id="Q0" spans="57~68" text="inexpensive" type="positive" />
<QUALITY id="Q1" spans="40~78" text="I like having an inexpensive margarita" type="positive" />
<OPINION id="O0" fromID="Q1" fromText="I like having an inexpensive margarita" toID="F0" toText="margarita" relationship="implicit" />
<OPINION id="O1" fromID="Q1" fromText="I like having an inexpensive margarita" toID="F0" toText="margarita" relationship="explicit" />
</TAGS>
</yelp_reviews_1.1>