<?xml version="1.0" encoding="UTF-8" ?>

<yelp_reviews_1.1>
<TEXT><![CDATA[Delicious, authentic Mexican food.  They use high quality ingredients and the food is great.  We love the tamarind drink, Texas burrito, green burrito, taco salad, and tacos al pastor.  Great prices too!]]></TEXT>
<TAGS>
<FOOD id="F0" spans="106~120" text="tamarind drink"  />
<FOOD id="F1" spans="122~135" text="Texas burrito"  />
<FOOD id="F2" spans="137~150" text="green burrito"  />
<FOOD id="F3" spans="152~162" text="taco salad"  />
<FOOD id="F4" spans="168~183" text="tacos al pastor"  />
<QUALITY id="Q0" spans="94~101" text="We love" type="positive" />
<OPINION id="O0" fromID="Q0" fromText="We love" toID="F0" toText="tamarind drink" relationship="implicit" />
<OPINION id="O1" fromID="Q0" fromText="We love" toID="F1" toText="Texas burrito" relationship="implicit" />
<OPINION id="O2" fromID="Q0" fromText="We love" toID="F2" toText="green burrito" relationship="implicit" />
<OPINION id="O3" fromID="Q0" fromText="We love" toID="F3" toText="taco salad" relationship="implicit" />
<OPINION id="O4" fromID="Q0" fromText="We love" toID="F4" toText="tacos al pastor" relationship="implicit" />
</TAGS>
</yelp_reviews_1.1>