<?xml version="1.0" encoding="UTF-8" ?>

<yelp_reviews_1.1>
<TEXT><![CDATA[Heard a ton about this place, beenbon food network a bunch. Was craving Mexican and went for take out. Had the carne asada burro and it was damn good. The simple mix of beef, some beans, poco and guac was really good. Definately going back soon, next to try the fish tacos.]]></TEXT>
<TAGS>
<FOOD id="F0" spans="111~128" text="carne asada burro"  />
<FOOD id="F1" spans="169~173" text="beef"  />
<FOOD id="F2" spans="180~185" text="beans"  />
<FOOD id="F3" spans="187~191" text="poco"  />
<FOOD id="F4" spans="196~200" text="guac"  />
<ANAPHORA id="A0" spans="133~135" text="it"  />
<ANAPHORA id="A1" spans="151~165" text="The simple mix"  />
<QUALITY id="Q0" spans="140~149" text="damn good" type="positive" />
<QUALITY id="Q1" spans="205~216" text="really good" type="positive" />
<PART_OF id="P0" fromID="F4" fromText="guac" toID="A1" toText="The simple mix" />
<PART_OF id="P1" fromID="F3" fromText="poco" toID="A1" toText="The simple mix" />
<PART_OF id="P2" fromID="F2" fromText="beans" toID="A1" toText="The simple mix" />
<PART_OF id="P3" fromID="F1" fromText="beef" toID="A1" toText="The simple mix" />
<OPINION id="O0" fromID="Q1" fromText="really good" toID="A1" toText="The simple mix" relationship="explicit" />
<OPINION id="O1" fromID="Q0" fromText="damn good" toID="A0" toText="it" relationship="explicit" />
<COREFERENCE id="C0" fromID="A0" fromText="it" toID="F0" toText="carne asada burro" />
<COREFERENCE id="C1" fromID="A1" fromText="The simple mix" toID="A0" toText="it" />
</TAGS>
</yelp_reviews_1.1>