<?xml version="1.0" encoding="UTF-8" ?>

<yelp_reviews_1.1>
<TEXT><![CDATA[We live in the general area and have been here several times before and after the DDD show. They always have good food. Always. 

We had 3x bean and cheese burritos, 1x shredded beef taco and 1x chili releno ,meal with rice and beans. I could only eat one chili and some rice and beans. That thing was good. The burritos an d taco were devoured by the rest of the family with hardly any speaking. That is a feat in my house. (3 girls) 

I heart Robertos.]]></TEXT>
<TAGS>
<FOOD id="F0" spans="140~164" text="bean and cheese burritos"  />
<FOOD id="F1" spans="169~187" text="shredded beef taco"  />
<FOOD id="F2" spans="195~207" text="chili releno"  />
<FOOD id="F3" spans="219~223" text="rice"  />
<FOOD id="F4" spans="228~233" text="beans"  />
<FOOD id="F5" spans="256~261" text="chili"  />
<FOOD id="F6" spans="271~275" text="rice"  />
<FOOD id="F7" spans="280~285" text="beans"  />
<FOOD id="F8" spans="312~320" text="burritos"  />
<FOOD id="F9" spans="326~330" text="taco"  />
<ANAPHORA id="A0" spans="287~297" text="That thing"  />
<QUALITY id="Q0" spans="302~306" text="good" type="positive" />
<QUALITY id="Q1" spans="336~395" text="devoured by the rest of the family with hardly any speaking" type="positive" />
<QUALITY id="Q2" spans="235~255" text="I could only eat one" type="positive" />
<PART_OF id="P4" fromID="F3" fromText="rice" toID="F2" toText="chili releno" />
<PART_OF id="P5" fromID="F4" fromText="beans" toID="F2" toText="chili releno" />
<OPINION id="O0" fromID="Q0" fromText="good" toID="A0" toText="That thing" relationship="explicit" />
<OPINION id="O1" fromID="Q1" fromText="devoured by the rest of the family with hardly any speaking" toID="F8" toText="burritos" relationship="implicit" />
<OPINION id="O2" fromID="Q1" fromText="devoured by the rest of the family with hardly any speaking" toID="F9" toText="taco" relationship="implicit" />
<OPINION id="O3" fromID="Q2" fromText="I could only eat one" toID="F5" toText="chili" relationship="implicit" />
<OPINION id="O4" fromID="Q2" fromText="I could only eat one" toID="F7" toText="beans" relationship="implicit" />
<OPINION id="O5" fromID="Q2" fromText="I could only eat one" toID="F6" toText="rice" relationship="implicit" />
<COREFERENCE id="C0" fromID="A0" fromText="That thing" toID="F5" toText="chili" />
</TAGS>
</yelp_reviews_1.1>