<?xml version="1.0" encoding="UTF-8" ?>

<yelp_reviews_1.1>
<TEXT><![CDATA[Pretty gosh darn delicious. All of our food was inhaled quickly. The Pico de Gallo was yummy as was the food. I had the chimicanga which was yummy and piping hot all the way through. 
$4.50 margarita was refreshing. Loved that they served it to me in an actual glass with a salt rim. They obviously know what's important in life.
I'm pretty sure the owner took our order. He was such a nice guy and easy to talk to, if only for the few minutes while ordering. 
We waited about 10 minutes for our food (besides the chips and salsa) which felt much longer than I had expected for this place but it was worth it.]]></TEXT>
<TAGS>
<FOOD id="F0" spans="69~82" text="Pico de Gallo"  />
<FOOD id="F1" spans="120~130" text="chimicanga"  />
<FOOD id="F2" spans="190~199" text="margarita"  />
<ANAPHORA id="A0" spans="239~241" text="it"  />
<QUALITY id="Q0" spans="141~146" text="yummy" type="positive" />
<QUALITY id="Q1" spans="151~181" text="piping hot all the way through" type="positive" />
<QUALITY id="Q2" spans="87~92" text="yummy" type="positive" />
<QUALITY id="Q3" spans="204~214" text="refreshing" type="positive" />
<QUALITY id="Q4" spans="216~282" text="Loved that they served it to me in an actual glass with a salt rim" type="positive" />
<OPINION id="O0" fromID="Q2" fromText="yummy" toID="F0" toText="Pico de Gallo" relationship="explicit" />
<OPINION id="O1" fromID="Q0" fromText="yummy" toID="F1" toText="chimicanga" relationship="explicit" />
<OPINION id="O2" fromID="Q1" fromText="piping hot all the way through" toID="F1" toText="chimicanga" relationship="explicit" />
<OPINION id="O3" fromID="Q3" fromText="refreshing" toID="F2" toText="margarita" relationship="explicit" />
<OPINION id="O4" fromID="Q4" fromText="Loved that they served it to me in an actual glass with a salt rim" toID="A0" toText="it" relationship="implicit" />
<COREFERENCE id="C0" fromID="A0" fromText="it" toID="F2" toText="margarita" />
</TAGS>
</yelp_reviews_1.1>