<?xml version="1.0" encoding="UTF-8" ?>

<yelp_reviews_1.1>
<TEXT><![CDATA[I wasn't even hungry but ate a burrito, chips and salsa and a combo platter. That's how good the food was! 

My cousin, who lives in Anthem, mentioned that Roberto's had been on Food Network. There was no line, luckily, and I was ready to wait for the food. 

I ate the carnitas platter and the carne asada burrito. Wow they're tasty. And I loved seeing all the beers on ice at the counter.]]></TEXT>
<TAGS>
<FOOD id="F0" spans="31~38" text="burrito"  />
<FOOD id="F1" spans="40~55" text="chips and salsa"  />
<FOOD id="F2" spans="62~75" text="combo platter"  />
<FOOD id="F3" spans="295~314" text="carne asada burrito"  />
<FOOD id="F4" spans="270~286" text="carnitas platter"  />
<FOOD id="F5" spans="97~101" text="food"  />
<ANAPHORA id="A0" spans="320~324" text="they"  />
<ANAPHORA id="A1" spans="97~101" text="food"  />
<QUALITY id="Q0" spans="88~92" text="good" type="positive" />
<QUALITY id="Q1" spans="0~28" text="I wasn&apos;t even hungry but ate" type="positive" />
<QUALITY id="Q2" spans="328~333" text="tasty" type="positive" />
<OPINION id="O0" fromID="Q2" fromText="tasty" toID="A0" toText="they" relationship="explicit" />
<OPINION id="O1" fromID="Q1" fromText="I wasn&apos;t even hungry but ate" toID="F1" toText="chips and salsa" relationship="implicit" />
<OPINION id="O2" fromID="Q1" fromText="I wasn&apos;t even hungry but ate" toID="F0" toText="burrito" relationship="implicit" />
<OPINION id="O3" fromID="Q1" fromText="I wasn&apos;t even hungry but ate" toID="F2" toText="combo platter" relationship="implicit" />
<OPINION id="O4" fromID="Q0" fromText="good" toID="A1" toText="food" relationship="explicit" />
<COREFERENCE id="C0" fromID="A1" fromText="food" toID="F1" toText="chips and salsa" />
<COREFERENCE id="C1" fromID="A1" fromText="food" toID="F2" toText="combo platter" />
<COREFERENCE id="C2" fromID="A1" fromText="food" toID="F0" toText="burrito" />
<COREFERENCE id="C3" fromID="A0" fromText="they" toID="F4" toText="carnitas platter" />
<COREFERENCE id="C4" fromID="A0" fromText="they" toID="F3" toText="carne asada burrito" />
</TAGS>
</yelp_reviews_1.1>