<?xml version="1.0" encoding="UTF-8" ?>

<yelp_reviews_1.1>
<TEXT><![CDATA[Came here for the first time after watching Guy Fieri's show! The staff were friendly and nice but the food was a little bit on the pricier side. The fish taco combo was a good size, the tacos had a lot of filling in them and the fish was fried perfectly, but lacked a bit of flavour. I asked for hot salsa, but the salsa was everything but spicy! Overall the food was good, but I wouldn't say it's the best Mexican place I've been.]]></TEXT>
<TAGS>
<FOOD id="F0" spans="150~165" text="fish taco combo"  />
<FOOD id="F1" spans="187~192" text="tacos"  />
<FOOD id="F2" spans="230~234" text="fish"  />
<FOOD id="F3" spans="316~321" text="salsa"  />
<FOOD id="F4" spans="297~306" text="hot salsa"  />
<ANAPHORA id="A0" spans="217~221" text="them"  />
<QUALITY id="Q0" spans="172~181" text="good size" type="positive" />
<QUALITY id="Q1" spans="193~221" text="had a lot of filling in them" type="positive" />
<QUALITY id="Q2" spans="239~254" text="fried perfectly" type="positive" />
<QUALITY id="Q3" spans="260~283" text="lacked a bit of flavour" type="negative" />
<QUALITY id="Q4" spans="326~346" text="everything but spicy" type="negative" />
<PART_OF id="P0" fromID="F1" fromText="tacos" toID="F0" toText="fish taco combo" />
<PART_OF id="P1" fromID="F2" fromText="fish" toID="F0" toText="fish taco combo" />
<OPINION id="O0" fromID="Q0" fromText="good size" toID="F0" toText="fish taco combo" relationship="explicit" />
<OPINION id="O1" fromID="Q1" fromText="had a lot of filling in them" toID="F1" toText="tacos" relationship="explicit" />
<OPINION id="O2" fromID="Q2" fromText="fried perfectly" toID="F2" toText="fish" relationship="explicit" />
<OPINION id="O3" fromID="Q3" fromText="lacked a bit of flavour" toID="F2" toText="fish" relationship="explicit" />
<OPINION id="O4" fromID="Q4" fromText="everything but spicy" toID="F3" toText="salsa" relationship="implicit" />
<COREFERENCE id="C0" fromID="A0" fromText="them" toID="F1" toText="tacos" />
<COREFERENCE id="C1" fromID="F3" fromText="salsa" toID="F4" toText="hot salsa" />
</TAGS>
</yelp_reviews_1.1>