<?xml version="1.0" encoding="UTF-8" ?>

<yelp_reviews_1.1>
<TEXT><![CDATA[Had carne asada plate. It was ok but not the 4-stars I was expecting. Maybe I got the wrong thing (?) The best part was the ginormous and delicious handmade flour tortilla which came with my plate.]]></TEXT>
<TAGS>
<FOOD id="F0" spans="4~21" text="carne asada plate"  />
<FOOD id="F1" spans="148~171" text="handmade flour tortilla"  />
<ANAPHORA id="A0" spans="191~196" text="plate"  />
<ANAPHORA id="A1" spans="23~25" text="It"  />
<QUALITY id="Q0" spans="30~32" text="ok" type="neutral" />
<QUALITY id="Q1" spans="37~68" text="not the 4-stars I was expecting" type="negative" />
<QUALITY id="Q2" spans="102~115" text="The best part" type="positive" />
<QUALITY id="Q3" spans="124~133" text="ginormous" type="positive" />
<QUALITY id="Q4" spans="138~147" text="delicious" type="positive" />
<PART_OF id="P0" fromID="F1" fromText="handmade flour tortilla" toID="A0" toText="plate" />
<OPINION id="O0" fromID="Q0" fromText="ok" toID="A1" toText="It" relationship="explicit" />
<OPINION id="O1" fromID="Q1" fromText="not the 4-stars I was expecting" toID="A1" toText="It" relationship="implicit" />
<OPINION id="O2" fromID="Q2" fromText="The best part" toID="F1" toText="handmade flour tortilla" relationship="implicit" />
<OPINION id="O3" fromID="Q3" fromText="ginormous" toID="F1" toText="handmade flour tortilla" relationship="explicit" />
<OPINION id="O4" fromID="Q4" fromText="delicious" toID="F1" toText="handmade flour tortilla" relationship="explicit" />
<COREFERENCE id="C0" fromID="A0" fromText="plate" toID="A1" toText="It" />
<COREFERENCE id="C1" fromID="A1" fromText="It" toID="F0" toText="carne asada plate" />
</TAGS>
</yelp_reviews_1.1>