<?xml version="1.0" encoding="UTF-8" ?>

<yelp_reviews_1.1>
<TEXT><![CDATA[Anthem is buzzing about this place.  It's good, but to be honest, I think the food at Pinanat Nueva was just as good or bettter, and not at a 45 mnute wait.

I got the carne asada, and I had high hopes for it.  It was somewhat anemic, not the asada I was used to.  Asada is grilled, there was no grilling involved.]]></TEXT>
<TAGS>
<FOOD id="F0" spans="168~179" text="carne asada"  />
<FOOD id="F1" spans="265~270" text="Asada"  />
<ANAPHORA id="A0" spans="211~213" text="It"  />
<QUALITY id="Q0" spans="218~233" text="somewhat anemic" type="negative" />
<QUALITY id="Q1" spans="235~262" text="not the asada I was used to" type="negative" />
<QUALITY id="Q2" spans="274~281" text="grilled" type="neutral" />
<QUALITY id="Q3" spans="283~313" text="there was no grilling involved" type="negative" />
<OPINION id="O0" fromID="Q0" fromText="somewhat anemic" toID="A0" toText="It" relationship="implicit" />
<OPINION id="O1" fromID="Q1" fromText="not the asada I was used to" toID="A0" toText="It" relationship="implicit" />
<OPINION id="O2" fromID="Q2" fromText="grilled" toID="F1" toText="Asada" relationship="explicit" />
<OPINION id="O3" fromID="Q3" fromText="there was no grilling involved" toID="F1" toText="Asada" relationship="explicit" />
<COREFERENCE id="C0" fromID="A0" fromText="It" toID="F0" toText="carne asada" />
</TAGS>
</yelp_reviews_1.1>