<?xml version="1.0" encoding="UTF-8" ?>

<yelp_reviews_1.1>
<TEXT><![CDATA[Went for a quick lunch. Had the 2 beef taco combo with chips and salsa. Salsa was very good, made fresh daily. Tacos, beans and rice were bland. Nice clean place with friendly staff.]]></TEXT>
<TAGS>
<FOOD id="F0" spans="32~70" text="2 beef taco combo with chips and salsa"  />
<FOOD id="F1" spans="72~77" text="Salsa"  />
<FOOD id="F2" spans="111~116" text="Tacos"  />
<FOOD id="F3" spans="118~123" text="beans"  />
<FOOD id="F4" spans="128~132" text="rice"  />
<QUALITY id="Q0" spans="138~143" text="bland" type="negative" />
<QUALITY id="Q1" spans="93~109" text="made fresh daily" type="positive" />
<QUALITY id="Q2" spans="82~91" text="very good" type="positive" />
<PART_OF id="P0" fromID="F1" fromText="Salsa" toID="F0" toText="2 beef taco combo with chips and salsa" />
<PART_OF id="P1" fromID="F4" fromText="rice" toID="F0" toText="2 beef taco combo with chips and salsa" />
<PART_OF id="P2" fromID="F3" fromText="beans" toID="F0" toText="2 beef taco combo with chips and salsa" />
<PART_OF id="P3" fromID="F2" fromText="Tacos" toID="F0" toText="2 beef taco combo with chips and salsa" />
<OPINION id="O0" fromID="Q2" fromText="very good" toID="F1" toText="Salsa" relationship="explicit" />
<OPINION id="O1" fromID="Q1" fromText="made fresh daily" toID="F1" toText="Salsa" relationship="explicit" />
<OPINION id="O2" fromID="Q0" fromText="bland" toID="F2" toText="Tacos" relationship="explicit" />
<OPINION id="O3" fromID="Q0" fromText="bland" toID="F3" toText="beans" relationship="explicit" />
<OPINION id="O4" fromID="Q0" fromText="bland" toID="F4" toText="rice" relationship="explicit" />
</TAGS>
</yelp_reviews_1.1>