<?xml version="1.0" encoding="UTF-8" ?>

<yelp_reviews_1.1>
<TEXT><![CDATA[Its not in a shell gas station anymore and i guarantee that Guy would never visit the new location on his show. I ordered the El Pastor burrito and i didn't like it at all, very dry and just not to my liking. I would never order it again but I'm sure there are alot of people out there that like it. The salsa was great and i couldn't get enough of it. I ate half of a bean and cheese burrito and i really liked that also, not the greatest tortillas ever but they are possibly #3. I would could back and id like to try some other type of burrito or some carne asada tacos.]]></TEXT>
<TAGS>
<FOOD id="F0" spans="126~143" text="El Pastor burrito"  />
<FOOD id="F1" spans="369~392" text="bean and cheese burrito"  />
<FOOD id="F2" spans="304~309" text="salsa"  />
<FOOD id="F3" spans="440~449" text="tortillas"  />
<ANAPHORA id="A0" spans="412~416" text="that"  />
<ANAPHORA id="A1" spans="229~231" text="it"  />
<ANAPHORA id="A2" spans="162~164" text="it"  />
<ANAPHORA id="A3" spans="349~351" text="it"  />
<ANAPHORA id="A4" spans="459~463" text="they"  />
<ANAPHORA id="A5" spans="296~298" text="it"  />
<QUALITY id="Q0" spans="148~171" text="i didn&apos;t like it at all" type="negative" />
<QUALITY id="Q1" spans="173~181" text="very dry" type="negative" />
<QUALITY id="Q2" spans="186~207" text="just not to my liking" type="negative" />
<QUALITY id="Q3" spans="209~237" text="I would never order it again" type="negative" />
<QUALITY id="Q4" spans="242~295" text="I&apos;m sure there are alot of people out there that like" type="positive" />
<QUALITY id="Q5" spans="324~345" text="i couldn&apos;t get enough" type="positive" />
<QUALITY id="Q6" spans="314~319" text="great" type="positive" />
<QUALITY id="Q7" spans="397~411" text="i really liked" type="positive" />
<QUALITY id="Q8" spans="423~439" text="not the greatest" type="neutral" />
<QUALITY id="Q9" spans="468~479" text="possibly #3" type="positive" />
<PART_OF id="P0" fromID="F3" fromText="tortillas" toID="A0" toText="that" />
<OPINION id="O0" fromID="Q0" fromText="i didn&apos;t like it at all" toID="A2" toText="it" relationship="explicit" />
<OPINION id="O1" fromID="Q1" fromText="very dry" toID="A2" toText="it" relationship="explicit" />
<OPINION id="O2" fromID="Q2" fromText="just not to my liking" toID="A2" toText="it" relationship="implicit" />
<OPINION id="O3" fromID="Q3" fromText="I would never order it again" toID="A1" toText="it" relationship="implicit" />
<OPINION id="O4" fromID="Q4" fromText="I&apos;m sure there are alot of people out there that like" toID="A5" toText="it" relationship="implicit" />
<OPINION id="O5" fromID="Q7" fromText="i really liked" toID="A0" toText="that" relationship="implicit" />
<OPINION id="O6" fromID="Q6" fromText="great" toID="F2" toText="salsa" relationship="explicit" />
<OPINION id="O7" fromID="Q5" fromText="i couldn&apos;t get enough" toID="A3" toText="it" relationship="implicit" />
<OPINION id="O8" fromID="Q8" fromText="not the greatest" toID="F3" toText="tortillas" relationship="explicit" />
<OPINION id="O9" fromID="Q9" fromText="possibly #3" toID="A4" toText="they" relationship="explicit" />
<COREFERENCE id="C0" fromID="A2" fromText="it" toID="F0" toText="El Pastor burrito" />
<COREFERENCE id="C1" fromID="A5" fromText="it" toID="A1" toText="it" />
<COREFERENCE id="C2" fromID="A3" fromText="it" toID="F2" toText="salsa" />
<COREFERENCE id="C3" fromID="A0" fromText="that" toID="F1" toText="bean and cheese burrito" />
<COREFERENCE id="C4" fromID="A4" fromText="they" toID="F3" toText="tortillas" />
<COREFERENCE id="C5" fromID="A1" fromText="it" toID="A2" toText="it" />
</TAGS>
</yelp_reviews_1.1>