<?xml version="1.0" encoding="UTF-8" ?>

<yelp_reviews_1.1>
<TEXT><![CDATA[Breakfast burrito was great. I had the chorizo and my daughter had sausage. Get the salsa it is awesome.]]></TEXT>
<TAGS>
<FOOD id="F0" spans="0~17" text="Breakfast burrito"  />
<FOOD id="F1" spans="39~46" text="chorizo"  />
<FOOD id="F2" spans="67~74" text="sausage"  />
<FOOD id="F3" spans="84~89" text="salsa"  />
<ANAPHORA id="A0" spans="90~92" text="it"  />
<QUALITY id="Q0" spans="22~27" text="great" type="positive" />
<QUALITY id="Q1" spans="76~79" text="Get" type="positive" />
<QUALITY id="Q2" spans="96~103" text="awesome" type="positive" />
<PART_OF id="P0" fromID="F1" fromText="chorizo" toID="F0" toText="Breakfast burrito" />
<PART_OF id="P1" fromID="F2" fromText="sausage" toID="F0" toText="Breakfast burrito" />
<OPINION id="O0" fromID="Q1" fromText="Get" toID="F3" toText="salsa" relationship="implicit" />
<OPINION id="O1" fromID="Q2" fromText="awesome" toID="A0" toText="it" relationship="explicit" />
<OPINION id="O2" fromID="Q0" fromText="great" toID="F0" toText="Breakfast burrito" relationship="explicit" />
<COREFERENCE id="C0" fromID="A0" fromText="it" toID="F3" toText="salsa" />
</TAGS>
</yelp_reviews_1.1>