<?xml version="1.0" encoding="UTF-8" ?>

<yelp_reviews_1.1>
<TEXT><![CDATA[I'm finding it very hard to conjure up good memories about mexican food...

"whats your favorite mexican restaurant?"

**shruggs**

Honestly, with all my visits to Filibertos, Alibertos, Rolibertos, Polibertos, On the Boarder, Chevy's, Arriba's, Nana's, La Parilla Sueza, El Encanto, etc, I cannot say I preffer any of them over the other.  They all mesh together into some big gooey memory of mexican mediocrity.  I mean I like mexican food, I really do, but I guess I've never had a preference to where I have it...

Until now....

I experienced the El Pastor (pork) dish, which had been marinated in a red chile sauce, and was served with rice, refried beans, some pico and a huge ,fresh, HOT flour tortilla.  Delish.  Even my 5 year old who hates ANYTHING that may be remotely caliente was duped into eating some of this... she declared it muy delicioso aswell, but was rather pissed about being tricked into eating mildly spicy food. 

I want nacho's next time.  

Yes its in a gas station.  So what?  Put your big boy pants on and get you some mexi-luvin.]]></TEXT>
<TAGS>
<FOOD id="F0" spans="552~573" text="El Pastor (pork) dish"  />
<FOOD id="F1" spans="605~620" text="red chile sauce"  />
<FOOD id="F2" spans="648~661" text="refried beans"  />
<FOOD id="F3" spans="642~646" text="rice"  />
<FOOD id="F4" spans="668~672" text="pico"  />
<FOOD id="F5" spans="696~710" text="flour tortilla"  />
<ANAPHORA id="A0" spans="841~843" text="it"  />
<ANAPHORA id="A1" spans="820~824" text="this"  />
<QUALITY id="Q0" spans="590~620" text="marinated in a red chile sauce" type="neutral" />
<QUALITY id="Q1" spans="679~683" text="huge" type="positive" />
<QUALITY id="Q2" spans="685~690" text="fresh" type="positive" />
<QUALITY id="Q3" spans="692~695" text="HOT" type="positive" />
<QUALITY id="Q4" spans="713~719" text="Delish" type="positive" />
<QUALITY id="Q5" spans="722~816" text="Even my 5 year old who hates ANYTHING that may be remotely caliente was duped into eating some" type="positive" />
<QUALITY id="Q6" spans="844~857" text="muy delicioso" type="positive" />
<QUALITY id="Q7" spans="920~932" text="mildly spicy" type="neutral" />
<PART_OF id="P0" fromID="F1" fromText="red chile sauce" toID="F0" toText="El Pastor (pork) dish" />
<PART_OF id="P1" fromID="F3" fromText="rice" toID="F0" toText="El Pastor (pork) dish" />
<PART_OF id="P2" fromID="F2" fromText="refried beans" toID="F0" toText="El Pastor (pork) dish" />
<PART_OF id="P3" fromID="F4" fromText="pico" toID="F0" toText="El Pastor (pork) dish" />
<PART_OF id="P4" fromID="F5" fromText="flour tortilla" toID="F0" toText="El Pastor (pork) dish" />
<OPINION id="O0" fromID="Q4" fromText="Delish" toID="F0" toText="El Pastor (pork) dish" relationship="explicit" />
<OPINION id="O1" fromID="Q0" fromText="marinated in a red chile sauce" toID="F0" toText="El Pastor (pork) dish" relationship="explicit" />
<OPINION id="O2" fromID="Q1" fromText="huge" toID="F5" toText="flour tortilla" relationship="explicit" />
<OPINION id="O3" fromID="Q2" fromText="fresh" toID="F5" toText="flour tortilla" relationship="explicit" />
<OPINION id="O4" fromID="Q3" fromText="HOT" toID="F5" toText="flour tortilla" relationship="explicit" />
<OPINION id="O5" fromID="Q5" fromText="Even my 5 year old who hates ANYTHING that may be remotely caliente was duped into eating some" toID="A1" toText="this" relationship="implicit" />
<OPINION id="O6" fromID="Q6" fromText="muy delicioso" toID="A0" toText="it" relationship="explicit" />
<OPINION id="O7" fromID="Q7" fromText="mildly spicy" toID="A0" toText="it" relationship="explicit" />
<COREFERENCE id="C0" fromID="A0" fromText="it" toID="A1" toText="this" />
<COREFERENCE id="C1" fromID="A1" fromText="this" toID="F0" toText="El Pastor (pork) dish" />
</TAGS>
</yelp_reviews_1.1>