<?xml version="1.0" encoding="UTF-8" ?>

<yelp_reviews_1.1>
<TEXT><![CDATA[Good food, great service! We have used them for catering twice now and both times was a pleasant experience! They showed up on time, set up for us, food was great and a lot of people commented on how delicious and fresh everything was. I love supporting local business and this one makes it easy. I would give five stars but they definitely need more spices on the beef, kind of bland.]]></TEXT>
<TAGS>
<FOOD id="F0" spans="365~369" text="beef"  />
<QUALITY id="Q0" spans="371~384" text="kind of bland" type="negative" />
<QUALITY id="Q1" spans="325~357" text="they definitely need more spices" type="negative" />
<OPINION id="O0" fromID="Q0" fromText="kind of bland" toID="F0" toText="beef" relationship="explicit" />
<OPINION id="O1" fromID="Q1" fromText="they definitely need more spices" toID="F0" toText="beef" relationship="explicit" />
</TAGS>
</yelp_reviews_1.1>