<?xml version="1.0" encoding="UTF-8" ?>

<yelp_reviews_1.1>
<TEXT><![CDATA[While spending a quick weekend in Phoenix it seemed I was surrounded by chain restaurants and was having a difficult time finding the "local flavor."
Thank goodness someone recommended Roberto's. The "El Pastor" Taco
was one of the best tacos I've ever tasted. Savory spices and tender pork and totally not greasy. The staff were extremely friendly and there was something about that gas station location that was actually quite lovely!]]></TEXT>
<TAGS>
<FOOD id="F0" spans="200~216" text="&quot;El Pastor&quot; Taco"  />
<FOOD id="F1" spans="268~274" text="spices"  />
<FOOD id="F2" spans="286~290" text="pork"  />
<QUALITY id="Q0" spans="221~259" text="one of the best tacos I&apos;ve ever tasted" type="positive" />
<QUALITY id="Q1" spans="261~267" text="Savory" type="positive" />
<QUALITY id="Q2" spans="279~285" text="tender" type="positive" />
<QUALITY id="Q3" spans="295~313" text="totally not greasy" type="positive" />
<PART_OF id="P0" fromID="F1" fromText="spices" toID="F0" toText="&quot;El Pastor&quot; Taco" />
<PART_OF id="P1" fromID="F2" fromText="pork" toID="F0" toText="&quot;El Pastor&quot; Taco" />
<OPINION id="O0" fromID="Q0" fromText="one of the best tacos I&apos;ve ever tasted" toID="F0" toText="&quot;El Pastor&quot; Taco" relationship="explicit" />
<OPINION id="O1" fromID="Q3" fromText="totally not greasy" toID="F0" toText="&quot;El Pastor&quot; Taco" relationship="explicit" />
<OPINION id="O2" fromID="Q2" fromText="tender" toID="F2" toText="pork" relationship="explicit" />
<OPINION id="O3" fromID="Q1" fromText="Savory" toID="F1" toText="spices" relationship="explicit" />
</TAGS>
</yelp_reviews_1.1>