<?xml version="1.0" encoding="UTF-8" ?>

<yelp_reviews_1.1>
<TEXT><![CDATA[My wife and I have made two trips to Roberto's from Dana Point, CA (400 miles) and we haven't been disappointed.  Although its not the only reason for our visit, a stop at Roberto's is a must when we're in the Phoenix area.  I have tried, and thoroughly enjoyed the al pastor tacos, beef chimichanga burrito, and I really like the way they crisp up the carnitas.

My wife judges a Mexican restaurant by the quality of its chile relleno and says this is the chile relleno she has been waiting for: two to a plate, great presentation and delicious.  The light breading allows the flavors of the chili and cheese to dominate the palate as they should.

She also recommends the tortas she had at breakfast. The bread, light and toasted perfectly, hugs a generous helping of carne asada (with fajita style onions and peppers), and if you like, guacamole.  Pair that with a cup of their terrific coffee, or if you have never had Jamaica, a delicious Mexican beverage brewed fresh from flowers, try it.  Either way you have a breakfast you won't forget.

Oh, and by the way, the members of the local fire department showed up to order breakfast while we were there.  If they are eating there, you know it's good.  Just had to thank them for their service.  

This is truly a restaurant where family meets family, Roberto's and yours.

And for you insiders, we both love Roberto's homemade tamales.  Although they're not on the menu, we have been fortunate enough to take some of their tamales home during both of our visits.

I believe tamales are normally made for the sale in the store on Thursdays (check with them to be sure), but they don't last.   On our first trip in 2008 to their old location, we stopped in for lunch (excellent) and were told that they were bringing in homemade tamales that afternoon.  We returned that night for dinner and to pick up some tamales that they kept for us.

During our most recent trip we stopped in for breakfast on a Saturday.  But, fortunately for us, they were making tamales for a catering job the same day and sold us some of their extras.  We again returned in the evening for dinner and to pick up some tamales.

These tamales are just like I wish my (Chinese) grandmother used to make.  Check with them to see when they're available.  They're really worth the extra effort.

Although Roberto's delivers, I regret that they won't come to Dana Point.]]></TEXT>
<TAGS>
<FOOD id="F0" spans="283~307" text="beef chimichanga burrito"  />
<FOOD id="F1" spans="266~281" text="al pastor tacos"  />
<FOOD id="F2" spans="422~435" text="chile relleno"  />
<FOOD id="F3" spans="353~361" text="carnitas"  />
<FOOD id="F4" spans="457~470" text="chile relleno"  />
<FOOD id="F5" spans="558~566" text="breading"  />
<FOOD id="F6" spans="593~598" text="chili"  />
<FOOD id="F7" spans="603~609" text="cheese"  />
<FOOD id="F8" spans="674~680" text="tortas"  />
<FOOD id="F9" spans="707~712" text="bread"  />
<FOOD id="F10" spans="770~781" text="carne asada"  />
<FOOD id="F11" spans="2162~2169" text="tamales"  />
<FOOD id="F12" spans="1478~1485" text="tamales"  />
<FOOD id="F13" spans="1382~1389" text="tamales"  />
<FOOD id="F14" spans="890~896" text="coffee"  />
<FOOD id="F15" spans="923~930" text="Jamaica"  />
<FOOD id="F16" spans="839~848" text="guacamole"  />
<FOOD id="F17" spans="812~819" text="peppers"  />
<FOOD id="F18" spans="801~807" text="onions"  />
<ANAPHORA id="A0" spans="952~960" text="beverage"  />
<ANAPHORA id="A1" spans="992~994" text="it"  />
<ANAPHORA id="A2" spans="2279~2283" text="They"  />
<ANAPHORA id="A3" spans="445~449" text="this"  />
<QUALITY id="Q0" spans="225~261" text="I have tried, and thoroughly enjoyed" type="positive" />
<QUALITY id="Q1" spans="313~348" text="I really like the way they crisp up" type="positive" />
<QUALITY id="Q2" spans="445~495" text="this is the chile relleno she has been waiting for" type="positive" />
<QUALITY id="Q3" spans="497~511" text="two to a plate" type="positive" />
<QUALITY id="Q4" spans="513~531" text="great presentation" type="positive" />
<QUALITY id="Q5" spans="548~647" text="The light breading allows the flavors of the chili and cheese to dominate the palate as they should" type="positive" />
<QUALITY id="Q6" spans="650~669" text="She also recommends" type="positive" />
<QUALITY id="Q7" spans="714~719" text="light" type="positive" />
<QUALITY id="Q8" spans="724~741" text="toasted perfectly" type="positive" />
<QUALITY id="Q9" spans="536~545" text="delicious" type="positive" />
<QUALITY id="Q10" spans="750~766" text="generous helping" type="positive" />
<QUALITY id="Q11" spans="788~800" text="fajita style" type="neutral" />
<QUALITY id="Q12" spans="881~889" text="terrific" type="positive" />
<QUALITY id="Q13" spans="934~943" text="delicious" type="positive" />
<QUALITY id="Q14" spans="961~986" text="brewed fresh from flowers" type="positive" />
<QUALITY id="Q15" spans="988~991" text="try" type="positive" />
<QUALITY id="Q16" spans="1350~1362" text="we both love" type="positive" />
<QUALITY id="Q17" spans="1373~1381" text="homemade" type="positive" />
<QUALITY id="Q18" spans="1426~1490" text="we have been fortunate enough to take some of their tamales home" type="positive" />
<QUALITY id="Q19" spans="2174~2228" text="just like I wish my (Chinese) grandmother used to make" type="positive" />
<QUALITY id="Q20" spans="2287~2316" text="really worth the extra effort" type="positive" />
<PART_OF id="P0" fromID="F5" fromText="breading" toID="F4" toText="chile relleno" />
<PART_OF id="P1" fromID="F6" fromText="chili" toID="F4" toText="chile relleno" />
<PART_OF id="P2" fromID="F7" fromText="cheese" toID="F4" toText="chile relleno" />
<PART_OF id="P3" fromID="F18" fromText="onions" toID="F8" toText="tortas" />
<PART_OF id="P4" fromID="F9" fromText="bread" toID="F8" toText="tortas" />
<PART_OF id="P5" fromID="F16" fromText="guacamole" toID="F8" toText="tortas" />
<PART_OF id="P6" fromID="F17" fromText="peppers" toID="F8" toText="tortas" />
<PART_OF id="P7" fromID="F10" fromText="carne asada" toID="F8" toText="tortas" />
<OPINION id="O0" fromID="Q0" fromText="I have tried, and thoroughly enjoyed" toID="F0" toText="beef chimichanga burrito" relationship="implicit" />
<OPINION id="O1" fromID="Q0" fromText="I have tried, and thoroughly enjoyed" toID="F1" toText="al pastor tacos" relationship="implicit" />
<OPINION id="O2" fromID="Q1" fromText="I really like the way they crisp up" toID="F3" toText="carnitas" relationship="implicit" />
<OPINION id="O3" fromID="Q4" fromText="great presentation" toID="A3" toText="this" relationship="explicit" />
<OPINION id="O4" fromID="Q9" fromText="delicious" toID="A3" toText="this" relationship="explicit" />
<OPINION id="O5" fromID="Q3" fromText="two to a plate" toID="F4" toText="chile relleno" relationship="explicit" />
<OPINION id="O6" fromID="Q9" fromText="delicious" toID="F4" toText="chile relleno" relationship="explicit" />
<OPINION id="O7" fromID="Q2" fromText="this is the chile relleno she has been waiting for" toID="F4" toText="chile relleno" relationship="implicit" />
<OPINION id="O8" fromID="Q5" fromText="The light breading allows the flavors of the chili and cheese to dominate the palate as they should" toID="F5" toText="breading" relationship="explicit" />
<OPINION id="O9" fromID="Q6" fromText="She also recommends" toID="F8" toText="tortas" relationship="implicit" />
<OPINION id="O10" fromID="Q7" fromText="light" toID="F9" toText="bread" relationship="explicit" />
<OPINION id="O11" fromID="Q8" fromText="toasted perfectly" toID="F9" toText="bread" relationship="explicit" />
<OPINION id="O12" fromID="Q10" fromText="generous helping" toID="F10" toText="carne asada" relationship="explicit" />
<OPINION id="O13" fromID="Q11" fromText="fajita style" toID="F18" toText="onions" relationship="explicit" />
<OPINION id="O14" fromID="Q11" fromText="fajita style" toID="F17" toText="peppers" relationship="explicit" />
<OPINION id="O15" fromID="Q13" fromText="delicious" toID="F15" toText="Jamaica" relationship="explicit" />
<OPINION id="O16" fromID="Q12" fromText="terrific" toID="F14" toText="coffee" relationship="explicit" />
<OPINION id="O17" fromID="Q14" fromText="brewed fresh from flowers" toID="F15" toText="Jamaica" relationship="explicit" />
<OPINION id="O18" fromID="Q15" fromText="try" toID="A1" toText="it" relationship="implicit" />
<OPINION id="O19" fromID="Q16" fromText="we both love" toID="F13" toText="tamales" relationship="explicit" />
<OPINION id="O20" fromID="Q18" fromText="we have been fortunate enough to take some of their tamales home" toID="F12" toText="tamales" relationship="implicit" />
<OPINION id="O21" fromID="Q17" fromText="homemade" toID="F13" toText="tamales" relationship="explicit" />
<OPINION id="O22" fromID="Q19" fromText="just like I wish my (Chinese) grandmother used to make" toID="F11" toText="tamales" relationship="implicit" />
<OPINION id="O23" fromID="Q20" fromText="really worth the extra effort" toID="A2" toText="They" relationship="implicit" />
<COREFERENCE id="C0" fromID="A2" fromText="They" toID="F11" toText="tamales" />
<COREFERENCE id="C1" fromID="F11" fromText="tamales" toID="F12" toText="tamales" />
<COREFERENCE id="C2" fromID="F12" fromText="tamales" toID="F13" toText="tamales" />
<COREFERENCE id="C3" fromID="A1" fromText="it" toID="F15" toText="Jamaica" />
<COREFERENCE id="C4" fromID="F4" fromText="chile relleno" toID="F2" toText="chile relleno" />
<COREFERENCE id="C5" fromID="A0" fromText="beverage" toID="F15" toText="Jamaica" />
<COREFERENCE id="C6" fromID="A3" fromText="this" toID="F2" toText="chile relleno" />
</TAGS>
</yelp_reviews_1.1>