<?xml version="1.0" encoding="UTF-8" ?>

<yelp_reviews_1.1>
<TEXT><![CDATA[It's a restaurant in a gas station, but it merits five stars b/c it has glass bottles of soda, just like you find in Mexico.  Good food too.  It's actually not nearly as bad inside as you'd think, it's pretty well set apart from the gas station sales, so I wouldn't mind eating there.  They have a few tables set up inside.  I usually get takeout though (they also deliver).  

MANZANA LIFT ROCKS!!!  I'm also going to be drinking the Sprite in the bottle, (cane sugar ftw) and the horchata.  I don't care about Chipotle opening near work anymore, I've found a new Mexican fix for lunch.  What a happy day.]]></TEXT>
<TAGS>
<FOOD id="F0" spans="378~390" text="MANZANA LIFT"  />
<FOOD id="F1" spans="435~441" text="Sprite"  />
<FOOD id="F2" spans="458~468" text="cane sugar"  />
<FOOD id="F3" spans="482~490" text="horchata"  />
<QUALITY id="Q0" spans="391~396" text="ROCKS" type="positive" />
<QUALITY id="Q1" spans="401~430" text="I&apos;m also going to be drinking" type="positive" />
<QUALITY id="Q2" spans="458~472" text="cane sugar ftw" type="positive" />
<PART_OF id="P0" fromID="F2" fromText="cane sugar" toID="F1" toText="Sprite" />
<OPINION id="O0" fromID="Q1" fromText="I&apos;m also going to be drinking" toID="F1" toText="Sprite" relationship="implicit" />
<OPINION id="O1" fromID="Q0" fromText="ROCKS" toID="F0" toText="MANZANA LIFT" relationship="explicit" />
</TAGS>
</yelp_reviews_1.1>