<?xml version="1.0" encoding="UTF-8" ?>

<yelp_reviews_1.1>
<TEXT><![CDATA[Add Al Pastor to the mix What a great twist on Mexican food. Marinated pork with pinnapple chunks, add salsa and bam...there it is!]]></TEXT>
<TAGS>
<FOOD id="F0" spans="4~13" text="Al Pastor"  />
<FOOD id="F1" spans="61~75" text="Marinated pork"  />
<FOOD id="F2" spans="81~97" text="pinnapple chunks"  />
<FOOD id="F3" spans="103~108" text="salsa"  />
<QUALITY id="Q0" spans="25~59" text="What a great twist on Mexican food" type="positive" />
<QUALITY id="Q1" spans="113~130" text="bam...there it is" type="positive" />
<PART_OF id="P0" fromID="F1" fromText="Marinated pork" toID="F0" toText="Al Pastor" />
<PART_OF id="P1" fromID="F2" fromText="pinnapple chunks" toID="F0" toText="Al Pastor" />
<PART_OF id="P2" fromID="F3" fromText="salsa" toID="F0" toText="Al Pastor" />
<OPINION id="O0" fromID="Q0" fromText="What a great twist on Mexican food" toID="F0" toText="Al Pastor" relationship="explicit" />
<OPINION id="O1" fromID="Q1" fromText="bam...there it is" toID="F0" toText="Al Pastor" relationship="explicit" />
</TAGS>
</yelp_reviews_1.1>