<?xml version="1.0" encoding="UTF-8" ?>

<yelp_reviews_1.1>
<TEXT><![CDATA[I haven't been since they were in the old location.  Have to be honest and say that I was a little disappointed.   Seems like the prices went up and the quality down.  Had my favorite, 3 al pastor tacos, and paid over $10 for those plus a drink.   Meat was dry, not as good as I remember.   Place looks better than the gas station, but not worth it for me any more.  Guess that's progress for you. :(]]></TEXT>
<TAGS>
<FOOD id="F0" spans="187~202" text="al pastor tacos"  />
<FOOD id="F1" spans="248~252" text="Meat"  />
<QUALITY id="Q0" spans="172~183" text="my favorite" type="positive" />
<QUALITY id="Q1" spans="257~260" text="dry" type="negative" />
<QUALITY id="Q2" spans="262~287" text="not as good as I remember" type="negative" />
<QUALITY id="Q3" spans="208~244" text="paid over $10 for those plus a drink" type="negative" />
<PART_OF id="P0" fromID="F1" fromText="Meat" toID="F0" toText="al pastor tacos" />
<OPINION id="O0" fromID="Q0" fromText="my favorite" toID="F0" toText="al pastor tacos" relationship="implicit" />
<OPINION id="O1" fromID="Q3" fromText="paid over $10 for those plus a drink" toID="F0" toText="al pastor tacos" relationship="implicit" />
<OPINION id="O2" fromID="Q1" fromText="dry" toID="F1" toText="Meat" relationship="explicit" />
<OPINION id="O3" fromID="Q2" fromText="not as good as I remember" toID="F1" toText="Meat" relationship="implicit" />
</TAGS>
</yelp_reviews_1.1>