<?xml version="1.0" encoding="UTF-8" ?>

<yelp_reviews_1.1>
<TEXT><![CDATA[Great dinner!  Stopped on our way to Flagstaff on a friends recommendation and was not disappointed.  Restaurant is clean, food was delicious and everyone working was very polite and super friendly.  Chicken tacos were moist and chimis were delicious.  Will definitely stop again when we are in the area.]]></TEXT>
<TAGS>
<FOOD id="F0" spans="200~213" text="Chicken tacos"  />
<FOOD id="F1" spans="229~235" text="chimis"  />
<QUALITY id="Q0" spans="219~224" text="moist" type="positive" />
<QUALITY id="Q1" spans="241~250" text="delicious" type="positive" />
<OPINION id="O0" fromID="Q0" fromText="moist" toID="F0" toText="Chicken tacos" relationship="explicit" />
<OPINION id="O1" fromID="Q1" fromText="delicious" toID="F1" toText="chimis" relationship="explicit" />
</TAGS>
</yelp_reviews_1.1>