<?xml version="1.0" encoding="UTF-8" ?>

<yelp_reviews_1.1>
<TEXT><![CDATA[Great family atmosphere and fantastic food. Chips with the pico de gallo salsa is awesome! If you don't see it on the menu ask them if they can make it for you. My burrito - carnitas, potatoes and green sauce - they've made for me since opening! Maybe Roger will put it on the menu one day: the Bob Special! Ha!

Oh and for you spicy lovers - ask for the green salsa for that extra kick!

I received two jars of salsa shipped to me out of state and they came perfectly packaged and ready for the party! Order some for family and friends and they'll want more!]]></TEXT>
<TAGS>
<FOOD id="F0" spans="44~78" text="Chips with the pico de gallo salsa"  />
<FOOD id="F1" spans="164~171" text="burrito"  />
<FOOD id="F2" spans="174~182" text="carnitas"  />
<FOOD id="F3" spans="184~192" text="potatoes"  />
<FOOD id="F4" spans="197~208" text="green sauce"  />
<FOOD id="F5" spans="355~366" text="green salsa"  />
<QUALITY id="Q0" spans="82~89" text="awesome" type="positive" />
<QUALITY id="Q1" spans="328~333" text="spicy" type="positive" />
<QUALITY id="Q2" spans="343~350" text="ask for" type="positive" />
<PART_OF id="P0" fromID="F2" fromText="carnitas" toID="F1" toText="burrito" />
<PART_OF id="P1" fromID="F3" fromText="potatoes" toID="F1" toText="burrito" />
<PART_OF id="P2" fromID="F4" fromText="green sauce" toID="F1" toText="burrito" />
<OPINION id="O0" fromID="Q0" fromText="awesome" toID="F0" toText="Chips with the pico de gallo salsa" relationship="explicit" />
<OPINION id="O1" fromID="Q1" fromText="spicy" toID="F5" toText="green salsa" relationship="explicit" />
<OPINION id="O2" fromID="Q2" fromText="ask for" toID="F5" toText="green salsa" relationship="implicit" />
</TAGS>
</yelp_reviews_1.1>