<?xml version="1.0" encoding="UTF-8" ?>

<yelp_reviews_1.1>
<TEXT><![CDATA[Very disappointed with this place! Ordered a carnitas torta it was all bun lettuce and hardly any carnitas. Chips taste stale and salsa lacked flavor. If you like bland Mexican food this is your place.]]></TEXT>
<TAGS>
<FOOD id="F0" spans="45~59" text="carnitas torta"  />
<FOOD id="F1" spans="71~82" text="bun lettuce"  />
<FOOD id="F2" spans="98~106" text="carnitas"  />
<FOOD id="F3" spans="108~113" text="Chips"  />
<FOOD id="F4" spans="130~135" text="salsa"  />
<ANAPHORA id="A0" spans="60~62" text="it"  />
<QUALITY id="Q0" spans="67~82" text="all bun lettuce" type="negative" />
<QUALITY id="Q1" spans="87~106" text="hardly any carnitas" type="negative" />
<QUALITY id="Q2" spans="114~125" text="taste stale" type="negative" />
<QUALITY id="Q3" spans="136~149" text="lacked flavor" type="negative" />
<PART_OF id="P0" fromID="F1" fromText="bun lettuce" toID="A0" toText="it" />
<PART_OF id="P1" fromID="F2" fromText="carnitas" toID="A0" toText="it" />
<OPINION id="O0" fromID="Q2" fromText="taste stale" toID="F3" toText="Chips" relationship="explicit" />
<OPINION id="O1" fromID="Q3" fromText="lacked flavor" toID="F4" toText="salsa" relationship="explicit" />
<OPINION id="O2" fromID="Q1" fromText="hardly any carnitas" toID="A0" toText="it" relationship="explicit" />
<OPINION id="O3" fromID="Q0" fromText="all bun lettuce" toID="A0" toText="it" relationship="explicit" />
<COREFERENCE id="C0" fromID="A0" fromText="it" toID="F0" toText="carnitas torta" />
</TAGS>
</yelp_reviews_1.1>