<?xml version="1.0" encoding="UTF-8" ?>

<yelp_reviews_1.1>
<TEXT><![CDATA[The fact that these guys were on Food Network when in their old location on Union Hills definitely helps drive their business.  That plus they are really the only "take out" Mexican joint in Anthem.

They really are authentic, and everything on the menu is fantastic.  My fav is always the Al Pastor pork.  It comes in a platter or burrito, if you ask them they will make it with rice and beans inside the burrito for you.  Also good is the carne asada and any of their tacos.

The only thing I will say is to try and avoid their dinner rush, cos it can take a while (30 minutes) to wait for your food.  Although they have hired more staff and the wait has improved.]]></TEXT>
<TAGS>
<FOOD id="F0" spans="290~304" text="Al Pastor pork"  />
<FOOD id="F1" spans="321~328" text="platter"  />
<FOOD id="F2" spans="332~339" text="burrito"  />
<FOOD id="F3" spans="441~452" text="carne asada"  />
<FOOD id="F6" spans="470~475" text="tacos"  />
<ANAPHORA id="A0" spans="307~309" text="It"  />
<QUALITY id="Q0" spans="269~275" text="My fav" type="positive" />
<QUALITY id="Q1" spans="429~433" text="good" type="positive" />
<QUALITY id="Q2" spans="341~421" text="if you ask them they will make it with rice and beans inside the burrito for you" type="positive" />
<PART_OF id="P0" fromID="F1" fromText="platter" toID="A0" toText="It" />
<PART_OF id="P1" fromID="F2" fromText="burrito" toID="A0" toText="It" />
<OPINION id="O0" fromID="Q0" fromText="My fav" toID="F0" toText="Al Pastor pork" relationship="implicit" />
<OPINION id="O1" fromID="Q1" fromText="good" toID="F3" toText="carne asada" relationship="explicit" />
<OPINION id="O2" fromID="Q1" fromText="good" toID="F6" toText="tacos" relationship="explicit" />
<COREFERENCE id="C0" fromID="A0" fromText="It" toID="F0" toText="Al Pastor pork" />
</TAGS>
</yelp_reviews_1.1>