<?xml version="1.0" encoding="UTF-8" ?>

<yelp_reviews_1.1>
<TEXT><![CDATA[My first attempt to try this place out was on a SUNDAY...it is CLOSED on Sundays. Bummer. So had lunch and it was great, really, really great. The food is simple, delicious and sticks to ya, ya know what I mean?
The flavor is hard to describe probably because I have not had such fresh, tasty Mexican food like this...ever. 

So, would I ever stop and have lunch here at a gas station if I did not hear that it was so great or have seen them on the Food Network? No.
But I will definitely make the trip back. The number 8 was the 2 tacos with beans and rice. I had a chicken and beef and both were equally tasty. I added the salsa to the tacos and it just added more flavor to the whole experience. 

AND I had to give it 5 stars so to help push up the 4 1/2 stars it is averaging!]]></TEXT>
<TAGS>
<FOOD id="F0" spans="513~521" text="number 8"  />
<FOOD id="F1" spans="530~557" text="2 tacos with beans and rice"  />
<FOOD id="F2" spans="567~574" text="chicken"  />
<FOOD id="F3" spans="579~583" text="beef"  />
<FOOD id="F4" spans="625~630" text="salsa"  />
<FOOD id="F5" spans="638~643" text="tacos"  />
<ANAPHORA id="A0" spans="588~592" text="both"  />
<ANAPHORA id="A1" spans="648~650" text="it"  />
<QUALITY id="Q0" spans="606~611" text="tasty" type="positive" />
<QUALITY id="Q1" spans="651~697" text="just added more flavor to the whole experience" type="positive" />
<PART_OF id="P0" fromID="F2" fromText="chicken" toID="F1" toText="2 tacos with beans and rice" />
<PART_OF id="P1" fromID="F3" fromText="beef" toID="F1" toText="2 tacos with beans and rice" />
<PART_OF id="P2" fromID="F1" fromText="2 tacos with beans and rice" toID="F1" toText="2 tacos with beans and rice" />
<PART_OF id="P3" fromID="F1" fromText="2 tacos with beans and rice" toID="F1" toText="2 tacos with beans and rice" />
<PART_OF id="P4" fromID="F1" fromText="2 tacos with beans and rice" toID="F0" toText="number 8" />
<PART_OF id="P5" fromID="F4" fromText="salsa" toID="F5" toText="tacos" />
<OPINION id="O0" fromID="Q0" fromText="tasty" toID="A0" toText="both" relationship="explicit" />
<OPINION id="O1" fromID="Q1" fromText="just added more flavor to the whole experience" toID="A1" toText="it" relationship="implicit" />
<COREFERENCE id="C0" fromID="F1" fromText="2 tacos with beans and rice" toID="F0" toText="number 8" />
<COREFERENCE id="C1" fromID="A0" fromText="both" toID="F3" toText="beef" />
<COREFERENCE id="C2" fromID="A0" fromText="both" toID="F2" toText="chicken" />
<COREFERENCE id="C3" fromID="A1" fromText="it" toID="F4" toText="salsa" />
<COREFERENCE id="C4" fromID="F5" fromText="tacos" toID="A0" toText="both" />
</TAGS>
</yelp_reviews_1.1>