<?xml version="1.0" encoding="UTF-8" ?>

<yelp_reviews_1.1>
<TEXT><![CDATA[Great good! We ended up getting three entrees each and loved them all. I wish I'd had room for the tamales. The 14 inch tortilla on the side is a nice touch. It was odd to be in a shopping center across from Subway, but a solid choice if you want great food and don't care about the atmosphere. The only down side was dirty tables on the patio (though they cleaned the others shortly after we sat down). It is well work a repeat visit.]]></TEXT>
<TAGS>
<FOOD id="F0" spans="99~106" text="tamales"  />
<FOOD id="F1" spans="120~128" text="tortilla"  />
<QUALITY id="Q0" spans="112~119" text="14 inch" type="positive" />
<QUALITY id="Q1" spans="71~94" text="I wish I&apos;d had room for" type="positive" />
<QUALITY id="Q2" spans="146~156" text="nice touch" type="positive" />
<OPINION id="O0" fromID="Q2" fromText="nice touch" toID="F1" toText="tortilla" relationship="implicit" />
<OPINION id="O1" fromID="Q0" fromText="14 inch" toID="F1" toText="tortilla" relationship="explicit" />
<OPINION id="O2" fromID="Q1" fromText="I wish I&apos;d had room for" toID="F0" toText="tamales" relationship="implicit" />
</TAGS>
</yelp_reviews_1.1>