<?xml version="1.0" encoding="UTF-8" ?>

<yelp_reviews_1.1>
<TEXT><![CDATA[Very average.  Not good salsa, the beef chimichanga was very bland. Very nice servers though]]></TEXT>
<TAGS>
<FOOD id="F0" spans="24~29" text="salsa"  />
<FOOD id="F1" spans="35~51" text="beef chimichanga"  />
<QUALITY id="Q0" spans="15~23" text="Not good" type="negative" />
<QUALITY id="Q1" spans="56~66" text="very bland" type="negative" />
<OPINION id="O0" fromID="Q1" fromText="very bland" toID="F1" toText="beef chimichanga" relationship="explicit" />
<OPINION id="O1" fromID="Q0" fromText="Not good" toID="F0" toText="salsa" relationship="explicit" />
</TAGS>
</yelp_reviews_1.1>