<?xml version="1.0" encoding="UTF-8" ?>

<yelp_reviews_1.1>
<TEXT><![CDATA[I'm most recently from south Texas and I've had trouble finding Mexican food as good as what i used to get. Roberto's is the closest thing I've found in our community and I'm glad we have it.

I you're a fan of nachos, you have to order theirs. 
Their portions are huge and their food reasonably priced.
They have a cute outdoor seating area and I often see people chilling out there, sipping on what appear to be yummy margaritas.

Their service is great. The man whom I believe to be the owner is so nice! He is so appreciative of each and every customer and seems like a really humble and thankful dude. And don't you love supporting restaurants with people like this?]]></TEXT>
<TAGS>
<FOOD id="F0" spans="211~217" text="nachos"  />
<FOOD id="F1" spans="420~430" text="margaritas"  />
<ANAPHORA id="A0" spans="237~243" text="theirs"  />
<QUALITY id="Q0" spans="219~236" text="you have to order" type="positive" />
<QUALITY id="Q1" spans="414~419" text="yummy" type="positive" />
<OPINION id="O1" fromID="Q0" fromText="you have to order" toID="A0" toText="theirs" relationship="implicit" />
<OPINION id="O2" fromID="Q1" fromText="yummy" toID="F1" toText="margaritas" relationship="explicit" />
<COREFERENCE id="C0" fromID="A0" fromText="theirs" toID="F0" toText="nachos" />
</TAGS>
</yelp_reviews_1.1>