<?xml version="1.0" encoding="UTF-8" ?>

<yelp_reviews_1.1>
<TEXT><![CDATA[I would give more stars if possible - GREAT FOOD, FRIENDLY STAFF and FAIR PRICE. We recently moved to Phoenix and are always looking for new places to try. In our way to another Mexican place in Cave Creek we checked YELP and decide to drive up to Anthem and try Robertos and I'm so happy we did. We had the Carne Assada Torta, a Carne Assada Burrito, a carne assada quesadilla (I guess thats a giveaway we really like carne assada) and  Chips with cheese and guacamole. They were all delicious. Planty of carne assada in all dishes. Meat tasted fresh and not overly seasoned. Almost more carne assada then cheese in the quesadilla. The salsa that came with the dishes was really fresh and tasty  (and they offered extra salsa at least twice - no charge). Lots of guacamole on the chips and cheese too. Everything was so delicious. The staff was extremely friendly and helpful. When we were leaving they told us about the tamales and we will stop there again for sure to try them]]></TEXT>
<TAGS>
<FOOD id="F0" spans="308~326" text="Carne Assada Torta"  />
<FOOD id="F1" spans="330~350" text="Carne Assada Burrito"  />
<FOOD id="F2" spans="354~377" text="carne assada quesadilla"  />
<FOOD id="F4" spans="438~469" text="Chips with cheese and guacamole"  />
<FOOD id="F5" spans="506~518" text="carne assada"  />
<FOOD id="F6" spans="534~538" text="Meat"  />
<FOOD id="F7" spans="589~601" text="carne assada"  />
<FOOD id="F8" spans="607~613" text="cheese"  />
<FOOD id="F9" spans="621~631" text="quesadilla"  />
<FOOD id="F10" spans="637~642" text="salsa"  />
<FOOD id="F11" spans="764~773" text="guacamole"  />
<FOOD id="F12" spans="781~797" text="chips and cheese"  />
<FOOD id="F3" spans="522~532" text="all dishes"  />
<ANAPHORA id="A0" spans="471~475" text="They"  />
<ANAPHORA id="A1" spans="522~532" text="all dishes"  />
<ANAPHORA id="A3" spans="803~813" text="Everything"  />
<QUALITY id="Q0" spans="485~494" text="delicious" type="positive" />
<QUALITY id="Q2" spans="539~551" text="tasted fresh" type="positive" />
<QUALITY id="Q3" spans="556~575" text="not overly seasoned" type="positive" />
<QUALITY id="Q4" spans="577~613" text="Almost more carne assada then cheese" type="positive" />
<QUALITY id="Q5" spans="673~685" text="really fresh" type="positive" />
<QUALITY id="Q6" spans="690~695" text="tasty" type="positive" />
<QUALITY id="Q7" spans="702~753" text="they offered extra salsa at least twice - no charge" type="positive" />
<QUALITY id="Q8" spans="756~776" text="Lots of guacamole on" type="positive" />
<QUALITY id="Q9" spans="496~518" text="Planty of carne assada" type="positive" />
<QUALITY id="Q10" spans="818~830" text="so delicious" type="positive" />
<PART_OF id="P0" fromID="F5" fromText="carne assada" toID="A1" toText="all dishes" />
<PART_OF id="P1" fromID="F7" fromText="carne assada" toID="F9" toText="quesadilla" />
<PART_OF id="P2" fromID="F8" fromText="cheese" toID="F9" toText="quesadilla" />
<PART_OF id="P3" fromID="F11" fromText="guacamole" toID="F12" toText="chips and cheese" />
<OPINION id="O0" fromID="Q0" fromText="delicious" toID="A0" toText="They" relationship="explicit" />
<OPINION id="O3" fromID="Q9" fromText="Planty of carne assada" toID="F3" toText="all dishes" relationship="explicit" />
<OPINION id="O4" fromID="Q2" fromText="tasted fresh" toID="F6" toText="Meat" relationship="explicit" />
<OPINION id="O5" fromID="Q3" fromText="not overly seasoned" toID="F6" toText="Meat" relationship="explicit" />
<OPINION id="O6" fromID="Q4" fromText="Almost more carne assada then cheese" toID="F9" toText="quesadilla" relationship="explicit" />
<OPINION id="O7" fromID="Q5" fromText="really fresh" toID="F10" toText="salsa" relationship="explicit" />
<OPINION id="O8" fromID="Q6" fromText="tasty" toID="F10" toText="salsa" relationship="explicit" />
<OPINION id="O9" fromID="Q7" fromText="they offered extra salsa at least twice - no charge" toID="F10" toText="salsa" relationship="explicit" />
<OPINION id="O10" fromID="Q8" fromText="Lots of guacamole on" toID="F12" toText="chips and cheese" relationship="explicit" />
<OPINION id="O11" fromID="Q10" fromText="so delicious" toID="A3" toText="Everything" relationship="explicit" />
<COREFERENCE id="C0" fromID="A0" fromText="They" toID="F0" toText="Carne Assada Torta" />
<COREFERENCE id="C1" fromID="A0" fromText="They" toID="F1" toText="Carne Assada Burrito" />
<COREFERENCE id="C2" fromID="A0" fromText="They" toID="F2" toText="carne assada quesadilla" />
<COREFERENCE id="C3" fromID="A0" fromText="They" toID="F4" toText="Chips with cheese and guacamole" />
<COREFERENCE id="C4" fromID="F6" fromText="Meat" toID="F5" toText="carne assada" />
<COREFERENCE id="C5" fromID="A1" fromText="all dishes" toID="F0" toText="Carne Assada Torta" />
<COREFERENCE id="C6" fromID="A1" fromText="all dishes" toID="F1" toText="Carne Assada Burrito" />
<COREFERENCE id="C7" fromID="A1" fromText="all dishes" toID="F2" toText="carne assada quesadilla" />
<COREFERENCE id="C8" fromID="F9" fromText="quesadilla" toID="F2" toText="carne assada quesadilla" />
<COREFERENCE id="C9" fromID="F12" fromText="chips and cheese" toID="F4" toText="Chips with cheese and guacamole" />
<COREFERENCE id="C10" fromID="A3" fromText="Everything" toID="F3" toText="all dishes" />
</TAGS>
</yelp_reviews_1.1>