<?xml version="1.0" encoding="UTF-8" ?>

<yelp_reviews_1.1>
<TEXT><![CDATA[The food is great and the owner is amazing. The staff works hard to get your food out quick and it tasted great. The prices are more than reasonable for what you get. The chicken chimichanga with a side of beans is my favorite. The pico de gallo is fresh and tasty on everything. I am excited to try other menu items but I keep getting the same thing because I like it so much. I appreciate they are closed on Sunday and one Wednesday a month so the staff can make doctor'a appointment, get stuff done that would usually be working hours. There are 9 employees total and I think it's amazing for an employer to do that for his staff. I'm a a loyal customer to this place now!]]></TEXT>
<TAGS>
<FOOD id="F1" spans="171~211" text="chicken chimichanga with a side of beans"  />
<FOOD id="F2" spans="232~245" text="pico de gallo"  />
<QUALITY id="Q0" spans="215~226" text="my favorite" type="positive" />
<QUALITY id="Q1" spans="249~254" text="fresh" type="positive" />
<QUALITY id="Q2" spans="259~278" text="tasty on everything" type="positive" />
<OPINION id="O0" fromID="Q0" fromText="my favorite" toID="F1" toText="chicken chimichanga with a side of beans" relationship="implicit" />
<OPINION id="O1" fromID="Q1" fromText="fresh" toID="F2" toText="pico de gallo" relationship="explicit" />
<OPINION id="O2" fromID="Q2" fromText="tasty on everything" toID="F2" toText="pico de gallo" relationship="explicit" />
</TAGS>
</yelp_reviews_1.1>