<?xml version="1.0" encoding="UTF-8" ?>

<yelp_reviews_1.1>
<TEXT><![CDATA[There food is average at best.The highlight is the Al Pastor which leaves much to desire.]]></TEXT>
<TAGS>
<FOOD id="F0" spans="51~60" text="Al Pastor"  />
<QUALITY id="Q0" spans="30~43" text="The highlight" type="neutral" />
<QUALITY id="Q1" spans="67~88" text="leaves much to desire" type="negative" />
<OPINION id="O0" fromID="Q0" fromText="The highlight" toID="F0" toText="Al Pastor" relationship="implicit" />
<OPINION id="O1" fromID="Q1" fromText="leaves much to desire" toID="F0" toText="Al Pastor" relationship="explicit" />
</TAGS>
</yelp_reviews_1.1>