<?xml version="1.0" encoding="UTF-8" ?>

<yelp_reviews_1.1>
<TEXT><![CDATA[I thought I'd write an update as it's been almost a year since my last.

My husband and I eat here at least once a week, usually twice.  Pretty much every time we go, I order Enchiladas and ask for a filling of chicken and potatoes.  It's not on the menu but they have no problem making them.  The reason I started ordering them this way is that I discovered their potatoes are absolutely delicious and I don't know what the heck they do to that chicken but it is so flavorful.  Unfortunately, now I have to share my order with my husband because he loves them too but it works out because we always share whatever he orders, which is often the Chorizo con Eggs and he always adds the delicious potatoes to that.

Last weekend, we decided to try a couple different things (along with the usual enchiladas) and one was the Carne Asada Tortas De Mexico and the Fish Tacos.  We're not there to save calories, obviously, and the fish was battered and it was delicious and the tartar sauce they used was very flavorful.  We didn't quite make it through the Torta but we sure tried because it was tasty.  The bun was soft and chewy and the filling was very good.  

We'll be back soon.  No doubt about it.  The people that work there are so friendly and really make you feel good about eating at their establishment.  The young gal that usually works the register always has a smile and has the cutest disposition.  Just an all around great experience every single time.]]></TEXT>
<TAGS>
<FOOD id="F0" spans="175~185" text="Enchiladas"  />
<FOOD id="F1" spans="211~218" text="chicken"  />
<FOOD id="F2" spans="223~231" text="potatoes"  />
<FOOD id="F3" spans="365~373" text="potatoes"  />
<FOOD id="F4" spans="446~453" text="chicken"  />
<FOOD id="F5" spans="695~703" text="potatoes"  />
<FOOD id="F6" spans="822~850" text="Carne Asada Tortas De Mexico"  />
<FOOD id="F7" spans="859~869" text="Fish Tacos"  />
<FOOD id="F8" spans="925~929" text="fish"  />
<FOOD id="F9" spans="972~984" text="tartar sauce"  />
<FOOD id="F10" spans="1052~1057" text="Torta"  />
<FOOD id="F11" spans="1103~1106" text="bun"  />
<FOOD id="F12" spans="1134~1141" text="filling"  />
<ANAPHORA id="A0" spans="458~460" text="it"  />
<ANAPHORA id="A1" spans="556~560" text="them"  />
<ANAPHORA id="A2" spans="947~949" text="it"  />
<ANAPHORA id="A3" spans="1084~1086" text="it"  />
<QUALITY id="Q0" spans="137~174" text="Pretty much every time we go, I order" type="positive" />
<QUALITY id="Q1" spans="378~398" text="absolutely delicious" type="positive" />
<QUALITY id="Q2" spans="403~440" text="I don&apos;t know what the heck they do to" type="positive" />
<QUALITY id="Q3" spans="464~476" text="so flavorful" type="positive" />
<QUALITY id="Q4" spans="547~555" text="he loves" type="positive" />
<QUALITY id="Q5" spans="685~694" text="delicious" type="positive" />
<QUALITY id="Q6" spans="934~942" text="battered" type="positive" />
<QUALITY id="Q7" spans="954~963" text="delicious" type="positive" />
<QUALITY id="Q8" spans="999~1013" text="very flavorful" type="positive" />
<QUALITY id="Q9" spans="1091~1096" text="tasty" type="positive" />
<QUALITY id="Q10" spans="1111~1115" text="soft" type="positive" />
<QUALITY id="Q11" spans="1120~1125" text="chewy" type="positive" />
<QUALITY id="Q12" spans="1146~1155" text="very good" type="positive" />
<PART_OF id="P0" fromID="F1" fromText="chicken" toID="F0" toText="Enchiladas" />
<PART_OF id="P1" fromID="F2" fromText="potatoes" toID="F0" toText="Enchiladas" />
<PART_OF id="P2" fromID="F8" fromText="fish" toID="F7" toText="Fish Tacos" />
<PART_OF id="P3" fromID="F9" fromText="tartar sauce" toID="F7" toText="Fish Tacos" />
<PART_OF id="P4" fromID="F11" fromText="bun" toID="F10" toText="Torta" />
<PART_OF id="P5" fromID="F12" fromText="filling" toID="F10" toText="Torta" />
<OPINION id="O0" fromID="Q0" fromText="Pretty much every time we go, I order" toID="F0" toText="Enchiladas" relationship="implicit" />
<OPINION id="O1" fromID="Q1" fromText="absolutely delicious" toID="F3" toText="potatoes" relationship="explicit" />
<OPINION id="O2" fromID="Q2" fromText="I don&apos;t know what the heck they do to" toID="F4" toText="chicken" relationship="implicit" />
<OPINION id="O3" fromID="Q3" fromText="so flavorful" toID="A0" toText="it" relationship="explicit" />
<OPINION id="O4" fromID="Q4" fromText="he loves" toID="A1" toText="them" relationship="implicit" />
<OPINION id="O5" fromID="Q5" fromText="delicious" toID="F5" toText="potatoes" relationship="explicit" />
<OPINION id="O6" fromID="Q6" fromText="battered" toID="F8" toText="fish" relationship="explicit" />
<OPINION id="O7" fromID="Q7" fromText="delicious" toID="A2" toText="it" relationship="explicit" />
<OPINION id="O8" fromID="Q8" fromText="very flavorful" toID="F9" toText="tartar sauce" relationship="explicit" />
<OPINION id="O9" fromID="Q9" fromText="tasty" toID="A3" toText="it" relationship="explicit" />
<OPINION id="O10" fromID="Q11" fromText="chewy" toID="F11" toText="bun" relationship="explicit" />
<OPINION id="O11" fromID="Q10" fromText="soft" toID="F11" toText="bun" relationship="explicit" />
<OPINION id="O12" fromID="Q12" fromText="very good" toID="F12" toText="filling" relationship="explicit" />
<COREFERENCE id="C0" fromID="F4" fromText="chicken" toID="F1" toText="chicken" />
<COREFERENCE id="C1" fromID="F3" fromText="potatoes" toID="F2" toText="potatoes" />
<COREFERENCE id="C2" fromID="A0" fromText="it" toID="F4" toText="chicken" />
<COREFERENCE id="C3" fromID="A1" fromText="them" toID="F0" toText="Enchiladas" />
<COREFERENCE id="C4" fromID="F5" fromText="potatoes" toID="F3" toText="potatoes" />
<COREFERENCE id="C5" fromID="F10" fromText="Torta" toID="F6" toText="Carne Asada Tortas De Mexico" />
<COREFERENCE id="C6" fromID="A2" fromText="it" toID="F8" toText="fish" />
<COREFERENCE id="C7" fromID="A3" fromText="it" toID="F10" toText="Torta" />
</TAGS>
</yelp_reviews_1.1>