<?xml version="1.0" encoding="UTF-8" ?>

<yelp_reviews_1.1>
<TEXT><![CDATA[Yelpers should get out more...if this is 4 star fast Mexican food.  Pico de Gallo was 90% onions and otherwise bland. Chips were not warm. Carne Asada was more like hamburger crumbs. Wendy's chili is much better meat quality. Tacos used soft tortillas and didn't see any cilantro or onions. Generally this was just average at best. Not terrible, but only a minor step above del taco or whatnot. Is there ANY good food in Anthem?]]></TEXT>
<TAGS>
<FOOD id="F0" spans="68~81" text="Pico de Gallo"  />
<FOOD id="F1" spans="90~96" text="onions"  />
<FOOD id="F2" spans="118~123" text="Chips"  />
<FOOD id="F3" spans="139~150" text="Carne Asada"  />
<FOOD id="F4" spans="226~231" text="Tacos"  />
<FOOD id="F5" spans="237~251" text="soft tortillas"  />
<QUALITY id="Q0" spans="86~96" text="90% onions" type="negative" />
<QUALITY id="Q1" spans="111~116" text="bland" type="negative" />
<QUALITY id="Q2" spans="129~137" text="not warm" type="negative" />
<QUALITY id="Q3" spans="155~181" text="more like hamburger crumbs" type="negative" />
<QUALITY id="Q4" spans="183~224" text="Wendy&apos;s chili is much better meat quality" type="negative" />
<QUALITY id="Q5" spans="237~241" text="soft" type="negative" />
<QUALITY id="Q6" spans="256~289" text="didn&apos;t see any cilantro or onions" type="negative" />
<PART_OF id="P0" fromID="F1" fromText="onions" toID="F0" toText="Pico de Gallo" />
<PART_OF id="P1" fromID="F5" fromText="soft tortillas" toID="F4" toText="Tacos" />
<OPINION id="O0" fromID="Q1" fromText="bland" toID="F0" toText="Pico de Gallo" relationship="explicit" />
<OPINION id="O1" fromID="Q0" fromText="90% onions" toID="F0" toText="Pico de Gallo" relationship="explicit" />
<OPINION id="O2" fromID="Q2" fromText="not warm" toID="F2" toText="Chips" relationship="explicit" />
<OPINION id="O3" fromID="Q3" fromText="more like hamburger crumbs" toID="F3" toText="Carne Asada" relationship="implicit" />
<OPINION id="O4" fromID="Q4" fromText="Wendy&apos;s chili is much better meat quality" toID="F3" toText="Carne Asada" relationship="implicit" />
<OPINION id="O5" fromID="Q6" fromText="didn&apos;t see any cilantro or onions" toID="F4" toText="Tacos" relationship="explicit" />
<OPINION id="O6" fromID="Q5" fromText="soft" toID="F5" toText="soft tortillas" relationship="explicit" />
</TAGS>
</yelp_reviews_1.1>