<?xml version="1.0" encoding="UTF-8" ?>

<yelp_reviews_1.1>
<TEXT><![CDATA[Love their California Burrito, carnitas tacos, green burrito is money, and their horchata is amazingly good!!]]></TEXT>
<TAGS>
<FOOD id="F0" spans="11~29" text="California Burrito"  />
<FOOD id="F1" spans="31~45" text="carnitas tacos"  />
<FOOD id="F2" spans="47~60" text="green burrito"  />
<FOOD id="F3" spans="81~89" text="horchata"  />
<QUALITY id="Q0" spans="0~4" text="Love" type="positive" />
<QUALITY id="Q1" spans="64~69" text="money" type="positive" />
<QUALITY id="Q2" spans="93~107" text="amazingly good" type="positive" />
<OPINION id="O0" fromID="Q0" fromText="Love" toID="F0" toText="California Burrito" relationship="implicit" />
<OPINION id="O1" fromID="Q0" fromText="Love" toID="F1" toText="carnitas tacos" relationship="implicit" />
<OPINION id="O2" fromID="Q1" fromText="money" toID="F2" toText="green burrito" relationship="implicit" />
<OPINION id="O3" fromID="Q2" fromText="amazingly good" toID="F3" toText="horchata" relationship="explicit" />
</TAGS>
</yelp_reviews_1.1>