<?xml version="1.0" encoding="UTF-8" ?>

<yelp_reviews_1.1>
<TEXT><![CDATA[First off... their Horchata is phenomenal - and would be the only reason I'd probably step foot back into Robertos.  Also, I was told that the margarita was fairly decent.  Other than that... everything else that we had was pretty "meh".  My mom was in town, and craving Mexican, so we decided to try Roberto's out from the Yelp reviews - I kind of wish we wouldn't have.  For starters, we were told we'd be brought chips and salsa... but they never came.  We waited a good 45 minutes to get any food, which seems crazy to me to make people wait for 45 minutes for some food served on disposable plates with plastic silverware in an environment that looks like there are serving up fast food.  And then to make people wait that long and not even bring them chips and salsa.  Not great on the service standpoint.  As far as the food goes, my husband ordered the Al Pastor burrito - he said it was bland and greasy, definitely not anything close to what he is used to (and he said that the Al Pastor could have benefited greatly from some pineapple, which I believe it is traditionally served with).  My dad ordered the rellano combo plate, which he said was good, but definitely not the best he has ever had... maybe typical middle road.  My mom ordered the enchilada and taco combo - she didn't like the enchilada at all and only ate some of the chicken out of the inside of the taco - definitely didn't satisfy her mexican food craving.  I ordered the chicken chimi combo, which was really bland and typical - nothing special or that I'd want to eat again.  We all discussed that the beans were pretty good, but that does not a meal make.  So to have to wait that long and then be completely underwhelmed by bland mexican food... not likely that we'll be returning, unless of course in the area and craving some horchata.]]></TEXT>
<TAGS>
<FOOD id="F0" spans="19~27" text="Horchata"  />
<FOOD id="F1" spans="143~152" text="margarita"  />
<FOOD id="F2" spans="861~878" text="Al Pastor burrito"  />
<FOOD id="F3" spans="988~997" text="Al Pastor"  />
<FOOD id="F4" spans="1118~1137" text="rellano combo plate"  />
<FOOD id="F5" spans="1257~1281" text="enchilada and taco combo"  />
<FOOD id="F6" spans="1304~1313" text="enchilada"  />
<FOOD id="F7" spans="1346~1353" text="chicken"  />
<FOOD id="F8" spans="1379~1383" text="taco"  />
<FOOD id="F9" spans="1453~1472" text="chicken chimi combo"  />
<FOOD id="F10" spans="1585~1590" text="beans"  />
<ANAPHORA id="A0" spans="889~891" text="it"  />
<QUALITY id="Q0" spans="31~41" text="phenomenal" type="positive" />
<QUALITY id="Q1" spans="57~114" text="the only reason I&apos;d probably step foot back into Robertos" type="positive" />
<QUALITY id="Q2" spans="157~170" text="fairly decent" type="positive" />
<QUALITY id="Q3" spans="906~912" text="greasy" type="negative" />
<QUALITY id="Q4" spans="914~965" text="definitely not anything close to what he is used to" type="negative" />
<QUALITY id="Q5" spans="896~901" text="bland" type="negative" />
<QUALITY id="Q6" spans="998~1046" text="could have benefited greatly from some pineapple" type="negative" />
<QUALITY id="Q7" spans="1157~1161" text="good" type="neutral" />
<QUALITY id="Q8" spans="1167~1206" text="definitely not the best he has ever had" type="negative" />
<QUALITY id="Q9" spans="1210~1235" text="maybe typical middle road" type="neutral" />
<QUALITY id="Q10" spans="1284~1299" text="she didn&apos;t like" type="negative" />
<QUALITY id="Q11" spans="1386~1436" text="definitely didn&apos;t satisfy her mexican food craving" type="negative" />
<QUALITY id="Q12" spans="1484~1496" text="really bland" type="negative" />
<QUALITY id="Q13" spans="1501~1508" text="typical" type="neutral" />
<QUALITY id="Q14" spans="1511~1556" text="nothing special or that I&apos;d want to eat again" type="neutral" />
<QUALITY id="Q15" spans="1596~1607" text="pretty good" type="positive" />
<QUALITY id="Q16" spans="1325~1371" text="only ate some of the chicken out of the inside" type="negative" />
<QUALITY id="Q17" spans="1609~1638" text="but that does not a meal make" type="negative" />
<PART_OF id="P1" fromID="F6" fromText="enchilada" toID="F5" toText="enchilada and taco combo" />
<PART_OF id="P2" fromID="F7" fromText="chicken" toID="F8" toText="taco" />
<PART_OF id="P3" fromID="F8" fromText="taco" toID="F5" toText="enchilada and taco combo" />
<OPINION id="O0" fromID="Q0" fromText="phenomenal" toID="F0" toText="Horchata" relationship="explicit" />
<OPINION id="O1" fromID="Q1" fromText="the only reason I&apos;d probably step foot back into Robertos" toID="F0" toText="Horchata" relationship="implicit" />
<OPINION id="O2" fromID="Q2" fromText="fairly decent" toID="F1" toText="margarita" relationship="explicit" />
<OPINION id="O4" fromID="Q3" fromText="greasy" toID="A0" toText="it" relationship="explicit" />
<OPINION id="O5" fromID="Q4" fromText="definitely not anything close to what he is used to" toID="A0" toText="it" relationship="implicit" />
<OPINION id="O6" fromID="Q6" fromText="could have benefited greatly from some pineapple" toID="F3" toText="Al Pastor" relationship="implicit" />
<OPINION id="O7" fromID="Q8" fromText="definitely not the best he has ever had" toID="F4" toText="rellano combo plate" relationship="explicit" />
<OPINION id="O8" fromID="Q7" fromText="good" toID="F4" toText="rellano combo plate" relationship="explicit" />
<OPINION id="O9" fromID="Q9" fromText="maybe typical middle road" toID="F4" toText="rellano combo plate" relationship="explicit" />
<OPINION id="O10" fromID="Q11" fromText="definitely didn&apos;t satisfy her mexican food craving" toID="F5" toText="enchilada and taco combo" relationship="implicit" />
<OPINION id="O11" fromID="Q10" fromText="she didn&apos;t like" toID="F6" toText="enchilada" relationship="implicit" />
<OPINION id="O12" fromID="Q16" fromText="only ate some of the chicken out of the inside" toID="F8" toText="taco" relationship="implicit" />
<OPINION id="O13" fromID="Q12" fromText="really bland" toID="F9" toText="chicken chimi combo" relationship="explicit" />
<OPINION id="O14" fromID="Q13" fromText="typical" toID="F9" toText="chicken chimi combo" relationship="explicit" />
<OPINION id="O15" fromID="Q14" fromText="nothing special or that I&apos;d want to eat again" toID="F9" toText="chicken chimi combo" relationship="implicit" />
<OPINION id="O16" fromID="Q17" fromText="but that does not a meal make" toID="F10" toText="beans" relationship="explicit" />
<OPINION id="O17" fromID="Q15" fromText="pretty good" toID="F10" toText="beans" relationship="explicit" />
<COREFERENCE id="C0" fromID="F3" fromText="Al Pastor" toID="F2" toText="Al Pastor burrito" />
<COREFERENCE id="C1" fromID="A0" fromText="it" toID="F2" toText="Al Pastor burrito" />
</TAGS>
</yelp_reviews_1.1>