<?xml version="1.0" encoding="UTF-8" ?>

<yelp_reviews_1.1>
<TEXT><![CDATA[I'm glad to be back at Roberto's enjoying my free chips and salsa.]]></TEXT>
<TAGS>
<FOOD id="F0" spans="50~65" text="chips and salsa"  />
<QUALITY id="Q0" spans="45~49" text="free" type="positive" />
<QUALITY id="Q1" spans="0~41" text="I&apos;m glad to be back at Roberto&apos;s enjoying" type="positive" />
<OPINION id="O0" fromID="Q0" fromText="free" toID="F0" toText="chips and salsa" relationship="explicit" />
<OPINION id="O1" fromID="Q1" fromText="I&apos;m glad to be back at Roberto&apos;s enjoying" toID="F0" toText="chips and salsa" relationship="implicit" />
</TAGS>
</yelp_reviews_1.1>