<?xml version="1.0" encoding="UTF-8" ?>

<yelp_reviews_1.1>
<TEXT><![CDATA[Vegetarian here.

Luckily, Roberto's doesn't use any lard or animal products in its beans.

After reading the glowing reviews here on Yelp, I reluctantly tried out this spot for lunch. Reluctantly, because it's inside of a Shell gas station.

When I got inside, I was surprised to see that the Roberto's took up a big chuck of real estate inside the building, around one quarter to one third takes up the restaurant seating area. You can sit at a table or at a bar area with a view out the window. 

I ordered a bean, cheese and potato burrito. It took them awhile to get my burrito ready, but it was piping hot (temperature) when it arrived. After letting it cool a bit and burning my mouth a few times, I wolfed it down. Their red salsa is also fantastic, loved the flavor, poured it on top of my burrito at every bite.

I would make this my new breakfast burrito spot too, but they don't open until 10AM on Sundays.]]></TEXT>
<TAGS>
<FOOD id="F0" spans="512~543" text="bean, cheese and potato burrito"  />
<FOOD id="F1" spans="575~582" text="burrito"  />
<FOOD id="F2" spans="729~738" text="red salsa"  />
<FOOD id="F3" spans="799~806" text="burrito"  />
<ANAPHORA id="A0" spans="657~659" text="it"  />
<ANAPHORA id="A1" spans="594~596" text="it"  />
<ANAPHORA id="A2" spans="714~716" text="it"  />
<ANAPHORA id="A3" spans="783~785" text="it"  />
<QUALITY id="Q0" spans="601~611" text="piping hot" type="neutral" />
<QUALITY id="Q1" spans="705~721" text="I wolfed it down" type="positive" />
<QUALITY id="Q2" spans="747~756" text="fantastic" type="positive" />
<QUALITY id="Q3" spans="758~774" text="loved the flavor" type="positive" />
<QUALITY id="Q4" spans="776~820" text="poured it on top of my burrito at every bite" type="positive" />
<OPINION id="O0" fromID="Q0" fromText="piping hot" toID="A1" toText="it" relationship="explicit" />
<OPINION id="O1" fromID="Q1" fromText="I wolfed it down" toID="A2" toText="it" relationship="implicit" />
<OPINION id="O2" fromID="Q2" fromText="fantastic" toID="F2" toText="red salsa" relationship="explicit" />
<OPINION id="O3" fromID="Q3" fromText="loved the flavor" toID="F2" toText="red salsa" relationship="explicit" />
<OPINION id="O4" fromID="Q4" fromText="poured it on top of my burrito at every bite" toID="A3" toText="it" relationship="implicit" />
<COREFERENCE id="C0" fromID="F1" fromText="burrito" toID="F0" toText="bean, cheese and potato burrito" />
<COREFERENCE id="C1" fromID="A1" fromText="it" toID="F1" toText="burrito" />
<COREFERENCE id="C2" fromID="A0" fromText="it" toID="F1" toText="burrito" />
<COREFERENCE id="C3" fromID="A2" fromText="it" toID="F1" toText="burrito" />
<COREFERENCE id="C4" fromID="A3" fromText="it" toID="F2" toText="red salsa" />
<COREFERENCE id="C5" fromID="F3" fromText="burrito" toID="F1" toText="burrito" />
</TAGS>
</yelp_reviews_1.1>