<?xml version="1.0" encoding="UTF-8" ?>

<yelp_reviews_1.1>
<TEXT><![CDATA[Very authentic. The best we have found when visiting Phoenix. The green chile sauce is similar to what "Grandma used to make" and i just can't get that anywhere. Its just good old fashioned home made Mexican food made to order. Can't wait for our next visit.]]></TEXT>
<TAGS>
<FOOD id="F0" spans="66~83" text="green chile sauce"  />
<ANAPHORA id="A0" spans="162~165" text="Its"  />
<QUALITY id="Q0" spans="87~125" text="similar to what &quot;Grandma used to make&quot;" type="positive" />
<QUALITY id="Q1" spans="166~226" text="just good old fashioned home made Mexican food made to order" type="positive" />
<OPINION id="O0" fromID="Q0" fromText="similar to what &quot;Grandma used to make&quot;" toID="F0" toText="green chile sauce" relationship="implicit" />
<OPINION id="O1" fromID="Q1" fromText="just good old fashioned home made Mexican food made to order" toID="A0" toText="Its" relationship="implicit" />
<COREFERENCE id="C0" fromID="A0" fromText="Its" toID="F0" toText="green chile sauce" />
</TAGS>
</yelp_reviews_1.1>