<?xml version="1.0" encoding="UTF-8" ?>

<yelp_reviews_1.1>
<TEXT><![CDATA[So good, the best burrito in town.  I love the California burrito.  Chips and salsa are really good, love the hot salsa.  The owner is always friendly and welcoming.]]></TEXT>
<TAGS>
<FOOD id="F0" spans="18~25" text="burrito"  />
<FOOD id="F1" spans="47~65" text="California burrito"  />
<FOOD id="F2" spans="68~83" text="Chips and salsa"  />
<FOOD id="F3" spans="110~119" text="hot salsa"  />
<QUALITY id="Q0" spans="9~17" text="the best" type="positive" />
<QUALITY id="Q1" spans="36~42" text="I love" type="positive" />
<QUALITY id="Q2" spans="88~99" text="really good" type="positive" />
<QUALITY id="Q3" spans="101~105" text="love" type="positive" />
<PART_OF id="P0" fromID="F3" fromText="hot salsa" toID="F2" toText="Chips and salsa" />
<OPINION id="O0" fromID="Q0" fromText="the best" toID="F0" toText="burrito" relationship="explicit" />
<OPINION id="O1" fromID="Q1" fromText="I love" toID="F1" toText="California burrito" relationship="implicit" />
<OPINION id="O2" fromID="Q2" fromText="really good" toID="F2" toText="Chips and salsa" relationship="explicit" />
<OPINION id="O3" fromID="Q3" fromText="love" toID="F3" toText="hot salsa" relationship="implicit" />
</TAGS>
</yelp_reviews_1.1>