<?xml version="1.0" encoding="UTF-8" ?>

<yelp_reviews_1.1>
<TEXT><![CDATA[The glorious review of this place on the TV show "Diners, Drive-Ins, and Dives" was a little surprising to me.  I can't figure how they used those camera angles to make the place look so much bigger.

Yes, make no mistake it is located inside a Shell gas station.  You can buy their pop or walk 10 feet and buy the Shell bottles of pop.  This might be a novel feature of a "restaurant" but it certainly cheapens it a little, to say the least.

My cheese enchiladas had cold, unmelted cheese in the middle.  The bean burrito was fine.  Prices were reasonable, but this certainly isn't something worthy of putting on a national television show about great food.

There's also no place to sit if you're there any time close to the usual lunch or dinner hours.  There's no parking either, especially if people are using those few spots to go into the gas station for basic gas station items.]]></TEXT>
<TAGS>
<FOOD id="F0" spans="447~464" text="cheese enchiladas"  />
<FOOD id="F1" spans="484~490" text="cheese"  />
<FOOD id="F2" spans="511~523" text="bean burrito"  />
<QUALITY id="Q0" spans="469~473" text="cold" type="negative" />
<QUALITY id="Q1" spans="475~483" text="unmelted" type="negative" />
<QUALITY id="Q2" spans="528~532" text="fine" type="neutral" />
<PART_OF id="P0" fromID="F1" fromText="cheese" toID="F0" toText="cheese enchiladas" />
<OPINION id="O0" fromID="Q0" fromText="cold" toID="F1" toText="cheese" relationship="explicit" />
<OPINION id="O1" fromID="Q1" fromText="unmelted" toID="F1" toText="cheese" relationship="explicit" />
<OPINION id="O2" fromID="Q2" fromText="fine" toID="F2" toText="bean burrito" relationship="explicit" />
</TAGS>
</yelp_reviews_1.1>