<?xml version="1.0" encoding="UTF-8" ?>

<yelp_reviews_1.1>
<TEXT><![CDATA[Heard about this place from Diners, dives, and drive-ins.  They were originally located off of 7th and union hills and have moved to Anthem.  If you ask my son the Chorizos, eggs, and papas burritos are the best.  The staff is friendly.  Can be busy sometimes.  The mexican pizza is excellent.  

They are closed on Sunday.  Sorry no burritos or menudo for football.]]></TEXT>
<TAGS>
<FOOD id="F0" spans="164~172" text="Chorizos"  />
<FOOD id="F1" spans="174~178" text="eggs"  />
<FOOD id="F2" spans="184~198" text="papas burritos"  />
<FOOD id="F3" spans="266~279" text="mexican pizza"  />
<QUALITY id="Q0" spans="203~211" text="the best" type="positive" />
<QUALITY id="Q1" spans="283~292" text="excellent" type="positive" />
<OPINION id="O0" fromID="Q0" fromText="the best" toID="F0" toText="Chorizos" relationship="explicit" />
<OPINION id="O1" fromID="Q0" fromText="the best" toID="F1" toText="eggs" relationship="explicit" />
<OPINION id="O2" fromID="Q0" fromText="the best" toID="F2" toText="papas burritos" relationship="explicit" />
<OPINION id="O3" fromID="Q1" fromText="excellent" toID="F3" toText="mexican pizza" relationship="explicit" />
</TAGS>
</yelp_reviews_1.1>