<?xml version="1.0" encoding="UTF-8" ?>

<yelp_reviews_1.1>
<TEXT><![CDATA[Really enjoy this place. We eat it at lease once a week. The great thing is they deliver too!! I've never had anything bad here. Their taco salads are delicious and you can't go wrong with their Texas burrito!! Great food. I usually call early in the evening and set up a delivery time that way it's ready when we're ready to eat!]]></TEXT>
<TAGS>
<FOOD id="F0" spans="135~146" text="taco salads"  />
<FOOD id="F1" spans="195~208" text="Texas burrito"  />
<QUALITY id="Q0" spans="151~160" text="delicious" type="positive" />
<QUALITY id="Q1" spans="165~188" text="you can&apos;t go wrong with" type="positive" />
<OPINION id="O0" fromID="Q0" fromText="delicious" toID="F0" toText="taco salads" relationship="explicit" />
<OPINION id="O1" fromID="Q1" fromText="you can&apos;t go wrong with" toID="F1" toText="Texas burrito" relationship="implicit" />
</TAGS>
</yelp_reviews_1.1>