<?xml version="1.0" encoding="UTF-8" ?>

<yelp_reviews_1.1>
<TEXT><![CDATA[Ate there for the 2nd time yesterday.  WOW, great food.  Had the Carne Asada burrito, it was amazing.  The food was so fresh.  The restaurant is very clean and inviting.  I will be back very soon.  Great Experience!!!!]]></TEXT>
<TAGS>
<FOOD id="F0" spans="65~84" text="Carne Asada burrito"  />
<ANAPHORA id="A0" spans="86~88" text="it"  />
<ANAPHORA id="A1" spans="107~111" text="food"  />
<QUALITY id="Q0" spans="116~124" text="so fresh" type="positive" />
<QUALITY id="Q1" spans="93~100" text="amazing" type="positive" />
<OPINION id="O0" fromID="Q1" fromText="amazing" toID="A0" toText="it" relationship="explicit" />
<OPINION id="O1" fromID="Q0" fromText="so fresh" toID="A1" toText="food" relationship="explicit" />
<COREFERENCE id="C0" fromID="A0" fromText="it" toID="F0" toText="Carne Asada burrito" />
<COREFERENCE id="C1" fromID="A1" fromText="food" toID="F0" toText="Carne Asada burrito" />
</TAGS>
</yelp_reviews_1.1>