<?xml version="1.0" encoding="UTF-8" ?>

<yelp_reviews_1.1>
<TEXT><![CDATA[When we walked in to Robertos, friendliness of the wait staff was evident!  Very clean! Chips and salsa very authentic and fresh! The Mexican Pizza is delicioso, but I could not eat it all!  I will come back when I make my next trip to Anthem, AZ.]]></TEXT>
<TAGS>
<FOOD id="F0" spans="88~103" text="Chips and salsa"  />
<FOOD id="F1" spans="134~147" text="Mexican Pizza"  />
<QUALITY id="Q0" spans="104~118" text="very authentic" type="positive" />
<QUALITY id="Q1" spans="123~128" text="fresh" type="positive" />
<QUALITY id="Q2" spans="151~160" text="delicioso" type="positive" />
<OPINION id="O0" fromID="Q0" fromText="very authentic" toID="F0" toText="Chips and salsa" relationship="explicit" />
<OPINION id="O1" fromID="Q1" fromText="fresh" toID="F0" toText="Chips and salsa" relationship="explicit" />
<OPINION id="O2" fromID="Q2" fromText="delicioso" toID="F1" toText="Mexican Pizza" relationship="explicit" />
</TAGS>
</yelp_reviews_1.1>