<?xml version="1.0" encoding="UTF-8" ?>

<yelp_reviews_1.1>
<TEXT><![CDATA[So we came in as a buddy said you have to try this place the El pastor rocks! I said ok Ill try it. Wow not good!

First off I have to give them a 4 for service. Would have got a 5 but I had to ask for my chips after waiting 5 min. I mean really I have to wait then remind you to give them to me. First Fail!

Got our food and I was not impressed at all when it came to the meat. NO I mean NO flavor in the El Pastor. I mean really Guy Fieri Has been here. This was horrible. How can any one say its good. My partner ordered chicken. it was OK until she got a large BONE! I mean really a bone!!!!  The manager could only say "Oh we try and check for that but oh so sorry" This was all you could say? I mean pay for our meal make it better dont change the subject and talk about the kids. FAIL! You own this place and want people to return? Not like this you wont. You fail here and BAD!

I will never come back here or recommend any one eating here!]]></TEXT>
<TAGS>
<FOOD id="F0" spans="61~70" text="El pastor"  />
<FOOD id="F1" spans="374~378" text="meat"  />
<FOOD id="F2" spans="407~416" text="El Pastor"  />
<FOOD id="F3" spans="525~532" text="chicken"  />
<ANAPHORA id="A0" spans="96~98" text="it"  />
<ANAPHORA id="A1" spans="457~461" text="This"  />
<ANAPHORA id="A2" spans="496~498" text="it"  />
<ANAPHORA id="A3" spans="534~536" text="it"  />
<QUALITY id="Q0" spans="104~112" text="not good" type="negative" />
<QUALITY id="Q1" spans="327~369" text="I was not impressed at all when it came to" type="negative" />
<QUALITY id="Q2" spans="390~399" text="NO flavor" type="negative" />
<QUALITY id="Q3" spans="466~474" text="horrible" type="negative" />
<QUALITY id="Q4" spans="476~504" text="How can any one say its good" type="negative" />
<QUALITY id="Q5" spans="541~543" text="OK" type="neutral" />
<QUALITY id="Q6" spans="550~570" text="she got a large BONE" type="negative" />
<PART_OF id="P0" fromID="F1" fromText="meat" toID="F2" toText="El Pastor" />
<OPINION id="O0" fromID="Q0" fromText="not good" toID="A0" toText="it" relationship="explicit" />
<OPINION id="O1" fromID="Q1" fromText="I was not impressed at all when it came to" toID="F1" toText="meat" relationship="implicit" />
<OPINION id="O2" fromID="Q2" fromText="NO flavor" toID="F2" toText="El Pastor" relationship="explicit" />
<OPINION id="O3" fromID="Q3" fromText="horrible" toID="A1" toText="This" relationship="explicit" />
<OPINION id="O4" fromID="Q4" fromText="How can any one say its good" toID="A2" toText="it" relationship="implicit" />
<OPINION id="O5" fromID="Q5" fromText="OK" toID="A3" toText="it" relationship="explicit" />
<OPINION id="O6" fromID="Q6" fromText="she got a large BONE" toID="A3" toText="it" relationship="implicit" />
<COREFERENCE id="C0" fromID="A0" fromText="it" toID="F0" toText="El pastor" />
<COREFERENCE id="C1" fromID="A1" fromText="This" toID="F2" toText="El Pastor" />
<COREFERENCE id="C2" fromID="A2" fromText="it" toID="F2" toText="El Pastor" />
<COREFERENCE id="C3" fromID="A3" fromText="it" toID="F3" toText="chicken" />
</TAGS>
</yelp_reviews_1.1>