<?xml version="1.0" encoding="UTF-8" ?>

<yelp_reviews_1.1>
<TEXT><![CDATA[A clean restaurant with hard working staff and pleasant customer service.  Our food was prepared quickly and looked very good.  Unfortunately,  there just wasn't any flavor to the dishes.  The carne asada had several pieces of tough gristle which was unexpected,  but it was hard to reconcile the appearance and preparation with the absence of the wonderful mixture and bursts of flavor that one associates with mexican cuisine;  the house salsa was the exception and I found it rather tasty.  There were many diners who seemed very happy so the issue may be one of my palate.  Give them a try for yourself as the site and staff are clean and welcoming.  I'll try once again too.]]></TEXT>
<TAGS>
<FOOD id="F0" spans="193~204" text="carne asada"  />
<FOOD id="F1" spans="434~445" text="house salsa"  />
<ANAPHORA id="A0" spans="476~478" text="it"  />
<QUALITY id="Q0" spans="205~261" text="had several pieces of tough gristle which was unexpected" type="negative" />
<QUALITY id="Q1" spans="333~427" text="absence of the wonderful mixture and bursts of flavor that one associates with mexican cuisine" type="negative" />
<QUALITY id="Q2" spans="450~463" text="the exception" type="positive" />
<QUALITY id="Q3" spans="479~491" text="rather tasty" type="positive" />
<OPINION id="O0" fromID="Q0" fromText="had several pieces of tough gristle which was unexpected" toID="F0" toText="carne asada" relationship="explicit" />
<OPINION id="O1" fromID="Q1" fromText="absence of the wonderful mixture and bursts of flavor that one associates with mexican cuisine" toID="F0" toText="carne asada" relationship="explicit" />
<OPINION id="O2" fromID="Q2" fromText="the exception" toID="F1" toText="house salsa" relationship="implicit" />
<OPINION id="O3" fromID="Q3" fromText="rather tasty" toID="A0" toText="it" relationship="explicit" />
<COREFERENCE id="C0" fromID="A0" fromText="it" toID="F1" toText="house salsa" />
</TAGS>
</yelp_reviews_1.1>