<?xml version="1.0" encoding="UTF-8" ?>

<yelp_reviews_1.1>
<TEXT><![CDATA[We were in town visiting the outlet stores and decided to stop after seeing the yelp reviews. We ordered for six and were surprised when everyone noticed something a little off on the food.  All the refried beans had a very strong sour taste like vinegar. We told the girl working there and she confirmed that the beans had soured. At first she told us it was lime juice in the beans. She went and talked to the owner and they threw the beans out. By this time everyone was worried about getting sick. The girl tried refunding only the equivalent of what the beans would cost. I reminded her that there were also beans inside the burritos and in the nachos. The owner actually refunded our money and we left.  His explanation.. I've been doing this since 1991 and sometimes things happen.  It might be that the beans were bad when we got them. Maybe a "sorry about that" would have been better.  Too bad, because the part we did eat before the spoiled beans was pretty good.]]></TEXT>
<TAGS>
<FOOD id="F0" spans="199~212" text="refried beans"  />
<FOOD id="F1" spans="314~319" text="beans"  />
<FOOD id="F2" spans="613~618" text="beans"  />
<FOOD id="F3" spans="630~638" text="burritos"  />
<FOOD id="F4" spans="650~656" text="nachos"  />
<QUALITY id="Q0" spans="213~254" text="had a very strong sour taste like vinegar" type="negative" />
<QUALITY id="Q1" spans="320~330" text="had soured" type="negative" />
<PART_OF id="P0" fromID="F2" fromText="beans" toID="F3" toText="burritos" />
<PART_OF id="P1" fromID="F2" fromText="beans" toID="F4" toText="nachos" />
<OPINION id="O0" fromID="Q0" fromText="had a very strong sour taste like vinegar" toID="F0" toText="refried beans" relationship="explicit" />
<OPINION id="O1" fromID="Q1" fromText="had soured" toID="F1" toText="beans" relationship="explicit" />
<COREFERENCE id="C0" fromID="F1" fromText="beans" toID="F0" toText="refried beans" />
<COREFERENCE id="C1" fromID="F2" fromText="beans" toID="F1" toText="beans" />
</TAGS>
</yelp_reviews_1.1>