<?xml version="1.0" encoding="UTF-8" ?>

<yelp_reviews_1.1>
<TEXT><![CDATA[When we travel, we map out Guy Fieri's diners, drive-inns and dives.  Roberto's being our 89th  Triple D Is one of the best that we have gone too. The food is off the hook!  You have to try the Al Pastor we got the taco's , but I am sure anyway you get it you will not be disappointed .The beans the rice ..omg my mouth is watering as I write this back in California.. I love love Mexican food and truly this is the best We ever had. But the best part of being at Roberto's was being so welcomed by Roger and his family. ..Maria who makes her homemade margaritas were the best.  We can't wait to go back to AZ to go have the best Mexican food ever.]]></TEXT>
<TAGS>
<FOOD id="F0" spans="194~203" text="Al Pastor"  />
<FOOD id="F1" spans="215~221" text="taco&apos;s"  />
<FOOD id="F2" spans="290~295" text="beans"  />
<FOOD id="F3" spans="300~304" text="rice"  />
<FOOD id="F4" spans="552~562" text="margaritas"  />
<QUALITY id="Q0" spans="174~189" text="You have to try" type="positive" />
<QUALITY id="Q1" spans="307~366" text="omg my mouth is watering as I write this back in California" type="positive" />
<QUALITY id="Q2" spans="543~551" text="homemade" type="positive" />
<OPINION id="O0" fromID="Q0" fromText="You have to try" toID="F0" toText="Al Pastor" relationship="implicit" />
<OPINION id="O1" fromID="Q1" fromText="omg my mouth is watering as I write this back in California" toID="F2" toText="beans" relationship="implicit" />
<OPINION id="O2" fromID="Q1" fromText="omg my mouth is watering as I write this back in California" toID="F3" toText="rice" relationship="implicit" />
<OPINION id="O3" fromID="Q2" fromText="homemade" toID="F4" toText="margaritas" relationship="explicit" />
</TAGS>
</yelp_reviews_1.1>