<?xml version="1.0" encoding="UTF-8" ?>

<yelp_reviews_1.1>
<TEXT><![CDATA[Yes, the cleanest gas station in the USA! Good solid food, loved the carne torta, very flavorful cheese enchiladas and beans. We got our food to go a little too strange for us to eat amongst the pine-scented air fresheners...]]></TEXT>
<TAGS>
<FOOD id="F0" spans="69~80" text="carne torta"  />
<FOOD id="F1" spans="97~114" text="cheese enchiladas"  />
<FOOD id="F2" spans="119~124" text="beans"  />
<QUALITY id="Q0" spans="59~64" text="loved" type="positive" />
<QUALITY id="Q1" spans="82~96" text="very flavorful" type="positive" />
<OPINION id="O0" fromID="Q0" fromText="loved" toID="F0" toText="carne torta" relationship="implicit" />
<OPINION id="O1" fromID="Q1" fromText="very flavorful" toID="F1" toText="cheese enchiladas" relationship="explicit" />
<OPINION id="O2" fromID="Q1" fromText="very flavorful" toID="F2" toText="beans" relationship="explicit" />
</TAGS>
</yelp_reviews_1.1>