<?xml version="1.0" encoding="UTF-8" ?>

<yelp_reviews_1.1>
<TEXT><![CDATA[The first time we came here I just had a bean tostada and a taco, and regretted my choice. It was pretty standard Mexican fare, and maybe even a little below average as their shredded cheddar cheese has a really odd texture, like maybe it has been frozen and thawed a couple of times or something. On the advice of a friend, we tried it again and this time got the Burrito el Pastore, the supreme nachos, and a Mexican pizza. The el Pastore and Nachos were underwhelming, but the Mexican Pizza was really good. I'd go back for that, but won't waste time with everything else next time.]]></TEXT>
<TAGS>
<FOOD id="F0" spans="41~53" text="bean tostada"  />
<FOOD id="F1" spans="60~64" text="taco"  />
<FOOD id="F2" spans="175~198" text="shredded cheddar cheese"  />
<FOOD id="F3" spans="430~440" text="el Pastore"  />
<FOOD id="F4" spans="445~451" text="Nachos"  />
<FOOD id="F5" spans="480~493" text="Mexican Pizza"  />
<ANAPHORA id="A1" spans="91~93" text="It"  />
<ANAPHORA id="A2" spans="236~238" text="it"  />
<ANAPHORA id="A3" spans="527~531" text="that"  />
<ANAPHORA id="A4" spans="80~89" text="my choice"  />
<QUALITY id="Q0" spans="70~89" text="regretted my choice" type="negative" />
<QUALITY id="Q1" spans="98~126" text="pretty standard Mexican fare" type="neutral" />
<QUALITY id="Q2" spans="132~165" text="maybe even a little below average" type="negative" />
<QUALITY id="Q3" spans="199~223" text="has a really odd texture" type="negative" />
<QUALITY id="Q5" spans="457~470" text="underwhelming" type="negative" />
<QUALITY id="Q6" spans="498~509" text="really good" type="positive" />
<QUALITY id="Q7" spans="511~526" text="I&apos;d go back for" type="positive" />
<QUALITY id="Q8" spans="230~296" text="maybe it has been frozen and thawed a couple of times or something" type="negative" />
<PART_OF id="P0" fromID="F2" fromText="shredded cheddar cheese" toID="F0" toText="bean tostada" />
<PART_OF id="P1" fromID="F2" fromText="shredded cheddar cheese" toID="F1" toText="taco" />
<OPINION id="O0" fromID="Q0" fromText="regretted my choice" toID="F0" toText="bean tostada" relationship="implicit" />
<OPINION id="O1" fromID="Q0" fromText="regretted my choice" toID="F1" toText="taco" relationship="implicit" />
<OPINION id="O2" fromID="Q1" fromText="pretty standard Mexican fare" toID="A1" toText="It" relationship="implicit" />
<OPINION id="O3" fromID="Q2" fromText="maybe even a little below average" toID="A1" toText="It" relationship="explicit" />
<OPINION id="O4" fromID="Q3" fromText="has a really odd texture" toID="F2" toText="shredded cheddar cheese" relationship="explicit" />
<OPINION id="O5" fromID="Q8" fromText="maybe it has been frozen and thawed a couple of times or something" toID="A2" toText="it" relationship="explicit" />
<OPINION id="O6" fromID="Q5" fromText="underwhelming" toID="F3" toText="el Pastore" relationship="explicit" />
<OPINION id="O7" fromID="Q5" fromText="underwhelming" toID="F4" toText="Nachos" relationship="explicit" />
<OPINION id="O8" fromID="Q6" fromText="really good" toID="F5" toText="Mexican Pizza" relationship="explicit" />
<OPINION id="O9" fromID="Q7" fromText="I&apos;d go back for" toID="A3" toText="that" relationship="implicit" />
<COREFERENCE id="C0" fromID="A4" fromText="my choice" toID="F0" toText="bean tostada" />
<COREFERENCE id="C1" fromID="A4" fromText="my choice" toID="F1" toText="taco" />
<COREFERENCE id="C2" fromID="A1" fromText="It" toID="F0" toText="bean tostada" />
<COREFERENCE id="C3" fromID="A1" fromText="It" toID="F1" toText="taco" />
<COREFERENCE id="C4" fromID="A2" fromText="it" toID="F2" toText="shredded cheddar cheese" />
<COREFERENCE id="C5" fromID="A3" fromText="that" toID="F5" toText="Mexican Pizza" />
</TAGS>
</yelp_reviews_1.1>