<?xml version="1.0" encoding="UTF-8" ?>

<yelp_reviews_1.1>
<TEXT><![CDATA[It seems this Roberto's made it to Guy Fieri's Diners, Drive Ins and Dives!

Pity they neglected to tell you the same recipes can be found in the Roberto's that are scattered throughout Las Vegas. I'm not shooting it down, but the food is consistently good throughout all of the Vegas locations.

I have sent several friends and old co-workers here. They've all said it's worth the drive - too bad they don't yelp! They love the super nachos and for some reason, the bean and cheese burrito were huge hits for them. I've had the bean and cheese burrito and it's pretty darn big and delivers on flavor, too. I never thought I'd get overwhelmed by flavor and size in a bean and cheese burrito. It's amazing what you learn about yourself! Haha.

What a pity there isn't a location in Mesa...wait, or maybe that's a good thing for me. :D]]></TEXT>
<TAGS>
<FOOD id="F0" spans="429~441" text="super nachos"  />
<FOOD id="F1" spans="467~490" text="bean and cheese burrito"  />
<FOOD id="F2" spans="529~552" text="bean and cheese burrito"  />
<FOOD id="F3" spans="667~690" text="bean and cheese burrito"  />
<ANAPHORA id="A0" spans="557~559" text="it"  />
<QUALITY id="Q0" spans="415~424" text="They love" type="positive" />
<QUALITY id="Q1" spans="491~514" text="were huge hits for them" type="positive" />
<QUALITY id="Q2" spans="562~577" text="pretty darn big" type="positive" />
<QUALITY id="Q3" spans="582~600" text="delivers on flavor" type="positive" />
<QUALITY id="Q4" spans="607~661" text="I never thought I&apos;d get overwhelmed by flavor and size" type="positive" />
<OPINION id="O0" fromID="Q0" fromText="They love" toID="F0" toText="super nachos" relationship="implicit" />
<OPINION id="O1" fromID="Q1" fromText="were huge hits for them" toID="F1" toText="bean and cheese burrito" relationship="implicit" />
<OPINION id="O2" fromID="Q2" fromText="pretty darn big" toID="A0" toText="it" relationship="explicit" />
<OPINION id="O3" fromID="Q3" fromText="delivers on flavor" toID="A0" toText="it" relationship="explicit" />
<OPINION id="O4" fromID="Q4" fromText="I never thought I&apos;d get overwhelmed by flavor and size" toID="F3" toText="bean and cheese burrito" relationship="explicit" />
<COREFERENCE id="C0" fromID="A0" fromText="it" toID="F2" toText="bean and cheese burrito" />
<COREFERENCE id="C1" fromID="F2" fromText="bean and cheese burrito" toID="F1" toText="bean and cheese burrito" />
<COREFERENCE id="C2" fromID="F3" fromText="bean and cheese burrito" toID="F2" toText="bean and cheese burrito" />
</TAGS>
</yelp_reviews_1.1>