<?xml version="1.0" encoding="UTF-8" ?>

<yelp_reviews_1.1>
<TEXT><![CDATA[Wanted to try the menudo after dipping into a craving recently. It's served hot in a large portion with chopped cilantro, limes, and tortillas. The menudo has a good amount of tripa and hominy, so I filled up pretty quickly. We've been happy with the food here on other evenings for dinner, so it's a good choice for casual Mexican.]]></TEXT>
<TAGS>
<FOOD id="F0" spans="18~24" text="menudo"  />
<FOOD id="F1" spans="112~120" text="cilantro"  />
<FOOD id="F2" spans="122~127" text="limes"  />
<FOOD id="F3" spans="133~142" text="tortillas"  />
<FOOD id="F4" spans="148~154" text="menudo"  />
<FOOD id="F5" spans="176~181" text="tripa"  />
<FOOD id="F6" spans="186~192" text="hominy"  />
<ANAPHORA id="A0" spans="64~66" text="It"  />
<QUALITY id="Q0" spans="69~79" text="served hot" type="positive" />
<QUALITY id="Q1" spans="85~98" text="large portion" type="positive" />
<QUALITY id="Q2" spans="155~192" text="has a good amount of tripa and hominy" type="positive" />
<QUALITY id="Q3" spans="197~223" text="I filled up pretty quickly" type="positive" />
<PART_OF id="P0" fromID="F1" fromText="cilantro" toID="A0" toText="It" />
<PART_OF id="P1" fromID="F2" fromText="limes" toID="A0" toText="It" />
<PART_OF id="P2" fromID="F3" fromText="tortillas" toID="A0" toText="It" />
<PART_OF id="P3" fromID="F5" fromText="tripa" toID="F4" toText="menudo" />
<PART_OF id="P4" fromID="F6" fromText="hominy" toID="F4" toText="menudo" />
<OPINION id="O0" fromID="Q0" fromText="served hot" toID="A0" toText="It" relationship="explicit" />
<OPINION id="O1" fromID="Q1" fromText="large portion" toID="A0" toText="It" relationship="explicit" />
<OPINION id="O2" fromID="Q2" fromText="has a good amount of tripa and hominy" toID="F4" toText="menudo" relationship="explicit" />
<OPINION id="O3" fromID="Q3" fromText="I filled up pretty quickly" toID="F4" toText="menudo" relationship="implicit" />
<COREFERENCE id="C0" fromID="A0" fromText="It" toID="F0" toText="menudo" />
<COREFERENCE id="C1" fromID="F4" fromText="menudo" toID="A0" toText="It" />
</TAGS>
</yelp_reviews_1.1>