<?xml version="1.0" encoding="UTF-8" ?>

<yelp_reviews_1.1>
<TEXT><![CDATA[Triple D led me to try this place out. We tried the carne asada platter which came with Mexican rice, pico, a little guac, and a tortilla. I went with my boss and we both thought it was was normal. The food was what you'd expect of a regular, run-of-the-mill Mexican restaurant, so we were let down. However, the horchata was fantastic. Possibly one of the best I've ever had. Don't go here without trying it.]]></TEXT>
<TAGS>
<FOOD id="F0" spans="52~71" text="carne asada platter"  />
<FOOD id="F1" spans="88~100" text="Mexican rice"  />
<FOOD id="F2" spans="102~106" text="pico"  />
<FOOD id="F3" spans="117~121" text="guac"  />
<FOOD id="F4" spans="129~137" text="tortilla"  />
<FOOD id="F5" spans="313~321" text="horchata"  />
<ANAPHORA id="A0" spans="179~181" text="it"  />
<ANAPHORA id="A1" spans="198~206" text="The food"  />
<ANAPHORA id="A2" spans="406~408" text="it"  />
<QUALITY id="Q0" spans="190~196" text="normal" type="neutral" />
<QUALITY id="Q1" spans="211~277" text="what you&apos;d expect of a regular, run-of-the-mill Mexican restaurant" type="neutral" />
<QUALITY id="Q2" spans="282~298" text="we were let down" type="negative" />
<QUALITY id="Q3" spans="326~335" text="fantastic" type="positive" />
<QUALITY id="Q4" spans="337~375" text="Possibly one of the best I&apos;ve ever had" type="positive" />
<QUALITY id="Q5" spans="377~405" text="Don&apos;t go here without trying" type="positive" />
<PART_OF id="P0" fromID="F1" fromText="Mexican rice" toID="F0" toText="carne asada platter" />
<PART_OF id="P1" fromID="F2" fromText="pico" toID="F0" toText="carne asada platter" />
<PART_OF id="P2" fromID="F3" fromText="guac" toID="F0" toText="carne asada platter" />
<PART_OF id="P3" fromID="F4" fromText="tortilla" toID="F0" toText="carne asada platter" />
<OPINION id="O0" fromID="Q0" fromText="normal" toID="A0" toText="it" relationship="explicit" />
<OPINION id="O1" fromID="Q1" fromText="what you&apos;d expect of a regular, run-of-the-mill Mexican restaurant" toID="A1" toText="The food" relationship="implicit" />
<OPINION id="O2" fromID="Q2" fromText="we were let down" toID="A1" toText="The food" relationship="implicit" />
<OPINION id="O3" fromID="Q3" fromText="fantastic" toID="F5" toText="horchata" relationship="explicit" />
<OPINION id="O4" fromID="Q4" fromText="Possibly one of the best I&apos;ve ever had" toID="F5" toText="horchata" relationship="implicit" />
<OPINION id="O5" fromID="Q5" fromText="Don&apos;t go here without trying" toID="A2" toText="it" relationship="implicit" />
<COREFERENCE id="C0" fromID="A0" fromText="it" toID="F0" toText="carne asada platter" />
<COREFERENCE id="C1" fromID="A1" fromText="The food" toID="A0" toText="it" />
<COREFERENCE id="C2" fromID="A2" fromText="it" toID="F5" toText="horchata" />
</TAGS>
</yelp_reviews_1.1>