<?xml version="1.0" encoding="UTF-8" ?>

<yelp_reviews_1.1>
<TEXT><![CDATA[After the typical "where do you want to go eat" and the "I dunno...where do YOU wanna go eat?" my hubby and I frequently engage in, we decided to go try out Roberto's Authentic Mexican food restaurant.  It's in a strip mall, so not fancy, but that's okay.  It was crowded on a week night--a good sign.  People eating in and picking up take out--a good sign.  We opted to eat out on the patio, which was a nice option.  The food was not bad.  Hubby is from Texas, so he loves good carnitas but wasn't particularly impressed.  His comment was "not much flavor."  I had a chimichanga which was also not bad.  It would have been better with more than a smear of guacamole and sour cream though.  We also were not told you had to buy salsa and chips so we sat outside waiting for someone to bring us some chips and salsa.  I finally asked a waitress passing by if chips and salsa were extra and she said yes.  Would have been nice to know.  Anyway, not bad...not great.  Just my opinion!]]></TEXT>
<TAGS>
<FOOD id="F0" spans="480~488" text="carnitas"  />
<FOOD id="F1" spans="569~580" text="chimichanga"  />
<FOOD id="F2" spans="658~667" text="guacamole"  />
<FOOD id="F3" spans="672~682" text="sour cream"  />
<FOOD id="F4" spans="859~874" text="chips and salsa"  />
<ANAPHORA id="A0" spans="606~608" text="It"  />
<QUALITY id="Q0" spans="493~522" text="wasn&apos;t particularly impressed" type="neutral" />
<QUALITY id="Q1" spans="542~557" text="not much flavor" type="negative" />
<QUALITY id="Q2" spans="596~603" text="not bad" type="neutral" />
<QUALITY id="Q3" spans="609~689" text="would have been better with more than a smear of guacamole and sour cream though" type="neutral" />
<QUALITY id="Q4" spans="875~885" text="were extra" type="negative" />
<PART_OF id="P0" fromID="F2" fromText="guacamole" toID="A0" toText="It" />
<PART_OF id="P1" fromID="F3" fromText="sour cream" toID="A0" toText="It" />
<OPINION id="O0" fromID="Q0" fromText="wasn&apos;t particularly impressed" toID="F0" toText="carnitas" relationship="implicit" />
<OPINION id="O1" fromID="Q1" fromText="not much flavor" toID="F0" toText="carnitas" relationship="explicit" />
<OPINION id="O2" fromID="Q2" fromText="not bad" toID="F1" toText="chimichanga" relationship="explicit" />
<OPINION id="O3" fromID="Q3" fromText="would have been better with more than a smear of guacamole and sour cream though" toID="A0" toText="It" relationship="implicit" />
<OPINION id="O4" fromID="Q4" fromText="were extra" toID="F4" toText="chips and salsa" relationship="explicit" />
<COREFERENCE id="C0" fromID="A0" fromText="It" toID="F1" toText="chimichanga" />
</TAGS>
</yelp_reviews_1.1>