<?xml version="1.0" encoding="UTF-8" ?>

<yelp_reviews_1.1>
<TEXT><![CDATA[Not a lot of choices in Anthem but this place is definitely a go to for us. Never had anything we don't like. They have some outdoor seating which is nice when it isn't 120 out. I love the enchiladas and my hubby likes the burritos and fish tacos. The only bad thing is they are closed Sundays and other random times for family events. Which is fine but disappointing when u had a craving then had to go eat at some other not as good places in Anthem. Oh and the bean and cheese burritos are a hit w my dd!]]></TEXT>
<TAGS>
<FOOD id="F0" spans="189~199" text="enchiladas"  />
<FOOD id="F1" spans="223~231" text="burritos"  />
<FOOD id="F2" spans="236~246" text="fish tacos"  />
<FOOD id="F3" spans="463~487" text="bean and cheese burritos"  />
<QUALITY id="Q0" spans="178~184" text="I love" type="positive" />
<QUALITY id="Q1" spans="204~218" text="my hubby likes" type="positive" />
<QUALITY id="Q2" spans="492~505" text="a hit w my dd" type="positive" />
<OPINION id="O0" fromID="Q0" fromText="I love" toID="F0" toText="enchiladas" relationship="implicit" />
<OPINION id="O1" fromID="Q1" fromText="my hubby likes" toID="F1" toText="burritos" relationship="implicit" />
<OPINION id="O2" fromID="Q1" fromText="my hubby likes" toID="F2" toText="fish tacos" relationship="implicit" />
<OPINION id="O3" fromID="Q2" fromText="a hit w my dd" toID="F3" toText="bean and cheese burritos" relationship="implicit" />
</TAGS>
</yelp_reviews_1.1>