<?xml version="1.0" encoding="UTF-8" ?>

<yelp_reviews_1.1>
<TEXT><![CDATA[Everyone I know around here eats at Roberto's, they deliver and it is prob the best Mexican fast food in the near vicinity other than my Mom's cooking of course! Now I dont eat meat so when they can accommodate me with w/e the effffff I want and however picky my high maintenance self can get, well they get kudos in my book! They make a mean Chile Relleno Burro you can put w/e you want in it crema, pico, rice, beans they will customize it for you no prob. This is my fav relleno place on this side of town period! Dont forget the Horchata!]]></TEXT>
<TAGS>
<FOOD id="F0" spans="343~362" text="Chile Relleno Burro"  />
<FOOD id="F1" spans="394~399" text="crema"  />
<FOOD id="F2" spans="401~405" text="pico"  />
<FOOD id="F3" spans="407~411" text="rice"  />
<FOOD id="F4" spans="413~418" text="beans"  />
<FOOD id="F5" spans="533~541" text="Horchata"  />
<FOOD id="F6" spans="474~481" text="relleno"  />
<ANAPHORA id="A0" spans="439~441" text="it"  />
<ANAPHORA id="A1" spans="391~393" text="it"  />
<QUALITY id="Q0" spans="338~342" text="mean" type="positive" />
<QUALITY id="Q1" spans="363~393" text="you can put w/e you want in it" type="positive" />
<QUALITY id="Q2" spans="419~438" text="they will customize" type="positive" />
<QUALITY id="Q3" spans="467~515" text="my fav relleno place on this side of town period" type="positive" />
<QUALITY id="Q4" spans="517~528" text="Dont forget" type="positive" />
<PART_OF id="P0" fromID="F1" fromText="crema" toID="A1" toText="it" />
<PART_OF id="P1" fromID="F2" fromText="pico" toID="A1" toText="it" />
<PART_OF id="P2" fromID="F3" fromText="rice" toID="A1" toText="it" />
<PART_OF id="P3" fromID="F4" fromText="beans" toID="A1" toText="it" />
<OPINION id="O0" fromID="Q0" fromText="mean" toID="F0" toText="Chile Relleno Burro" relationship="explicit" />
<OPINION id="O1" fromID="Q1" fromText="you can put w/e you want in it" toID="F0" toText="Chile Relleno Burro" relationship="implicit" />
<OPINION id="O2" fromID="Q2" fromText="they will customize" toID="A0" toText="it" relationship="explicit" />
<OPINION id="O3" fromID="Q3" fromText="my fav relleno place on this side of town period" toID="F6" toText="relleno" relationship="implicit" />
<OPINION id="O4" fromID="Q4" fromText="Dont forget" toID="F5" toText="Horchata" relationship="implicit" />
<COREFERENCE id="C0" fromID="A1" fromText="it" toID="F0" toText="Chile Relleno Burro" />
<COREFERENCE id="C1" fromID="A0" fromText="it" toID="A1" toText="it" />
</TAGS>
</yelp_reviews_1.1>