<?xml version="1.0" encoding="UTF-8" ?>

<yelp_reviews_1.1>
<TEXT><![CDATA[I give this place 4 1/2 stars-I would go five, but my five in the area is Los Dos Molinos for the way it covers all the bases with high quality, an egg on its open face enchiladas, and its serious spice. 

A wonderful "hole in the wall" Mexican food restaurant that my wife and I will definitely visit again-and would frequent regularly if we lived closer. First off, they have a very nice clean space that was smaller/hole in the wall, but was very clean, comfortable, and welcoming. On the plus side, they serve a great selection of beers and and also serve margaritas, which I believe really take good Mexican food to the highest level. The chips and salsa were great! Although I tend to like a little more spice-but no complaints. Very tasty and we finished them off. I had their carnitas combo plate that were probably the best carnitas I have ever had-delicious and very crispy. The dish included beans, rice, pico de gallo, some guacamole, and a huge moist tortilla that had been grilled and nicely charred. I tore through the entire dish and left nothing. Everything was marvelous, although my wife did not like the beans as much as she likes the beans at Los Taquitos over by Awatukee. While I love Los Taquitos, if this place was closer, I would probably go here first because I love a good beer with great Mexican food. 

A very nice touch to the meal was when the owner came over to chat with us to talk about the evolution of the restaurant. He also gave us a sample of the margarita, which I will have next time. A very nice man we wish continued success.]]></TEXT>
<TAGS>
<FOOD id="F0" spans="644~659" text="chips and salsa"  />
<FOOD id="F1" spans="784~804" text="carnitas combo plate"  />
<FOOD id="F2" spans="560~570" text="margaritas"  />
<FOOD id="F3" spans="535~540" text="beers"  />
<FOOD id="F4" spans="903~908" text="beans"  />
<FOOD id="F5" spans="910~914" text="rice"  />
<FOOD id="F6" spans="916~929" text="pico de gallo"  />
<FOOD id="F7" spans="936~945" text="guacamole"  />
<FOOD id="F8" spans="964~972" text="tortilla"  />
<FOOD id="F9" spans="1301~1305" text="beer"  />
<FOOD id="F10" spans="1124~1129" text="beans"  />
<FOOD id="F11" spans="833~841" text="carnitas"  />
<ANAPHORA id="A0" spans="1064~1074" text="Everything"  />
<ANAPHORA id="A1" spans="885~893" text="The dish"  />
<ANAPHORA id="A2" spans="1041~1045" text="dish"  />
<ANAPHORA id="A3" spans="762~766" text="them"  />
<QUALITY id="Q0" spans="815~857" text="probably the best carnitas I have ever had" type="positive" />
<QUALITY id="Q1" spans="750~770" text="we finished them off" type="positive" />
<QUALITY id="Q2" spans="665~670" text="great" type="positive" />
<QUALITY id="Q3" spans="516~534" text="great selection of" type="positive" />
<QUALITY id="Q4" spans="572~638" text="which I believe really take good Mexican food to the highest level" type="positive" />
<QUALITY id="Q5" spans="735~745" text="Very tasty" type="positive" />
<QUALITY id="Q6" spans="872~883" text="very crispy" type="positive" />
<QUALITY id="Q7" spans="858~867" text="delicious" type="positive" />
<QUALITY id="Q8" spans="999~1013" text="nicely charred" type="positive" />
<QUALITY id="Q9" spans="987~994" text="grilled" type="positive" />
<QUALITY id="Q10" spans="953~957" text="huge" type="positive" />
<QUALITY id="Q11" spans="958~963" text="moist" type="positive" />
<QUALITY id="Q12" spans="1099~1193" text="my wife did not like the beans as much as she likes the beans at Los Taquitos over by Awatukee" type="negative" />
<QUALITY id="Q13" spans="1079~1088" text="marvelous" type="positive" />
<QUALITY id="Q14" spans="1296~1300" text="good" type="positive" />
<PART_OF id="P0" fromID="F4" fromText="beans" toID="A1" toText="The dish" />
<PART_OF id="P1" fromID="F5" fromText="rice" toID="A1" toText="The dish" />
<PART_OF id="P2" fromID="F6" fromText="pico de gallo" toID="A1" toText="The dish" />
<PART_OF id="P3" fromID="F7" fromText="guacamole" toID="A1" toText="The dish" />
<PART_OF id="P4" fromID="F8" fromText="tortilla" toID="A1" toText="The dish" />
<PART_OF id="P5" fromID="F11" fromText="carnitas" toID="F1" toText="carnitas combo plate" />
<OPINION id="O0" fromID="Q2" fromText="great" toID="F0" toText="chips and salsa" relationship="explicit" />
<OPINION id="O1" fromID="Q0" fromText="probably the best carnitas I have ever had" toID="F1" toText="carnitas combo plate" relationship="explicit" />
<OPINION id="O2" fromID="Q5" fromText="Very tasty" toID="F0" toText="chips and salsa" relationship="explicit" />
<OPINION id="O3" fromID="Q3" fromText="great selection of" toID="F3" toText="beers" relationship="explicit" />
<OPINION id="O4" fromID="Q4" fromText="which I believe really take good Mexican food to the highest level" toID="F2" toText="margaritas" relationship="explicit" />
<OPINION id="O5" fromID="Q1" fromText="we finished them off" toID="A3" toText="them" relationship="implicit" />
<OPINION id="O6" fromID="Q6" fromText="very crispy" toID="F1" toText="carnitas combo plate" relationship="explicit" />
<OPINION id="O7" fromID="Q7" fromText="delicious" toID="F1" toText="carnitas combo plate" relationship="explicit" />
<OPINION id="O8" fromID="Q10" fromText="huge" toID="F8" toText="tortilla" relationship="explicit" />
<OPINION id="O9" fromID="Q11" fromText="moist" toID="F8" toText="tortilla" relationship="explicit" />
<OPINION id="O10" fromID="Q9" fromText="grilled" toID="F8" toText="tortilla" relationship="explicit" />
<OPINION id="O11" fromID="Q8" fromText="nicely charred" toID="F8" toText="tortilla" relationship="explicit" />
<OPINION id="O12" fromID="Q13" fromText="marvelous" toID="A0" toText="Everything" relationship="explicit" />
<OPINION id="O13" fromID="Q12" fromText="my wife did not like the beans as much as she likes the beans at Los Taquitos over by Awatukee" toID="F10" toText="beans" relationship="implicit" />
<OPINION id="O14" fromID="Q14" fromText="good" toID="F9" toText="beer" relationship="explicit" />
<COREFERENCE id="C0" fromID="A1" fromText="The dish" toID="F1" toText="carnitas combo plate" />
<COREFERENCE id="C1" fromID="A0" fromText="Everything" toID="A2" toText="dish" />
<COREFERENCE id="C2" fromID="A2" fromText="dish" toID="A1" toText="The dish" />
<COREFERENCE id="C3" fromID="A3" fromText="them" toID="F0" toText="chips and salsa" />
</TAGS>
</yelp_reviews_1.1>