<?xml version="1.0" encoding="UTF-8" ?>

<yelp_reviews_1.1>
<TEXT><![CDATA[Food is definitely authentic & very good. Salsa was too watery for my liking & not very zingy. Burritos were HUGE!!!]]></TEXT>
<TAGS>
<FOOD id="F0" spans="42~47" text="Salsa"  />
<FOOD id="F1" spans="95~103" text="Burritos"  />
<QUALITY id="Q0" spans="52~62" text="too watery" type="negative" />
<QUALITY id="Q1" spans="79~93" text="not very zingy" type="negative" />
<QUALITY id="Q2" spans="109~113" text="HUGE" type="positive" />
<OPINION id="O0" fromID="Q0" fromText="too watery" toID="F0" toText="Salsa" relationship="explicit" />
<OPINION id="O1" fromID="Q1" fromText="not very zingy" toID="F0" toText="Salsa" relationship="explicit" />
<OPINION id="O2" fromID="Q2" fromText="HUGE" toID="F1" toText="Burritos" relationship="explicit" />
</TAGS>
</yelp_reviews_1.1>