<?xml version="1.0" encoding="UTF-8" ?>

<yelp_reviews_1.1>
<TEXT><![CDATA[Fresh fast Mexican! Maricris is really sweet at the counter. Margaritas for $4.95? Can you say YES???!!! Beer is on ice. My $6.99 chicken taco salad is HUGE and came w sour cream and guacamole! My honey's combos plate (taco, tostada) is crisp and tasty w rice and beans. The mild salsa has great flavor and the spicy salsa actually has a bite and is making my nose run. Wish we had a place like this back in Oregon! The only tip I have to offer is that they put a picture of a margarita in their window and on the menu bcuz we wouldn't have ordered one if Maricris hadn't mentioned it. :)]]></TEXT>
<TAGS>
<FOOD id="F0" spans="130~148" text="chicken taco salad"  />
<FOOD id="F1" spans="168~178" text="sour cream"  />
<FOOD id="F2" spans="183~192" text="guacamole"  />
<FOOD id="F3" spans="205~217" text="combos plate"  />
<FOOD id="F4" spans="219~223" text="taco"  />
<FOOD id="F5" spans="225~232" text="tostada"  />
<FOOD id="F6" spans="255~259" text="rice"  />
<FOOD id="F7" spans="264~269" text="beans"  />
<FOOD id="F8" spans="275~285" text="mild salsa"  />
<FOOD id="F9" spans="311~322" text="spicy salsa"  />
<QUALITY id="Q0" spans="152~156" text="HUGE" type="positive" />
<QUALITY id="Q1" spans="237~242" text="crisp" type="positive" />
<QUALITY id="Q2" spans="247~252" text="tasty" type="positive" />
<QUALITY id="Q3" spans="290~302" text="great flavor" type="positive" />
<QUALITY id="Q4" spans="332~342" text="has a bite" type="positive" />
<QUALITY id="Q5" spans="350~368" text="making my nose run" type="positive" />
<PART_OF id="P0" fromID="F1" fromText="sour cream" toID="F0" toText="chicken taco salad" />
<PART_OF id="P1" fromID="F2" fromText="guacamole" toID="F0" toText="chicken taco salad" />
<PART_OF id="P2" fromID="F4" fromText="taco" toID="F3" toText="combos plate" />
<PART_OF id="P3" fromID="F5" fromText="tostada" toID="F3" toText="combos plate" />
<PART_OF id="P4" fromID="F6" fromText="rice" toID="F3" toText="combos plate" />
<PART_OF id="P5" fromID="F7" fromText="beans" toID="F3" toText="combos plate" />
<OPINION id="O0" fromID="Q0" fromText="HUGE" toID="F0" toText="chicken taco salad" relationship="explicit" />
<OPINION id="O1" fromID="Q1" fromText="crisp" toID="F3" toText="combos plate" relationship="explicit" />
<OPINION id="O2" fromID="Q2" fromText="tasty" toID="F3" toText="combos plate" relationship="explicit" />
<OPINION id="O3" fromID="Q3" fromText="great flavor" toID="F8" toText="mild salsa" relationship="explicit" />
<OPINION id="O4" fromID="Q4" fromText="has a bite" toID="F9" toText="spicy salsa" relationship="implicit" />
<OPINION id="O5" fromID="Q5" fromText="making my nose run" toID="F9" toText="spicy salsa" relationship="implicit" />
</TAGS>
</yelp_reviews_1.1>