<?xml version="1.0" encoding="UTF-8" ?>

<yelp_reviews_1.1>
<TEXT><![CDATA[LOVE this place - they are always busy, so if you're in a hurry call ahead and it should be ready by the time you get there.  Their Al Pastor burrito and Texas Burrito are insane! Also heard props about the California burrito.  Never had a bad meal yet - we go all the time!]]></TEXT>
<TAGS>
<FOOD id="F0" spans="132~149" text="Al Pastor burrito"  />
<FOOD id="F1" spans="154~167" text="Texas Burrito"  />
<FOOD id="F2" spans="207~225" text="California burrito"  />
<QUALITY id="Q0" spans="172~178" text="insane" type="positive" />
<QUALITY id="Q1" spans="180~202" text="Also heard props about" type="positive" />
<OPINION id="O0" fromID="Q0" fromText="insane" toID="F1" toText="Texas Burrito" relationship="explicit" />
<OPINION id="O1" fromID="Q0" fromText="insane" toID="F0" toText="Al Pastor burrito" relationship="explicit" />
<OPINION id="O2" fromID="Q1" fromText="Also heard props about" toID="F2" toText="California burrito" relationship="implicit" />
</TAGS>
</yelp_reviews_1.1>