<?xml version="1.0" encoding="UTF-8" ?>

<yelp_reviews_1.1>
<TEXT><![CDATA[Who doesn't think all gas station quick marts should have Mexican takeout counters in them?  Raise your hands.  

Seeing this place on TV, we knew we had to go when we were in town recently, and not only did we go, we went directly from picking up our rental car.  We ordered carne asada and a few other things.  Food comes in a styrofoam takeout container with rice and refried beans.  Menudo is only served on Saturdays (thank god it was Wednesday--yuck).  While I was thrilled to see the horchata and hibiscus flower drink machines, the counterperson sadly told me that they were out of it because...they couldn't find their delivery person.  Huh?  Whatever, I had iced coffee.

There are tables set up in a reasonable space to the left of the rest of the convenience store, with some bistro tables by the window.  Portions are on the small size, with the exception of the flour tortilla that comes with your meal that is enormous.  The carne asada and the other stuff was a little tough, a little flavorless, and probably not worth the excitement in our opinion.  However , we both felt that we would happily try some other things before rendering a final opinion.  Perhaps the burritos or enchiladas are more toothsome.  

The whole place is a riot, with people enjoying themselves and their food and everyone talking about how it had been on Food Network.  I think Guy Fieri is an oaf, so that doesn't mean much to me--the quirk factor is in full force here, so come if you're in the area.]]></TEXT>
<TAGS>
<FOOD id="F0" spans="876~890" text="flour tortilla"  />
<FOOD id="F1" spans="940~951" text="carne asada"  />
<FOOD id="F2" spans="1182~1190" text="burritos"  />
<FOOD id="F3" spans="1194~1204" text="enchiladas"  />
<FOOD id="F4" spans="276~287" text="carne asada"  />
<FOOD id="F5" spans="362~366" text="rice"  />
<FOOD id="F6" spans="371~384" text="refried beans"  />
<ANAPHORA id="A0" spans="313~317" text="Food"  />
<ANAPHORA id="A1" spans="956~971" text="the other stuff"  />
<QUALITY id="Q0" spans="925~933" text="enormous" type="positive" />
<QUALITY id="Q1" spans="976~990" text="a little tough" type="negative" />
<QUALITY id="Q2" spans="992~1011" text="a little flavorless" type="negative" />
<QUALITY id="Q3" spans="1017~1050" text="probably not worth the excitement" type="negative" />
<QUALITY id="Q4" spans="1209~1223" text="more toothsome" type="positive" />
<PART_OF id="P0" fromID="F6" fromText="refried beans" toID="A0" toText="Food" />
<PART_OF id="P1" fromID="F5" fromText="rice" toID="A0" toText="Food" />
<OPINION id="O0" fromID="Q0" fromText="enormous" toID="F0" toText="flour tortilla" relationship="explicit" />
<OPINION id="O1" fromID="Q1" fromText="a little tough" toID="F1" toText="carne asada" relationship="explicit" />
<OPINION id="O2" fromID="Q2" fromText="a little flavorless" toID="F1" toText="carne asada" relationship="explicit" />
<OPINION id="O3" fromID="Q3" fromText="probably not worth the excitement" toID="F1" toText="carne asada" relationship="implicit" />
<OPINION id="O4" fromID="Q4" fromText="more toothsome" toID="F3" toText="enchiladas" relationship="explicit" />
<OPINION id="O5" fromID="Q4" fromText="more toothsome" toID="F2" toText="burritos" relationship="explicit" />
<COREFERENCE id="C0" fromID="A0" fromText="Food" toID="F4" toText="carne asada" />
</TAGS>
</yelp_reviews_1.1>