<?xml version="1.0" encoding="UTF-8" ?>

<yelp_reviews_1.1>
<TEXT><![CDATA[This place is always always a must for me and my sisters when we're in Arizona. The staff is always so friendly and courteous and the food is delicious! My personal favorite is the carnitas torta. The bread is nicely toasted and it has plenty of meat. It may be a bit messy to eat but it's worth the mess! My sister ordered the Taquitos plate, which was just ok. My other sister got the chicken enchilada plate and it was pretty good. The enchiladas are stuffed with shredded chicken and it just had a home cooked meal feeling to it. The horchata is also delicious! 

I would highly recommend Roberto's. The atmosphere is great, the staff is super nice, the prices are decent and the food is GREAT!!!]]></TEXT>
<TAGS>
<FOOD id="F0" spans="181~195" text="carnitas torta"  />
<FOOD id="F1" spans="201~206" text="bread"  />
<FOOD id="F2" spans="328~342" text="Taquitos plate"  />
<FOOD id="F3" spans="246~250" text="meat"  />
<FOOD id="F4" spans="387~410" text="chicken enchilada plate"  />
<FOOD id="F5" spans="439~449" text="enchiladas"  />
<FOOD id="F6" spans="467~483" text="shredded chicken"  />
<FOOD id="F7" spans="538~546" text="horchata"  />
<ANAPHORA id="A0" spans="252~254" text="It"  />
<ANAPHORA id="A1" spans="285~287" text="it"  />
<ANAPHORA id="A2" spans="415~417" text="it"  />
<ANAPHORA id="A3" spans="229~231" text="it"  />
<ANAPHORA id="A4" spans="488~490" text="it"  />
<QUALITY id="Q0" spans="232~250" text="has plenty of meat" type="positive" />
<QUALITY id="Q1" spans="153~173" text="My personal favorite" type="positive" />
<QUALITY id="Q2" spans="290~304" text="worth the mess" type="positive" />
<QUALITY id="Q3" spans="262~280" text="a bit messy to eat" type="neutral" />
<QUALITY id="Q4" spans="210~224" text="nicely toasted" type="positive" />
<QUALITY id="Q5" spans="496~532" text="had a home cooked meal feeling to it" type="positive" />
<QUALITY id="Q6" spans="555~564" text="delicious" type="positive" />
<QUALITY id="Q7" spans="422~433" text="pretty good" type="positive" />
<QUALITY id="Q8" spans="354~361" text="just ok" type="neutral" />
<QUALITY id="Q9" spans="454~483" text="stuffed with shredded chicken" type="positive" />
<PART_OF id="P0" fromID="F3" fromText="meat" toID="A3" toText="it" />
<PART_OF id="P1" fromID="F6" fromText="shredded chicken" toID="F5" toText="enchiladas" />
<PART_OF id="P2" fromID="F1" fromText="bread" toID="F0" toText="carnitas torta" />
<PART_OF id="P3" fromID="F5" fromText="enchiladas" toID="F4" toText="chicken enchilada plate" />
<OPINION id="O0" fromID="Q1" fromText="My personal favorite" toID="F0" toText="carnitas torta" relationship="explicit" />
<OPINION id="O1" fromID="Q4" fromText="nicely toasted" toID="F1" toText="bread" relationship="explicit" />
<OPINION id="O2" fromID="Q3" fromText="a bit messy to eat" toID="A0" toText="It" relationship="explicit" />
<OPINION id="O3" fromID="Q2" fromText="worth the mess" toID="A1" toText="it" relationship="explicit" />
<OPINION id="O4" fromID="Q8" fromText="just ok" toID="F2" toText="Taquitos plate" relationship="explicit" />
<OPINION id="O5" fromID="Q7" fromText="pretty good" toID="A2" toText="it" relationship="explicit" />
<OPINION id="O6" fromID="Q5" fromText="had a home cooked meal feeling to it" toID="A4" toText="it" relationship="explicit" />
<OPINION id="O7" fromID="Q6" fromText="delicious" toID="F7" toText="horchata" relationship="explicit" />
<OPINION id="O8" fromID="Q9" fromText="stuffed with shredded chicken" toID="F5" toText="enchiladas" relationship="explicit" />
<OPINION id="O9" fromID="Q0" fromText="has plenty of meat" toID="A3" toText="it" relationship="explicit" />
<COREFERENCE id="C0" fromID="A3" fromText="it" toID="F0" toText="carnitas torta" />
<COREFERENCE id="C1" fromID="A4" fromText="it" toID="F5" toText="enchiladas" />
<COREFERENCE id="C2" fromID="A1" fromText="it" toID="A0" toText="It" />
<COREFERENCE id="C3" fromID="A0" fromText="It" toID="A3" toText="it" />
<COREFERENCE id="C5" fromID="A2" fromText="it" toID="F4" toText="chicken enchilada plate" />
</TAGS>
</yelp_reviews_1.1>