<?xml version="1.0" encoding="UTF-8" ?>

<yelp_reviews_1.1>
<TEXT><![CDATA[I came across Roberto's on a episode of Diner, Drive-Ins, and Dive ... So I decided to check it out on a recent trip to Tempe, AZ.

For those of you who haven't seen the episode ... Roberto's is located inside a Shell Gas Station.  (I must say that it is one of the nicest and cleanest gas stations that I have visited in awhile).  I ended up going with the "Monster" Chicken Chimichanga combination plate.  The chimichanga was fried to perfection and the chicken was moist and tender.

I am a strong believer that rice and beans can either make or brake a Mexican restaurant ... Roberto's puts out some great rice and beans.

If I lived in AZ ... I would be eating at Roberto's on a weekly basis.  Thank god I don't live in AZ ... Because I would have died of a heart attack yesterday.]]></TEXT>
<TAGS>
<FOOD id="F0" spans="358~405" text="&quot;Monster&quot; Chicken Chimichanga combination plate"  />
<FOOD id="F1" spans="412~423" text="chimichanga"  />
<FOOD id="F2" spans="456~463" text="chicken"  />
<FOOD id="F3" spans="610~614" text="rice"  />
<FOOD id="F4" spans="619~624" text="beans"  />
<QUALITY id="Q0" spans="428~447" text="fried to perfection" type="positive" />
<QUALITY id="Q1" spans="468~473" text="moist" type="positive" />
<QUALITY id="Q2" spans="478~484" text="tender" type="positive" />
<QUALITY id="Q3" spans="604~609" text="great" type="positive" />
<PART_OF id="P0" fromID="F1" fromText="chimichanga" toID="F0" toText="&quot;Monster&quot; Chicken Chimichanga combination plate" />
<PART_OF id="P1" fromID="F2" fromText="chicken" toID="F1" toText="chimichanga" />
<OPINION id="O0" fromID="Q0" fromText="fried to perfection" toID="F1" toText="chimichanga" relationship="explicit" />
<OPINION id="O1" fromID="Q1" fromText="moist" toID="F2" toText="chicken" relationship="explicit" />
<OPINION id="O2" fromID="Q2" fromText="tender" toID="F2" toText="chicken" relationship="explicit" />
<OPINION id="O3" fromID="Q3" fromText="great" toID="F4" toText="beans" relationship="explicit" />
<OPINION id="O4" fromID="Q3" fromText="great" toID="F3" toText="rice" relationship="explicit" />
</TAGS>
</yelp_reviews_1.1>