<?xml version="1.0" encoding="UTF-8" ?>

<yelp_reviews_1.1>
<TEXT><![CDATA[The glowing Yelp reviews brought me here and it was good but not (in my opinion) deserving of the rah-rah-rah. 

Note that this is an order-at-the-counter type of place as opposed to a restaurant-restaurant.  

My fish tacos were tasty although a bit bland.  The actual fish was delicious and well prepared but the tacos themselves could have used a little zing.  I did add the salsa that was given to us and that helped but it still felt like it missing something.]]></TEXT>
<TAGS>
<FOOD id="F0" spans="214~224" text="fish tacos"  />
<FOOD id="F1" spans="270~274" text="fish"  />
<FOOD id="F2" spans="315~320" text="tacos"  />
<FOOD id="F3" spans="378~383" text="salsa"  />
<ANAPHORA id="A0" spans="425~427" text="it"  />
<QUALITY id="Q0" spans="425~464" text="it still felt like it missing something" type="negative" />
<QUALITY id="Q1" spans="230~235" text="tasty" type="positive" />
<QUALITY id="Q2" spans="245~256" text="a bit bland" type="negative" />
<QUALITY id="Q3" spans="279~288" text="delicious" type="positive" />
<QUALITY id="Q4" spans="293~306" text="well prepared" type="positive" />
<QUALITY id="Q5" spans="332~361" text="could have used a little zing" type="neutral" />
<PART_OF id="P0" fromID="F1" fromText="fish" toID="F0" toText="fish tacos" />
<PART_OF id="P1" fromID="F2" fromText="tacos" toID="F0" toText="fish tacos" />
<OPINION id="O0" fromID="Q1" fromText="tasty" toID="F0" toText="fish tacos" relationship="explicit" />
<OPINION id="O1" fromID="Q2" fromText="a bit bland" toID="F0" toText="fish tacos" relationship="explicit" />
<OPINION id="O2" fromID="Q3" fromText="delicious" toID="F1" toText="fish" relationship="explicit" />
<OPINION id="O3" fromID="Q4" fromText="well prepared" toID="F1" toText="fish" relationship="explicit" />
<OPINION id="O4" fromID="Q5" fromText="could have used a little zing" toID="F2" toText="tacos" relationship="explicit" />
<OPINION id="O5" fromID="Q0" fromText="it still felt like it missing something" toID="A0" toText="it" relationship="implicit" />
<COREFERENCE id="C0" fromID="A0" fromText="it" toID="F3" toText="salsa" />
</TAGS>
</yelp_reviews_1.1>