<?xml version="1.0" encoding="UTF-8" ?>

<yelp_reviews_1.1>
<TEXT><![CDATA[We were hitting some DDD joints in Phoenix on our trip from LA, and hit this place on a Saturday afternoon.

It was, uh, OK, I guess.  I had the chimichanga chicken burrito, my wife had two chicken tacos, and the kids had other stuff.  There was some serious greasiness going on here - the food was good, but absolutely nothing to write home about.

By the way, the counter lady was a serious crab - no smiles, she seemed to be just putting in time.

Other than the kitsch factor of it being in a gas station, I can't fathom why DDD would have gone here....]]></TEXT>
<TAGS>
<FOOD id="F0" spans="145~172" text="chimichanga chicken burrito"  />
<FOOD id="F1" spans="190~203" text="chicken tacos"  />
<ANAPHORA id="A0" spans="290~294" text="food"  />
<QUALITY id="Q0" spans="236~283" text="There was some serious greasiness going on here" type="negative" />
<QUALITY id="Q1" spans="299~303" text="good" type="negative" />
<QUALITY id="Q2" spans="309~347" text="absolutely nothing to write home about" type="neutral" />
<OPINION id="O0" fromID="Q1" fromText="good" toID="A0" toText="food" relationship="explicit" />
<OPINION id="O1" fromID="Q0" fromText="There was some serious greasiness going on here" toID="F0" toText="chimichanga chicken burrito" relationship="explicit" />
<OPINION id="O2" fromID="Q0" fromText="There was some serious greasiness going on here" toID="F1" toText="chicken tacos" relationship="explicit" />
<OPINION id="O3" fromID="Q2" fromText="absolutely nothing to write home about" toID="A0" toText="food" relationship="implicit" />
<COREFERENCE id="C0" fromID="A0" fromText="food" toID="F0" toText="chimichanga chicken burrito" />
<COREFERENCE id="C1" fromID="A0" fromText="food" toID="F1" toText="chicken tacos" />
</TAGS>
</yelp_reviews_1.1>