<?xml version="1.0" encoding="UTF-8" ?>

<yelp_reviews_1.1>
<TEXT><![CDATA[Me and my family have been going to Roberto's on a regular basis since we moved to Arizona 4 years ago. We keep going back, because it has by far the best Mexican food in the city. It's surprisingly difficult to find good Mexican restaurants in Arizona, and this is easily among the best. My favorite is the Chicken Chimichanga with a large Horchata to drink. Although we don't live in Anthem anymore, we still go back, because Roberto's has a special place in our hearts, and a special spot in our stomachs. 

-Chandler]]></TEXT>
<TAGS>
<FOOD id="F0" spans="308~327" text="Chicken Chimichanga"  />
<FOOD id="F1" spans="341~349" text="Horchata"  />
<QUALITY id="Q0" spans="289~300" text="My favorite" type="positive" />
<OPINION id="O0" fromID="Q0" fromText="My favorite" toID="F0" toText="Chicken Chimichanga" relationship="explicit" />
<OPINION id="O1" fromID="Q0" fromText="My favorite" toID="F1" toText="Horchata" relationship="implicit" />
</TAGS>
</yelp_reviews_1.1>