<?xml version="1.0" encoding="UTF-8" ?>

<yelp_reviews_1.1>
<TEXT><![CDATA[There is a very good reason why this nationally known, family run business is the top-rated restaurant in the area, GREAT, FRESH FOOD and TREMENDOUS SERVICE!  Nothing here is canned or stale.  I am a basic enchilada and chicken quesadilla guy, but Roberto's are AMAZING.  If you are feeding several mouths and want to get the best food for your money, this is the place to go.  They make their own Salsa, which you can buy by the bottle, and it is authentic like you get in Mexico, as opposed to the Americanized "sludge salsas".  My wife loves the carnitas and you will not find a better tasting taco.  Anthem is not known as having many great restaurants, but this one stands out. If you are not from the Anthem area, this place is definitely worth the drive:!]]></TEXT>
<TAGS>
<FOOD id="F0" spans="220~238" text="chicken quesadilla"  />
<FOOD id="F1" spans="206~215" text="enchilada"  />
<FOOD id="F2" spans="549~557" text="carnitas"  />
<FOOD id="F3" spans="398~403" text="Salsa"  />
<FOOD id="F4" spans="597~601" text="taco"  />
<ANAPHORA id="A0" spans="248~257" text="Roberto&apos;s"  />
<ANAPHORA id="A1" spans="442~444" text="it"  />
<QUALITY id="Q0" spans="262~269" text="AMAZING" type="positive" />
<QUALITY id="Q1" spans="448~480" text="authentic like you get in Mexico" type="positive" />
<QUALITY id="Q2" spans="531~544" text="My wife loves" type="positive" />
<QUALITY id="Q3" spans="562~596" text="you will not find a better tasting" type="positive" />
<OPINION id="O0" fromID="Q0" fromText="AMAZING" toID="A0" toText="Roberto&apos;s" relationship="explicit" />
<OPINION id="O1" fromID="Q2" fromText="My wife loves" toID="F2" toText="carnitas" relationship="explicit" />
<OPINION id="O2" fromID="Q1" fromText="authentic like you get in Mexico" toID="A1" toText="it" relationship="explicit" />
<OPINION id="O3" fromID="Q3" fromText="you will not find a better tasting" toID="F4" toText="taco" relationship="implicit" />
<COREFERENCE id="C0" fromID="A0" fromText="Roberto&apos;s" toID="F1" toText="enchilada" />
<COREFERENCE id="C1" fromID="A0" fromText="Roberto&apos;s" toID="F0" toText="chicken quesadilla" />
<COREFERENCE id="C2" fromID="A1" fromText="it" toID="F3" toText="Salsa" />
</TAGS>
</yelp_reviews_1.1>