<?xml version="1.0" encoding="UTF-8" ?>

<yelp_reviews_1.1>
<TEXT><![CDATA[I have been going to Roberto's for over 10 years. First off, the service is fantastic. I am always greeted, and even if it is super busy, they have time to smile and make you feel  at home. I am a creature of habit, so I always like to get my normal meals; bean and cheese burrito, or the taco and cheese enchilada combo. Sometimes, I will ask for a recommendation, and they hook me up with something new! 

Out here in Phoenix, Mexican food restaurants are a dime a dozen, however for the quality, and for the service and atmosphere, my family and I will go to Roberto's as long as they are here. Keep up the great work guys!]]></TEXT>
<TAGS>
<FOOD id="F0" spans="257~280" text="bean and cheese burrito"  />
<FOOD id="F1" spans="289~320" text="taco and cheese enchilada combo"  />
<ANAPHORA id="A0" spans="240~255" text="my normal meals"  />
<QUALITY id="Q0" spans="219~239" text="I always like to get" type="positive" />
<OPINION id="O0" fromID="Q0" fromText="I always like to get" toID="A0" toText="my normal meals" relationship="implicit" />
<COREFERENCE id="C0" fromID="A0" fromText="my normal meals" toID="F0" toText="bean and cheese burrito" />
<COREFERENCE id="C1" fromID="A0" fromText="my normal meals" toID="F1" toText="taco and cheese enchilada combo" />
</TAGS>
</yelp_reviews_1.1>