<?xml version="1.0" encoding="UTF-8" ?>

<yelp_reviews_1.1>
<TEXT><![CDATA[We were in Phoenix just yesterday and stopped by Roberto's for a third time. We've yet to be disappointed!  My husband loves the breakfast burritos, which he gets with one of the soft sided (el pastor) tacos.  Being no fool, I go straight for the el pastor chimi (solo, not the platter)!  It's a good thing we don't live any closer, we'd be weekly regulars and I don't think I could swim that many laps to make up for it!  On our first trip I had the chicken chimi, and could not believe how tender the meat was, absolutely delicious. Then I discovered the el pastor...au revoir chicken (as good as it was!).  I don't know what kind of marinate they use, but we love the flavor and tenderness it brings to the pork. Yes it's in a gas station, but we've always found it to be clean and the food is always fresh.  We arrived around 11:30 yesterday and got there just in time to beat a steady stream of regulars stopping in for lunch.]]></TEXT>
<TAGS>
<FOOD id="F0" spans="129~147" text="breakfast burritos"  />
<FOOD id="F1" spans="451~464" text="chicken chimi"  />
<FOOD id="F2" spans="557~566" text="el pastor"  />
<FOOD id="F3" spans="636~644" text="marinate"  />
<FOOD id="F4" spans="503~507" text="meat"  />
<FOOD id="F5" spans="710~714" text="pork"  />
<FOOD id="F6" spans="579~586" text="chicken"  />
<FOOD id="F7" spans="247~262" text="el pastor chimi"  />
<FOOD id="F8" spans="190~207" text="(el pastor) tacos"  />
<ANAPHORA id="A0" spans="693~695" text="it"  />
<ANAPHORA id="A1" spans="599~601" text="it"  />
<QUALITY id="Q0" spans="470~511" text="could not believe how tender the meat was" type="positive" />
<QUALITY id="Q1" spans="108~124" text="My husband loves" type="positive" />
<QUALITY id="Q2" spans="513~533" text="absolutely delicious" type="positive" />
<QUALITY id="Q3" spans="659~714" text="we love the flavor and tenderness it brings to the pork" type="positive" />
<QUALITY id="Q4" spans="535~552" text="Then I discovered" type="positive" />
<QUALITY id="Q5" spans="569~607" text="au revoir chicken (as good as it was!)" type="positive" />
<PART_OF id="P0" fromID="F4" fromText="meat" toID="F1" toText="chicken chimi" />
<PART_OF id="P1" fromID="F3" fromText="marinate" toID="F2" toText="el pastor" />
<PART_OF id="P2" fromID="F5" fromText="pork" toID="F2" toText="el pastor" />
<PART_OF id="P3" fromID="F8" fromText="(el pastor) tacos" toID="F0" toText="breakfast burritos" />
<OPINION id="O0" fromID="Q1" fromText="My husband loves" toID="F0" toText="breakfast burritos" relationship="explicit" />
<OPINION id="O1" fromID="Q0" fromText="could not believe how tender the meat was" toID="F4" toText="meat" relationship="explicit" />
<OPINION id="O2" fromID="Q2" fromText="absolutely delicious" toID="F4" toText="meat" relationship="explicit" />
<OPINION id="O3" fromID="Q4" fromText="Then I discovered" toID="F2" toText="el pastor" relationship="implicit" />
<OPINION id="O4" fromID="Q5" fromText="au revoir chicken (as good as it was!)" toID="F2" toText="el pastor" relationship="implicit" />
<OPINION id="O5" fromID="Q3" fromText="we love the flavor and tenderness it brings to the pork" toID="A0" toText="it" relationship="explicit" />
<COREFERENCE id="C0" fromID="A0" fromText="it" toID="F3" toText="marinate" />
<COREFERENCE id="C1" fromID="F6" fromText="chicken" toID="F4" toText="meat" />
<COREFERENCE id="C2" fromID="A1" fromText="it" toID="F6" toText="chicken" />
</TAGS>
</yelp_reviews_1.1>