<?xml version="1.0" encoding="UTF-8" ?>

<yelp_reviews_1.1>
<TEXT><![CDATA[My mother and I were actually getting out of the car to go to Streets of New York next door when she smelled the Mexican food and suggested we try Roberto's instead.  That should tell you what you need to know right there.

It's a hole in the wall place for sure, and leaves much to be desired visually, but the staff was exceptionally pleasant and the tables were clean.  If you're looking for fine dining, this isn't your place.  At $7-$10 for an entree, though, it was delicious.

Beans, rice, and chips were pretty standard, but the salsa, fish taco, and shredded beef tostada were very flavorful.  The food tastes homemade, and in this case, that's a good thing.

This place was also featured on TLC's Diners and Drive-ins show back in the day.  One of Anthem's best kept secrets.  I'll be back!]]></TEXT>
<TAGS>
<FOOD id="F0" spans="484~489" text="Beans"  />
<FOOD id="F1" spans="491~495" text="rice"  />
<FOOD id="F2" spans="501~506" text="chips"  />
<FOOD id="F3" spans="537~542" text="salsa"  />
<FOOD id="F4" spans="544~553" text="fish taco"  />
<FOOD id="F5" spans="559~580" text="shredded beef tostada"  />
<QUALITY id="Q0" spans="512~527" text="pretty standard" type="positive" />
<QUALITY id="Q1" spans="586~600" text="very flavorful" type="positive" />
<OPINION id="O0" fromID="Q0" fromText="pretty standard" toID="F0" toText="Beans" relationship="implicit" />
<OPINION id="O1" fromID="Q0" fromText="pretty standard" toID="F2" toText="chips" relationship="implicit" />
<OPINION id="O2" fromID="Q0" fromText="pretty standard" toID="F1" toText="rice" relationship="implicit" />
<OPINION id="O3" fromID="Q1" fromText="very flavorful" toID="F3" toText="salsa" relationship="explicit" />
<OPINION id="O4" fromID="Q1" fromText="very flavorful" toID="F4" toText="fish taco" relationship="explicit" />
<OPINION id="O5" fromID="Q1" fromText="very flavorful" toID="F5" toText="shredded beef tostada" relationship="explicit" />
</TAGS>
</yelp_reviews_1.1>