<?xml version="1.0" encoding="UTF-8" ?>

<yelp_reviews_1.1>
<TEXT><![CDATA[This is hands down one the best 'berto's restaurant. However they have nothing to do with the other 'berto's, sharing name only. This is the place that was featured in Diners, Drive Ins and Dives on Food Network..

Okay it is in a gas station though really, its super clean, OMG friendly and the food was awesome! They make this red salsa that I could have slathered all over the Mr's body and licked it off.. fresh, tasty and cheap.. whats not to love!

Had the California Burrito.. carna asada, guacamole, pico de gallo.. my mouth is watering thinking about that burrito! Also shared a cheese quesadilla which was all about the salsa dipping! I just wish that Guy Fieri was there, WOOF!

Roberto's in the Shell Gas Station is a hidden gem.. seriously, its awesome!]]></TEXT>
<TAGS>
<FOOD id="F0" spans="462~481" text=" California Burrito"  />
<FOOD id="F1" spans="329~338" text="red salsa"  />
<FOOD id="F3" spans="484~495" text="carna asada"  />
<FOOD id="F4" spans="497~506" text="guacamole"  />
<FOOD id="F5" spans="508~521" text="pico de gallo"  />
<FOOD id="F6" spans="565~572" text="burrito"  />
<FOOD id="F7" spans="588~605" text="cheese quesadilla"  />
<FOOD id="F8" spans="630~635" text="salsa"  />
<ANAPHORA id="A0" spans="401~403" text="it"  />
<QUALITY id="Q0" spans="616~643" text="all about the salsa dipping" type="positive" />
<QUALITY id="Q1" spans="524~559" text="my mouth is watering thinking about" type="positive" />
<QUALITY id="Q2" spans="616~643" text="all about the salsa dipping" type="positive" />
<QUALITY id="Q3" spans="410~415" text="fresh" type="positive" />
<QUALITY id="Q4" spans="417~422" text="tasty" type="positive" />
<QUALITY id="Q5" spans="427~432" text="cheap" type="positive" />
<PART_OF id="P0" fromID="F3" fromText="carna asada" toID="F0" toText=" California Burrito" />
<PART_OF id="P1" fromID="F4" fromText="guacamole" toID="F0" toText=" California Burrito" />
<PART_OF id="P2" fromID="F5" fromText="pico de gallo" toID="F0" toText=" California Burrito" />
<PART_OF id="P3" fromID="F8" fromText="salsa" toID="F7" toText="cheese quesadilla" />
<OPINION id="O0" fromID="Q1" fromText="my mouth is watering thinking about" toID="F6" toText="burrito" relationship="implicit" />
<OPINION id="O1" fromID="Q2" fromText="all about the salsa dipping" toID="F7" toText="cheese quesadilla" relationship="explicit" />
<OPINION id="O2" fromID="Q3" fromText="fresh" toID="A0" toText="it" relationship="explicit" />
<OPINION id="O3" fromID="Q4" fromText="tasty" toID="A0" toText="it" relationship="explicit" />
<OPINION id="O4" fromID="Q5" fromText="cheap" toID="A0" toText="it" relationship="explicit" />
<COREFERENCE id="C0" fromID="A0" fromText="it" toID="F1" toText="red salsa" />
<COREFERENCE id="C1" fromID="F6" fromText="burrito" toID="F0" toText=" California Burrito" />
</TAGS>
</yelp_reviews_1.1>