<?xml version="1.0" encoding="UTF-8" ?>

<yelp_reviews_1.1>
<TEXT><![CDATA[I just don't get the love for this place...

Okay, so they were on DD and D w/ Guy Fieri...

Either their food was better when they were in the gas station, or Guy was having an off day.

We have tried Roberto's a half dozen times since moving to Anthem, and ask ourselves every time "why did we come back here?".  

We have tried breakfast, lunch, and dinner.   

In 30 years of eating and enjoying chorizo and egg burritos for breakfast, this is the only place where better than half the burrito ended up in the trash.  I've eaten chorizo from New Mexico to California; from Nogales to Flagstaff, and I have never had such bad chorizo.  The flavor was odd and very un-appealing, not sure if it was past it's prime or just bad.  The tortilla was almost hard enough to drive nails.

We have tried the famous carne asada for both lunch and dinner.  I will say it was tasty, but not earth shattering.  I have had better at several of the "bertos" restaurants.  Rice and beans are so-so, not bad, not great.  Red chile??? thin and bland; and again, that thick hard tortilla.

I will agree w/ many other Yelpers that the service is good.  No complaints there.  I just can't say that the food is good, which is why I go out to eat in the first place.]]></TEXT>
<TAGS>
<FOOD id="F0" spans="629~636" text="chorizo"  />
<FOOD id="F1" spans="734~742" text="tortilla"  />
<FOOD id="F2" spans="808~819" text="carne asada"  />
<FOOD id="F3" spans="959~963" text="Rice"  />
<FOOD id="F4" spans="968~973" text="beans"  />
<FOOD id="F5" spans="1006~1015" text="Red chile"  />
<FOOD id="F6" spans="1062~1070" text="tortilla"  />
<FOOD id="F7" spans="400~424" text="chorizo and egg burritos"  />
<FOOD id="F8" spans="533~540" text="chorizo"  />
<FOOD id="F9" spans="490~497" text="burrito"  />
<ANAPHORA id="A0" spans="859~861" text="it"  />
<QUALITY id="Q0" spans="603~628" text="I have never had such bad" type="negative" />
<QUALITY id="Q1" spans="639~679" text="The flavor was odd and very un-appealing" type="negative" />
<QUALITY id="Q2" spans="747~780" text="almost hard enough to drive nails" type="negative" />
<QUALITY id="Q3" spans="866~871" text="tasty" type="positive" />
<QUALITY id="Q4" spans="877~897" text="not earth shattering" type="neutral" />
<QUALITY id="Q5" spans="978~983" text="so-so" type="neutral" />
<QUALITY id="Q6" spans="985~992" text="not bad" type="neutral" />
<QUALITY id="Q7" spans="994~1003" text="not great" type="neutral" />
<QUALITY id="Q8" spans="1057~1061" text="hard" type="negative" />
<QUALITY id="Q9" spans="1051~1056" text="thick" type="negative" />
<QUALITY id="Q10" spans="1028~1033" text="bland" type="negative" />
<QUALITY id="Q11" spans="1019~1023" text="thin" type="negative" />
<PART_OF id="P0" fromID="F8" fromText="chorizo" toID="F9" toText="burrito" />
<OPINION id="O0" fromID="Q0" fromText="I have never had such bad" toID="F0" toText="chorizo" relationship="explicit" />
<OPINION id="O1" fromID="Q1" fromText="The flavor was odd and very un-appealing" toID="F0" toText="chorizo" relationship="explicit" />
<OPINION id="O2" fromID="Q2" fromText="almost hard enough to drive nails" toID="F1" toText="tortilla" relationship="explicit" />
<OPINION id="O3" fromID="Q3" fromText="tasty" toID="A0" toText="it" relationship="explicit" />
<OPINION id="O4" fromID="Q4" fromText="not earth shattering" toID="A0" toText="it" relationship="explicit" />
<OPINION id="O5" fromID="Q6" fromText="not bad" toID="F4" toText="beans" relationship="explicit" />
<OPINION id="O8" fromID="Q7" fromText="not great" toID="F3" toText="Rice" relationship="explicit" />
<OPINION id="O9" fromID="Q5" fromText="so-so" toID="F3" toText="Rice" relationship="explicit" />
<OPINION id="O10" fromID="Q5" fromText="so-so" toID="F4" toText="beans" relationship="explicit" />
<OPINION id="O11" fromID="Q6" fromText="not bad" toID="F4" toText="beans" relationship="explicit" />
<OPINION id="O13" fromID="Q10" fromText="bland" toID="F5" toText="Red chile" relationship="explicit" />
<OPINION id="O14" fromID="Q11" fromText="thin" toID="F5" toText="Red chile" relationship="explicit" />
<OPINION id="O15" fromID="Q9" fromText="thick" toID="F6" toText="tortilla" relationship="explicit" />
<OPINION id="O16" fromID="Q8" fromText="hard" toID="F6" toText="tortilla" relationship="explicit" />
<COREFERENCE id="C0" fromID="A0" fromText="it" toID="F2" toText="carne asada" />
<COREFERENCE id="C1" fromID="F9" fromText="burrito" toID="F7" toText="chorizo and egg burritos" />
<COREFERENCE id="C2" fromID="F6" fromText="tortilla" toID="F1" toText="tortilla" />
</TAGS>
</yelp_reviews_1.1>