<?xml version="1.0" encoding="UTF-8" ?>

<yelp_reviews_1.1>
<TEXT><![CDATA[We were in the area and wanted some good Mexican (having settled for just 'ok' Mexican food the day before and decided to give this place a try given the strong number of good reviews.

I ordered a chicken chimichanga and my wife got a taco salad with shredded beef.  You order the food at the counter and have a seat and they some how figure out who to bring it to when it is done.

we were here at noon on a Saturday and the place was pretty busy so It took a bit of time to get our food but the staff was hustling. There is not a ton of seating but things seemed to turn over quickly so no one had to stand and eat. Lots of locals eating here from kids on their way home from sports to families and seniors.

The food was pretty good, but not as flavorful as their name implied but decent value. They seem to be doing a good business in this spot.]]></TEXT>
<TAGS>
<FOOD id="F0" spans="198~217" text="chicken chimichanga"  />
<FOOD id="F1" spans="236~265" text="taco salad with shredded beef"  />
<ANAPHORA id="A0" spans="716~720" text="food"  />
<QUALITY id="Q0" spans="725~736" text="pretty good" type="positive" />
<QUALITY id="Q1" spans="742~780" text="not as flavorful as their name implied" type="neutral" />
<QUALITY id="Q2" spans="785~797" text="decent value" type="neutral" />
<OPINION id="O0" fromID="Q0" fromText="pretty good" toID="A0" toText="food" relationship="explicit" />
<OPINION id="O1" fromID="Q1" fromText="not as flavorful as their name implied" toID="A0" toText="food" relationship="implicit" />
<OPINION id="O2" fromID="Q2" fromText="decent value" toID="A0" toText="food" relationship="explicit" />
<COREFERENCE id="C0" fromID="A0" fromText="food" toID="F1" toText="taco salad with shredded beef" />
<COREFERENCE id="C1" fromID="A0" fromText="food" toID="F0" toText="chicken chimichanga" />
</TAGS>
</yelp_reviews_1.1>