<?xml version="1.0" encoding="UTF-8" ?>

<yelp_reviews_1.1>
<TEXT><![CDATA[1.5 YEARS EARLIER

Him: "I heard about this great Mexican place in a gas station"
Me: (Scrunching  up my nose in disgust) "Mexican food ...at a gas station?"
Him: "Yeah we should try it sometime"
Me: (with heavy sarcasm) "Sure"

PRESENT TIME

After trying to think of somewhere new to take him for his bday, I finally decided I would try the "gas station Mexican" only come to find out they no longer have the gas station location (YAY!  I don't know why but Mexican food at a gas station just doesn't sound appealing!)  So we headed up north to Dasiy Mtn Road, easily found the location in the Fry's shopping center and then we just stared at the menu board!  There were a ton of options.. so we didn't even know where to begin. Ended up with a Texas Burrito, a fish taco and chicken tacos.  The food was very good, very fresh and very filling!  

This is a great little family owned place,  you can really tell the heart and soul that goes into the food and they really make you feel welcome when you come in.  Many people seemed to be grabbing the food to go while we were there.  This is a place I am sure we will be heading back to.. and probably not 1.5 years later!]]></TEXT>
<TAGS>
<FOOD id="F0" spans="746~759" text="Texas Burrito"  />
<FOOD id="F1" spans="763~772" text="fish taco"  />
<FOOD id="F2" spans="777~790" text="chicken tacos"  />
<ANAPHORA id="A0" spans="797~801" text="food"  />
<QUALITY id="Q0" spans="832~844" text="very filling" type="positive" />
<QUALITY id="Q1" spans="817~827" text="very fresh" type="positive" />
<QUALITY id="Q2" spans="806~815" text="very good" type="positive" />
<OPINION id="O0" fromID="Q0" fromText="very filling" toID="A0" toText="food" relationship="explicit" />
<OPINION id="O1" fromID="Q1" fromText="very fresh" toID="A0" toText="food" relationship="explicit" />
<OPINION id="O2" fromID="Q2" fromText="very good" toID="A0" toText="food" relationship="explicit" />
<COREFERENCE id="C0" fromID="A0" fromText="food" toID="F0" toText="Texas Burrito" />
<COREFERENCE id="C1" fromID="A0" fromText="food" toID="F1" toText="fish taco" />
<COREFERENCE id="C2" fromID="A0" fromText="food" toID="F2" toText="chicken tacos" />
</TAGS>
</yelp_reviews_1.1>