<?xml version="1.0" encoding="UTF-8" ?>

<yelp_reviews_1.1>
<TEXT><![CDATA[Best Mexican food in Anthem! Their breakfast burritos are perfection, if you're really hungry adding potatoes will be sure to fill you up! Speaking of potatoes,  I usually go with their California burrito that is loaded with flavor! I also really enjoy the tortas with soft bread, fresh avocado and your choice of fillings (I go with the ham). Their tacos are good, just not great in my opinion. Their freshly made salsa is a nice addition to any meal but is a bit too watered down for my liking. Service is always pretty quick. They offer delivery which I really appreciate while I'm at work. Much better food than Ocho Locos]]></TEXT>
<TAGS>
<FOOD id="F0" spans="35~53" text="breakfast burritos"  />
<FOOD id="F1" spans="151~159" text="potatoes"  />
<FOOD id="F2" spans="186~204" text="California burrito"  />
<FOOD id="F3" spans="338~341" text="ham"  />
<FOOD id="F4" spans="287~294" text="avocado"  />
<FOOD id="F5" spans="274~279" text="bread"  />
<FOOD id="F6" spans="257~263" text="tortas"  />
<FOOD id="F7" spans="350~355" text="tacos"  />
<FOOD id="F8" spans="415~420" text="salsa"  />
<FOOD id="F9" spans="101~109" text="potatoes"  />
<QUALITY id="Q0" spans="58~68" text="perfection" type="positive" />
<QUALITY id="Q1" spans="233~252" text="I also really enjoy" type="positive" />
<QUALITY id="Q2" spans="281~286" text="fresh" type="positive" />
<QUALITY id="Q3" spans="213~231" text="loaded with flavor" type="positive" />
<QUALITY id="Q4" spans="424~451" text="a nice addition to any meal" type="positive" />
<QUALITY id="Q5" spans="402~414" text="freshly made" type="positive" />
<QUALITY id="Q6" spans="366~394" text="just not great in my opinion" type="neutral" />
<QUALITY id="Q7" spans="360~364" text="good" type="neutral" />
<QUALITY id="Q8" spans="459~495" text="a bit too watered down for my liking" type="negative" />
<PART_OF id="P0" fromID="F1" fromText="potatoes" toID="F2" toText="California burrito" />
<PART_OF id="P1" fromID="F5" fromText="bread" toID="F6" toText="tortas" />
<PART_OF id="P2" fromID="F4" fromText="avocado" toID="F6" toText="tortas" />
<PART_OF id="P3" fromID="F3" fromText="ham" toID="F6" toText="tortas" />
<PART_OF id="P4" fromID="F9" fromText="potatoes" toID="F0" toText="breakfast burritos" />
<OPINION id="O0" fromID="Q0" fromText="perfection" toID="F0" toText="breakfast burritos" relationship="explicit" />
<OPINION id="O1" fromID="Q3" fromText="loaded with flavor" toID="F2" toText="California burrito" relationship="explicit" />
<OPINION id="O2" fromID="Q1" fromText="I also really enjoy" toID="F6" toText="tortas" relationship="explicit" />
<OPINION id="O3" fromID="Q2" fromText="fresh" toID="F4" toText="avocado" relationship="explicit" />
<OPINION id="O4" fromID="Q4" fromText="a nice addition to any meal" toID="F8" toText="salsa" relationship="explicit" />
<OPINION id="O5" fromID="Q5" fromText="freshly made" toID="F8" toText="salsa" relationship="explicit" />
<OPINION id="O6" fromID="Q8" fromText="a bit too watered down for my liking" toID="F8" toText="salsa" relationship="explicit" />
<OPINION id="O7" fromID="Q6" fromText="just not great in my opinion" toID="F7" toText="tacos" relationship="explicit" />
<OPINION id="O8" fromID="Q7" fromText="good" toID="F7" toText="tacos" relationship="explicit" />
</TAGS>
</yelp_reviews_1.1>