<?xml version="1.0" encoding="UTF-8" ?>

<yelp_reviews_1.1>
<TEXT><![CDATA[I went there with wife for lunch. I saw review at Food channel network and we want to try our self. I ordered beef chimichanga combo and wife's ordered taco combo. We were not impressed. They put lots of tomatoes and bell pepper and not a lot of meat. All we tasted is salt. The food is expensive. We spent about $15 for both meals without drinks. We agreed that Carolina's is far better. We will not go back for sure...................]]></TEXT>
<TAGS>
<FOOD id="F0" spans="110~132" text="beef chimichanga combo"  />
<FOOD id="F1" spans="152~162" text="taco combo"  />
<FOOD id="F2" spans="217~228" text="bell pepper"  />
<FOOD id="F3" spans="204~212" text="tomatoes"  />
<FOOD id="F4" spans="246~250" text="meat"  />
<ANAPHORA id="A0" spans="275~283" text="The food"  />
<QUALITY id="Q0" spans="196~228" text="lots of tomatoes and bell pepper" type="negative" />
<QUALITY id="Q1" spans="164~185" text="We were not impressed" type="negative" />
<QUALITY id="Q2" spans="252~273" text="All we tasted is salt" type="negative" />
<QUALITY id="Q3" spans="287~296" text="expensive" type="negative" />
<QUALITY id="Q4" spans="233~250" text="not a lot of meat" type="negative" />
<PART_OF id="P0" fromID="F3" fromText="tomatoes" toID="F1" toText="taco combo" />
<PART_OF id="P1" fromID="F4" fromText="meat" toID="F0" toText="beef chimichanga combo" />
<PART_OF id="P2" fromID="F2" fromText="bell pepper" toID="F0" toText="beef chimichanga combo" />
<OPINION id="O0" fromID="Q1" fromText="We were not impressed" toID="F1" toText="taco combo" relationship="implicit" />
<OPINION id="O1" fromID="Q1" fromText="We were not impressed" toID="F0" toText="beef chimichanga combo" relationship="implicit" />
<OPINION id="O2" fromID="Q2" fromText="All we tasted is salt" toID="F1" toText="taco combo" relationship="explicit" />
<OPINION id="O3" fromID="Q3" fromText="expensive" toID="A0" toText="The food" relationship="explicit" />
<OPINION id="O4" fromID="Q0" fromText="lots of tomatoes and bell pepper" toID="F0" toText="beef chimichanga combo" relationship="explicit" />
<OPINION id="O5" fromID="Q4" fromText="not a lot of meat" toID="F0" toText="beef chimichanga combo" relationship="explicit" />
<COREFERENCE id="C0" fromID="A0" fromText="The food" toID="F1" toText="taco combo" />
<COREFERENCE id="C1" fromID="A0" fromText="The food" toID="F0" toText="beef chimichanga combo" />
</TAGS>
</yelp_reviews_1.1>