<?xml version="1.0" encoding="UTF-8" ?>

<yelp_reviews_1.1>
<TEXT><![CDATA[Yummy food!  I like that they have different beers and drinks that you can't always find in other restaurants.]]></TEXT>
<TAGS>
<FOOD id="F0" spans="45~50" text="beers"  />
<FOOD id="F1" spans="55~61" text="drinks"  />
<QUALITY id="Q0" spans="35~44" text="different" type="positive" />
<QUALITY id="Q1" spans="13~34" text="I like that they have" type="positive" />
<OPINION id="O0" fromID="Q0" fromText="different" toID="F0" toText="beers" relationship="explicit" />
<OPINION id="O1" fromID="Q0" fromText="different" toID="F1" toText="drinks" relationship="explicit" />
<OPINION id="O2" fromID="Q1" fromText="I like that they have" toID="F0" toText="beers" relationship="implicit" />
<OPINION id="O3" fromID="Q1" fromText="I like that they have" toID="F1" toText="drinks" relationship="implicit" />
</TAGS>
</yelp_reviews_1.1>