<?xml version="1.0" encoding="UTF-8" ?>

<yelp_reviews_1.1>
<TEXT><![CDATA[Good food and value.  Have tried the Carne Asada Burrito and a Chicken Burrito.  The Chicken Burrito is massive!  Both were tasty.]]></TEXT>
<TAGS>
<FOOD id="F0" spans="37~56" text="Carne Asada Burrito"  />
<FOOD id="F1" spans="63~78" text="Chicken Burrito"  />
<FOOD id="F2" spans="85~100" text="Chicken Burrito"  />
<ANAPHORA id="A0" spans="114~118" text="Both"  />
<QUALITY id="Q0" spans="104~111" text="massive" type="positive" />
<QUALITY id="Q1" spans="124~129" text="tasty" type="positive" />
<OPINION id="O0" fromID="Q0" fromText="massive" toID="F2" toText="Chicken Burrito" relationship="explicit" />
<OPINION id="O1" fromID="Q1" fromText="tasty" toID="A0" toText="Both" relationship="explicit" />
<COREFERENCE id="C0" fromID="A0" fromText="Both" toID="F0" toText="Carne Asada Burrito" />
<COREFERENCE id="C1" fromID="F2" fromText="Chicken Burrito" toID="F1" toText="Chicken Burrito" />
<COREFERENCE id="C2" fromID="A0" fromText="Both" toID="F2" toText="Chicken Burrito" />
</TAGS>
</yelp_reviews_1.1>