<?xml version="1.0" encoding="UTF-8" ?>

<yelp_reviews_1.1>
<TEXT><![CDATA[We love Roberto's!  The food is always excellent and the families that own it are wonderful.  Maria makes the best food and everything is made to order.  The ingredients are always fresh and the flavors are authentic.  We always keep a bottle of their homemade salsa in the fridge.  Diner's, Drive-ins and Dives was right when they featured Roberto's on their show and the food never disappoints.  

Don't count them out for breakfast either, their breakfast burritos are the best!]]></TEXT>
<TAGS>
<FOOD id="F0" spans="449~467" text="breakfast burritos"  />
<FOOD id="F1" spans="261~266" text="salsa"  />
<QUALITY id="Q0" spans="219~280" text="We always keep a bottle of their homemade salsa in the fridge" type="positive" />
<QUALITY id="Q1" spans="472~480" text="the best" type="positive" />
<OPINION id="O0" fromID="Q0" fromText="We always keep a bottle of their homemade salsa in the fridge" toID="F1" toText="salsa" relationship="implicit" />
<OPINION id="O1" fromID="Q1" fromText="the best" toID="F0" toText="breakfast burritos" relationship="explicit" />
</TAGS>
</yelp_reviews_1.1>