<?xml version="1.0" encoding="UTF-8" ?>

<yelp_reviews_1.1>
<TEXT><![CDATA[Love this place. Anytime we are in Anthem we make a stop. I'm originally from Northern Cali and love the hole in the wall Mexican joint that cranks out great food and this is the only place I've found that fits the bill. Consistent and delicious. I am a huge fan of their carnitas plate. It's cooked to perfection. The staff is great as well. Very nice and personable. Ordered two extra burritos to go for Football Sunday.]]></TEXT>
<TAGS>
<FOOD id="F0" spans="272~286" text="carnitas plate"  />
<ANAPHORA id="A0" spans="288~290" text="It"  />
<QUALITY id="Q0" spans="247~265" text="I am a huge fan of" type="positive" />
<QUALITY id="Q1" spans="293~313" text="cooked to perfection" type="positive" />
<OPINION id="O0" fromID="Q0" fromText="I am a huge fan of" toID="F0" toText="carnitas plate" relationship="implicit" />
<OPINION id="O1" fromID="Q1" fromText="cooked to perfection" toID="A0" toText="It" relationship="explicit" />
<COREFERENCE id="C0" fromID="A0" fromText="It" toID="F0" toText="carnitas plate" />
</TAGS>
</yelp_reviews_1.1>