<?xml version="1.0" encoding="UTF-8" ?>

<yelp_reviews_1.1>
<TEXT><![CDATA[I happened to be in the area and have been wanting to try it for a while.  I got the El Pastor plate.  It was good, but unfortunately I've nothing else to compare it, because at any of the *Berto's places I usually order Machaca.  I will admit I got it because they featured it on Diner's Drive-ins & Dives, and it did have a real, cook-to-order grill taste (wok-mei if you will) which I very much enjoyed especially with a fresh tortilla, but again I have no prior El Pastor experience.  The salsa was just ok IMO.

I'd like to try something with green chili sauce next which was also featured on the aforementioned TV show.  Oh, their horchata was really good, yes I know they just dump the stuff into the mixer but it was one of the better ones I've had.  

At worst you'll have a belly full of decent Mexican food, so try it.]]></TEXT>
<TAGS>
<FOOD id="F0" spans="85~100" text="El Pastor plate"  />
<FOOD id="F1" spans="493~498" text="salsa"  />
<FOOD id="F2" spans="637~645" text="horchata"  />
<FOOD id="F3" spans="430~438" text="tortilla"  />
<ANAPHORA id="A0" spans="312~314" text="it"  />
<ANAPHORA id="A1" spans="718~720" text="it"  />
<ANAPHORA id="A2" spans="103~105" text="It"  />
<QUALITY id="Q0" spans="315~438" text="did have a real, cook-to-order grill taste (wok-mei if you will) which I very much enjoyed especially with a fresh tortilla" type="positive" />
<QUALITY id="Q1" spans="110~114" text="good" type="positive" />
<QUALITY id="Q2" spans="503~510" text="just ok" type="neutral" />
<QUALITY id="Q3" spans="650~661" text="really good" type="positive" />
<QUALITY id="Q4" spans="725~756" text="one of the better ones I&apos;ve had" type="positive" />
<OPINION id="O0" fromID="Q1" fromText="good" toID="F0" toText="El Pastor plate" relationship="explicit" />
<OPINION id="O1" fromID="Q1" fromText="good" toID="A2" toText="It" relationship="explicit" />
<OPINION id="O2" fromID="Q0" fromText="did have a real, cook-to-order grill taste (wok-mei if you will) which I very much enjoyed especially with a fresh tortilla" toID="A0" toText="it" relationship="explicit" />
<OPINION id="O3" fromID="Q0" fromText="did have a real, cook-to-order grill taste (wok-mei if you will) which I very much enjoyed especially with a fresh tortilla" toID="A0" toText="it" relationship="explicit" />
<OPINION id="O4" fromID="Q2" fromText="just ok" toID="F1" toText="salsa" relationship="explicit" />
<OPINION id="O5" fromID="Q3" fromText="really good" toID="F2" toText="horchata" relationship="explicit" />
<OPINION id="O6" fromID="Q4" fromText="one of the better ones I&apos;ve had" toID="A1" toText="it" relationship="explicit" />
<COREFERENCE id="C0" fromID="A0" fromText="it" toID="F0" toText="El Pastor plate" />
<COREFERENCE id="C1" fromID="A2" fromText="It" toID="F0" toText="El Pastor plate" />
<COREFERENCE id="C2" fromID="A1" fromText="it" toID="F2" toText="horchata" />
</TAGS>
</yelp_reviews_1.1>