<?xml version="1.0" encoding="UTF-8" ?>

<yelp_reviews_1.1>
<TEXT><![CDATA[I've noticed some of the more current reviews are low like mine, perhaps something has changed since the DDD review.

I'm a native Arizonan and was back in town for a short trip.  Having been to many taco shops I was excited to try this one after the DDD episode.  My family all came along (yup we were able to seat 10 people there), and we all agreed that Carolina's right up the street is far better.

We had their tacos, enchiladas, chile rellenos, el pastor, carne asada, and beef chimichanga.  Nothing was awful, but it certainly is not the best Arizona taco shop food.  

If you really want to try some great taco shop food, I would recommend Los Compadres on 7th Avenue between Camelback and Indian School, or Carolina's further up Union Hills.]]></TEXT>
<TAGS>
<FOOD id="F0" spans="417~422" text="tacos"  />
<FOOD id="F1" spans="424~434" text="enchiladas"  />
<FOOD id="F2" spans="436~450" text="chile rellenos"  />
<FOOD id="F3" spans="452~461" text="el pastor"  />
<FOOD id="F4" spans="463~474" text="carne asada"  />
<FOOD id="F5" spans="480~496" text="beef chimichanga"  />
<ANAPHORA id="A0" spans="522~524" text="it"  />
<QUALITY id="Q0" spans="525~573" text="certainly is not the best Arizona taco shop food" type="neutral" />
<OPINION id="O0" fromID="Q0" fromText="certainly is not the best Arizona taco shop food" toID="A0" toText="it" relationship="explicit" />
<COREFERENCE id="C0" fromID="A0" fromText="it" toID="F1" toText="enchiladas" />
<COREFERENCE id="C1" fromID="A0" fromText="it" toID="F0" toText="tacos" />
<COREFERENCE id="C2" fromID="A0" fromText="it" toID="F2" toText="chile rellenos" />
<COREFERENCE id="C3" fromID="A0" fromText="it" toID="F3" toText="el pastor" />
<COREFERENCE id="C4" fromID="A0" fromText="it" toID="F4" toText="carne asada" />
<COREFERENCE id="C5" fromID="A0" fromText="it" toID="F5" toText="beef chimichanga" />
</TAGS>
</yelp_reviews_1.1>