<?xml version="1.0" encoding="UTF-8" ?>

<yelp_reviews_1.1>
<TEXT><![CDATA[Service was good....Fish was way over battered and WAY over cooked.  Had to send fish back and waitress agreed it was hard as a rock and hardly any fish inside the batter.  Salsa's were very good, and burrito's were not anything special definitely not living up to the DDD.  Do not really recommend to drive too far out of your way.  I have eaten lots of authentic Mexican food and they do not have the best that I have ever seen.  We both actually got sick after eating here and never will go back we are both very forgiving and will not go back.  We love dives and this is not one to try, not worth your time.  They are cutting costs probably, they need to work on there standards now and forget about all the DDD hype.   Don't waste your time or go out of your way.]]></TEXT>
<TAGS>
<FOOD id="F0" spans="20~24" text="Fish"  />
<FOOD id="F1" spans="173~178" text="Salsa"  />
<FOOD id="F2" spans="201~208" text="burrito"  />
<ANAPHORA id="A0" spans="111~113" text="it"  />
<QUALITY id="Q0" spans="29~46" text="way over battered" type="negative" />
<QUALITY id="Q1" spans="51~66" text="WAY over cooked" type="negative" />
<QUALITY id="Q2" spans="137~170" text="hardly any fish inside the batter" type="negative" />
<QUALITY id="Q3" spans="118~132" text="hard as a rock" type="negative" />
<QUALITY id="Q4" spans="186~195" text="very good" type="positive" />
<QUALITY id="Q5" spans="216~236" text="not anything special" type="neutral" />
<QUALITY id="Q6" spans="237~272" text="definitely not living up to the DDD" type="neutral" />
<OPINION id="O0" fromID="Q0" fromText="way over battered" toID="F0" toText="Fish" relationship="explicit" />
<OPINION id="O1" fromID="Q1" fromText="WAY over cooked" toID="F0" toText="Fish" relationship="explicit" />
<OPINION id="O2" fromID="Q2" fromText="hardly any fish inside the batter" toID="A0" toText="it" relationship="explicit" />
<OPINION id="O3" fromID="Q3" fromText="hard as a rock" toID="A0" toText="it" relationship="explicit" />
<OPINION id="O4" fromID="Q4" fromText="very good" toID="F1" toText="Salsa" relationship="explicit" />
<OPINION id="O5" fromID="Q5" fromText="not anything special" toID="F2" toText="burrito" relationship="explicit" />
<OPINION id="O6" fromID="Q6" fromText="definitely not living up to the DDD" toID="F2" toText="burrito" relationship="explicit" />
<COREFERENCE id="C0" fromID="A0" fromText="it" toID="F0" toText="Fish" />
</TAGS>
</yelp_reviews_1.1>