<?xml version="1.0" encoding="UTF-8" ?>

<yelp_reviews_1.1>
<TEXT><![CDATA[There is not one thing I dont like Roberto's, the owners are great, the service is great, the location is like 45 seconds from my house, they deliver, and the food is awesome! My one and only complaint is that they could put more cheese and gauc on the chips cheese and gauc! Other then that, it is sooo good! My husband always gets the Al pastor burrito, it is great, a little spicy for me cause Im a wimp but really good flavors. There is also an Al pastor plate, with bean and rice if the tortilla is too much for you because they are HUGE. The kids meal are simple and my boys love the bean and cheese burritos or the quesadillas, not much to say there! The taquitos are yum and the Mexican Pizza could literally feed a fam of 4 by itself. Its made on one of huge tortillas and is no joke. I havent tried anything I didnt like, seating can be touch and go, but they do a great job with call ahead, take out, and delivery so we always go that route, unless I want a margarita! Its pretty cheap, like $4 for the chips and cheese and maybe $5 or $6 for the huge burrito. If you try any of the burritos, you wont be disappointed!]]></TEXT>
<TAGS>
<FOOD id="F0" spans="230~236" text="cheese"  />
<FOOD id="F1" spans="241~245" text="gauc"  />
<FOOD id="F2" spans="253~274" text="chips cheese and gauc"  />
<FOOD id="F3" spans="337~354" text="Al pastor burrito"  />
<FOOD id="F4" spans="492~500" text="tortilla"  />
<FOOD id="F5" spans="590~614" text="bean and cheese burritos"  />
<FOOD id="F6" spans="622~633" text="quesadillas"  />
<FOOD id="F7" spans="662~670" text="taquitos"  />
<FOOD id="F8" spans="687~700" text="Mexican Pizza"  />
<FOOD id="F9" spans="1063~1070" text="burrito"  />
<FOOD id="F10" spans="1094~1102" text="burritos"  />
<FOOD id="F11" spans="768~777" text="tortillas"  />
<FOOD id="F12" spans="449~464" text="Al pastor plate"  />
<FOOD id="F13" spans="471~475" text="bean"  />
<FOOD id="F14" spans="480~484" text="rice"  />
<FOOD id="F15" spans="548~557" text="kids meal"  />
<FOOD id="F16" spans="1014~1030" text="chips and cheese"  />
<ANAPHORA id="A0" spans="293~295" text="it"  />
<ANAPHORA id="A1" spans="529~533" text="they"  />
<ANAPHORA id="A2" spans="744~746" text="It"  />
<ANAPHORA id="A3" spans="736~742" text="itself"  />
<ANAPHORA id="A4" spans="356~358" text="it"  />
<QUALITY id="Q0" spans="210~248" text="they could put more cheese and gauc on" type="negative" />
<QUALITY id="Q1" spans="362~367" text="great" type="positive" />
<QUALITY id="Q2" spans="369~390" text="a little spicy for me" type="neutral" />
<QUALITY id="Q3" spans="411~430" text="really good flavors" type="positive" />
<QUALITY id="Q4" spans="573~585" text="my boys love" type="positive" />
<QUALITY id="Q5" spans="701~742" text="could literally feed a fam of 4 by itself" type="positive" />
<QUALITY id="Q6" spans="763~767" text="huge" type="positive" />
<QUALITY id="Q7" spans="538~542" text="HUGE" type="positive" />
<QUALITY id="Q8" spans="1058~1062" text="huge" type="positive" />
<QUALITY id="Q9" spans="1104~1128" text="you wont be disappointed" type="positive" />
<QUALITY id="Q10" spans="675~678" text="yum" type="positive" />
<QUALITY id="Q11" spans="991~996" text="cheap" type="positive" />
<QUALITY id="Q12" spans="299~308" text="sooo good" type="positive" />
<PART_OF id="P0" fromID="F0" fromText="cheese" toID="F2" toText="chips cheese and gauc" />
<PART_OF id="P1" fromID="F1" fromText="gauc" toID="F2" toText="chips cheese and gauc" />
<PART_OF id="P2" fromID="F11" fromText="tortillas" toID="A2" toText="It" />
<PART_OF id="P3" fromID="F13" fromText="bean" toID="F12" toText="Al pastor plate" />
<PART_OF id="P4" fromID="F14" fromText="rice" toID="F12" toText="Al pastor plate" />
<OPINION id="O0" fromID="Q1" fromText="great" toID="A4" toText="it" relationship="explicit" />
<OPINION id="O1" fromID="Q2" fromText="a little spicy for me" toID="A4" toText="it" relationship="explicit" />
<OPINION id="O2" fromID="Q3" fromText="really good flavors" toID="A4" toText="it" relationship="explicit" />
<OPINION id="O3" fromID="Q7" fromText="HUGE" toID="A1" toText="they" relationship="explicit" />
<OPINION id="O4" fromID="Q4" fromText="my boys love" toID="F5" toText="bean and cheese burritos" relationship="explicit" />
<OPINION id="O5" fromID="Q4" fromText="my boys love" toID="F6" toText="quesadillas" relationship="implicit" />
<OPINION id="O6" fromID="Q10" fromText="yum" toID="F7" toText="taquitos" relationship="explicit" />
<OPINION id="O7" fromID="Q5" fromText="could literally feed a fam of 4 by itself" toID="F8" toText="Mexican Pizza" relationship="implicit" />
<OPINION id="O8" fromID="Q6" fromText="huge" toID="F11" toText="tortillas" relationship="explicit" />
<OPINION id="O9" fromID="Q11" fromText="cheap" toID="F9" toText="burrito" relationship="explicit" />
<OPINION id="O10" fromID="Q8" fromText="huge" toID="F9" toText="burrito" relationship="explicit" />
<OPINION id="O11" fromID="Q9" fromText="you wont be disappointed" toID="F10" toText="burritos" relationship="implicit" />
<OPINION id="O12" fromID="Q12" fromText="sooo good" toID="A0" toText="it" relationship="explicit" />
<COREFERENCE id="C0" fromID="A1" fromText="they" toID="F4" toText="tortilla" />
<COREFERENCE id="C1" fromID="A4" fromText="it" toID="F3" toText="Al pastor burrito" />
<COREFERENCE id="C2" fromID="A2" fromText="It" toID="F8" toText="Mexican Pizza" />
<COREFERENCE id="C3" fromID="F10" fromText="burritos" toID="F9" toText="burrito" />
<COREFERENCE id="C4" fromID="F11" fromText="tortillas" toID="F4" toText="tortilla" />
<COREFERENCE id="C5" fromID="A0" fromText="it" toID="F2" toText="chips cheese and gauc" />
<COREFERENCE id="C6" fromID="F9" fromText="burrito" toID="F5" toText="bean and cheese burritos" />
</TAGS>
</yelp_reviews_1.1>