<?xml version="1.0" encoding="UTF-8" ?>

<yelp_reviews_1.1>
<TEXT><![CDATA[My wife and I ate at Roberto's for the first time yesterday.  We are currently in the processing of moving from the Ozarks back to the Phoenix area after a ten year absence; one of the things we missed most while in Missouri, was Mexican food.  Since we are moving into the Anthem area we wanted to locate a decent place close by... We certainly found it at Roberto's.  Roberto's has a limited "eat-in" area and seems to cater mostly to take out and delivery but that certainly doesn't diminish the fact that this place makes great Mexican food.  I was very impressed... and we've eaten in countless places across the country claiming to serve Mexican food.

I had a chimichanga with rice and beans; my wife selected carnitas, flour tortillas and rice and beans.  We weren't disappointed.  We were also delighted to meet the owner, Roger, who was welcoming, personable and obviously well versed in the preparation of Mexican food.  The shredded beef in my chimichanga was wonderfully flavored, light and very good.  The beans were excellent and the salsa was very good.  My wife's carnitas were beautifully cooked being slightly crispy but still very moist and flavorful.  I'm looking forward to a long relationship with Roberto's; I plan to return frequently and try everything on the menu.

I would love to see Roger's business thrive and develop into a larger operation as a "sit-down" restaurant as did the original Garcia's (one of my all time favorite places).   I will certainly do my part by continuing to patronize Roger's fine establishment.  I am very picky when it comes to Mexican Food and his place is one of the best and most affordable that I have ever patronized.]]></TEXT>
<TAGS>
<FOOD id="F0" spans="667~678" text="chimichanga"  />
<FOOD id="F1" spans="684~688" text="rice"  />
<FOOD id="F2" spans="693~698" text="beans"  />
<FOOD id="F3" spans="717~725" text="carnitas"  />
<FOOD id="F4" spans="727~742" text="flour tortillas"  />
<FOOD id="F5" spans="747~751" text="rice"  />
<FOOD id="F6" spans="756~761" text="beans"  />
<FOOD id="F7" spans="936~949" text="shredded beef"  />
<FOOD id="F8" spans="956~967" text="chimichanga"  />
<FOOD id="F9" spans="1049~1054" text="salsa"  />
<FOOD id="F10" spans="1020~1025" text="beans"  />
<FOOD id="F11" spans="1081~1089" text="carnitas"  />
<QUALITY id="Q0" spans="764~787" text="We weren&apos;t disappointed" type="positive" />
<QUALITY id="Q1" spans="972~992" text="wonderfully flavored" type="positive" />
<QUALITY id="Q2" spans="994~999" text="light" type="positive" />
<QUALITY id="Q3" spans="1004~1013" text="very good" type="positive" />
<QUALITY id="Q4" spans="1031~1040" text="excellent" type="positive" />
<QUALITY id="Q5" spans="1059~1068" text="very good" type="positive" />
<QUALITY id="Q6" spans="1095~1113" text="beautifully cooked" type="positive" />
<QUALITY id="Q7" spans="1120~1135" text="slightly crispy" type="positive" />
<QUALITY id="Q8" spans="1146~1156" text="very moist" type="positive" />
<QUALITY id="Q9" spans="1161~1170" text="flavorful" type="positive" />
<PART_OF id="P0" fromID="F7" fromText="shredded beef" toID="F8" toText="chimichanga" />
<PART_OF id="P1" fromID="F1" fromText="rice" toID="F0" toText="chimichanga" />
<PART_OF id="P2" fromID="F2" fromText="beans" toID="F0" toText="chimichanga" />
<OPINION id="O0" fromID="Q0" fromText="We weren&apos;t disappointed" toID="F0" toText="chimichanga" relationship="implicit" />
<OPINION id="O1" fromID="Q0" fromText="We weren&apos;t disappointed" toID="F3" toText="carnitas" relationship="implicit" />
<OPINION id="O2" fromID="Q0" fromText="We weren&apos;t disappointed" toID="F4" toText="flour tortillas" relationship="implicit" />
<OPINION id="O3" fromID="Q0" fromText="We weren&apos;t disappointed" toID="F5" toText="rice" relationship="implicit" />
<OPINION id="O4" fromID="Q0" fromText="We weren&apos;t disappointed" toID="F6" toText="beans" relationship="implicit" />
<OPINION id="O5" fromID="Q1" fromText="wonderfully flavored" toID="F7" toText="shredded beef" relationship="implicit" />
<OPINION id="O6" fromID="Q2" fromText="light" toID="F7" toText="shredded beef" relationship="explicit" />
<OPINION id="O7" fromID="Q3" fromText="very good" toID="F7" toText="shredded beef" relationship="explicit" />
<OPINION id="O8" fromID="Q4" fromText="excellent" toID="F10" toText="beans" relationship="explicit" />
<OPINION id="O9" fromID="Q5" fromText="very good" toID="F9" toText="salsa" relationship="explicit" />
<OPINION id="O10" fromID="Q6" fromText="beautifully cooked" toID="F11" toText="carnitas" relationship="explicit" />
<OPINION id="O11" fromID="Q7" fromText="slightly crispy" toID="F11" toText="carnitas" relationship="explicit" />
<OPINION id="O12" fromID="Q8" fromText="very moist" toID="F11" toText="carnitas" relationship="explicit" />
<OPINION id="O13" fromID="Q9" fromText="flavorful" toID="F11" toText="carnitas" relationship="explicit" />
<COREFERENCE id="C0" fromID="F11" fromText="carnitas" toID="F3" toText="carnitas" />
<COREFERENCE id="C1" fromID="F8" fromText="chimichanga" toID="F0" toText="chimichanga" />
<COREFERENCE id="C2" fromID="F10" fromText="beans" toID="F2" toText="beans" />
</TAGS>
</yelp_reviews_1.1>