<?xml version="1.0" encoding="UTF-8" ?>

<yelp_reviews_1.1>
<TEXT><![CDATA[I'm a big fan of Roberto's Mexican Food.  The crew here is always friendly and working hard. There are a ton of dishes to choose from and they will also deliver, which is great for those lazy days.  Try the Enchiladas and wash them down with some horchata.  If you like Mexican restaurant style salsa.. grab a jar from them of their in house recipe, good stuff.]]></TEXT>
<TAGS>
<FOOD id="F0" spans="247~255" text="horchata"  />
<FOOD id="F1" spans="207~217" text="Enchiladas"  />
<FOOD id="F2" spans="295~300" text="salsa"  />
<ANAPHORA id="A0" spans="227~231" text="them"  />
<ANAPHORA id="A1" spans="355~360" text="stuff"  />
<QUALITY id="Q0" spans="258~360" text="If you like Mexican restaurant style salsa.. grab a jar from them of their in house recipe, good stuff" type="positive" />
<QUALITY id="Q1" spans="222~241" text="wash them down with" type="positive" />
<QUALITY id="Q2" spans="199~202" text="Try" type="positive" />
<OPINION id="O0" fromID="Q2" fromText="Try" toID="F1" toText="Enchiladas" relationship="implicit" />
<OPINION id="O1" fromID="Q1" fromText="wash them down with" toID="F0" toText="horchata" relationship="implicit" />
<OPINION id="O2" fromID="Q0" fromText="If you like Mexican restaurant style salsa.. grab a jar from them of their in house recipe, good stuff" toID="A1" toText="stuff" relationship="explicit" />
<COREFERENCE id="C0" fromID="A0" fromText="them" toID="F1" toText="Enchiladas" />
<COREFERENCE id="C1" fromID="A1" fromText="stuff" toID="F2" toText="salsa" />
</TAGS>
</yelp_reviews_1.1>