<?xml version="1.0" encoding="UTF-8" ?>

<yelp_reviews_1.1>
<TEXT><![CDATA[I just went there tonight with my dad my brother, and his wife.  My dad, brother and I love trying new places and watch the FOOD Network regularly.  My dad had been wanting to try this place out for awhile now - because he saw an episode on Diner's/Drive-Ins & Dives.  He had wanted to go for this past father's day but thank god we opted to cook him a meal at home....

We all love mexican food and we have no idea how this place made it on that show - either Guy (Food Network host) has never eaten decent mexican food in his life or they were paid.  

The food was REALLY bad - I'd rather take my chances eating off a street vendor in Mexico City.  We were fine that it was inside the gas station (which was very clean).  But, the food was just horrible.....I ordered the El Pastor plate - pork in a red chile sauce with rice & beans.  The pork, in small chunks and very greasy, had a horrible taste I can't even describe.  I had my dad try some and my sister-in-law and my dad deemed it inedible.  

My Dad, poor thing, ordered the fish tacos.  He took one bite and almost spit it out - and then proceeded to dig around in the tacos to survey the contents.  What was supposedly fish, although smelled like fish, COULD NOT HAVE BEEN FISH.  It looked like little rings with a skin of some sort, cut in 1/2" pieces - with the flesh pointing into the center of the rings - kind of the like the "choke" of an artichoke.... So, my brother insisted he return it and get something else (to the obvious distain of the girl working the counter).  He, reluctant to complain, ended up getting some steak tacos instead - which were better but still not good.  He didn't eat more than 1 or 2 bites.  

My brother got the carne asada and his wife got the chicken chimichanga.  They were both edible but nothing memorable.  The rice and beans were just okay.  Nothing special there either.  

So, this place was a TOTAL FLOP in our books.... DO NOT GO THERE!!!!

For the money, you're better off going to Carolina's on Cave Creek & Thunderbird for some real mexican food - and you'll have some extra money in your pocket afterward!!  (And no sick feeling in your stomach either!)]]></TEXT>
<TAGS>
<FOOD id="F0" spans="775~790" text="El Pastor plate"  />
<FOOD id="F1" spans="793~797" text="pork"  />
<FOOD id="F2" spans="803~818" text="red chile sauce"  />
<FOOD id="F3" spans="824~828" text="rice"  />
<FOOD id="F4" spans="831~836" text="beans"  />
<FOOD id="F5" spans="843~847" text="pork"  />
<FOOD id="F6" spans="1036~1046" text="fish tacos"  />
<FOOD id="F7" spans="1182~1186" text="fish"  />
<FOOD id="F8" spans="1590~1601" text="steak tacos"  />
<FOOD id="F9" spans="1711~1722" text="carne asada"  />
<FOOD id="F10" spans="1744~1763" text="chicken chimichanga"  />
<FOOD id="F11" spans="1816~1820" text="rice"  />
<FOOD id="F12" spans="1825~1830" text="beans"  />
<ANAPHORA id="A0" spans="1766~1770" text="They"  />
<ANAPHORA id="A1" spans="1082~1084" text="it"  />
<ANAPHORA id="A2" spans="988~990" text="it"  />
<QUALITY id="Q0" spans="852~864" text="small chunks" type="negative" />
<QUALITY id="Q1" spans="869~880" text="very greasy" type="negative" />
<QUALITY id="Q2" spans="882~924" text="had a horrible taste I can&apos;t even describe" type="negative" />
<QUALITY id="Q3" spans="1216~1240" text="COULD NOT HAVE BEEN FISH" type="negative" />
<QUALITY id="Q4" spans="1623~1648" text="better but still not good" type="negative" />
<QUALITY id="Q5" spans="1841~1845" text="okay" type="neutral" />
<QUALITY id="Q6" spans="1781~1787" text="edible" type="neutral" />
<QUALITY id="Q7" spans="1792~1809" text="nothing memorable" type="neutral" />
<QUALITY id="Q8" spans="991~999" text="inedible" type="negative" />
<PART_OF id="P0" fromID="F7" fromText="fish" toID="A1" toText="it" />
<PART_OF id="P1" fromID="F1" fromText="pork" toID="F0" toText="El Pastor plate" />
<PART_OF id="P2" fromID="F2" fromText="red chile sauce" toID="F0" toText="El Pastor plate" />
<PART_OF id="P3" fromID="F3" fromText="rice" toID="F0" toText="El Pastor plate" />
<PART_OF id="P4" fromID="F4" fromText="beans" toID="F0" toText="El Pastor plate" />
<OPINION id="O0" fromID="Q0" fromText="small chunks" toID="F5" toText="pork" relationship="explicit" />
<OPINION id="O1" fromID="Q1" fromText="very greasy" toID="F5" toText="pork" relationship="explicit" />
<OPINION id="O2" fromID="Q2" fromText="had a horrible taste I can&apos;t even describe" toID="F5" toText="pork" relationship="explicit" />
<OPINION id="O3" fromID="Q8" fromText="inedible" toID="A2" toText="it" relationship="explicit" />
<OPINION id="O4" fromID="Q3" fromText="COULD NOT HAVE BEEN FISH" toID="F7" toText="fish" relationship="explicit" />
<OPINION id="O5" fromID="Q4" fromText="better but still not good" toID="F8" toText="steak tacos" relationship="explicit" />
<OPINION id="O6" fromID="Q7" fromText="nothing memorable" toID="A0" toText="They" relationship="explicit" />
<OPINION id="O7" fromID="Q6" fromText="edible" toID="A0" toText="They" relationship="explicit" />
<OPINION id="O8" fromID="Q5" fromText="okay" toID="F11" toText="rice" relationship="explicit" />
<OPINION id="O9" fromID="Q5" fromText="okay" toID="F12" toText="beans" relationship="explicit" />
<COREFERENCE id="C0" fromID="A1" fromText="it" toID="F6" toText="fish tacos" />
<COREFERENCE id="C1" fromID="A2" fromText="it" toID="F5" toText="pork" />
<COREFERENCE id="C2" fromID="A0" fromText="They" toID="F10" toText="chicken chimichanga" />
<COREFERENCE id="C3" fromID="A0" fromText="They" toID="F9" toText="carne asada" />
</TAGS>
</yelp_reviews_1.1>