<?xml version="1.0" encoding="UTF-8" ?>

<yelp_reviews_1.1>
<TEXT><![CDATA[I usually try to avoid eating at Gas Stations if I can at all avoid it. Usually the fair consists of greasy chips, slush puppies, and questionable hot dogs...not really my scene. So when Brian V. suggested we check out Roberto's in the Shell Station I was a bit concerned...apparently Guy Fieri speaks to him in his sleep and tells him where to go and what to do. 

Once inside my concern was replaced with extreme happiness. Wow, is this food great!!! Forest W. and I had cheese enchiladas...good quality cheese, delicious sauce, fluffy rice and amazing lard filled beans! Brian had the chimichanga and a carne asada taco. I stole some of his steak and it was tender, flavorful and just plain awesome. We were stuffed little piggies for about $25. It was seriously worth the trip out there and I am looking forward to going back for more!!!]]></TEXT>
<TAGS>
<FOOD id="F0" spans="473~490" text="cheese enchiladas"  />
<FOOD id="F1" spans="506~512" text="cheese"  />
<FOOD id="F2" spans="524~529" text="sauce"  />
<FOOD id="F3" spans="538~542" text="rice"  />
<FOOD id="F4" spans="567~572" text="beans"  />
<FOOD id="F5" spans="644~649" text="steak"  />
<FOOD id="F6" spans="606~622" text="carne asada taco"  />
<ANAPHORA id="A0" spans="654~656" text="it"  />
<QUALITY id="Q0" spans="555~566" text="lard filled" type="neutral" />
<QUALITY id="Q1" spans="493~505" text="good quality" type="positive" />
<QUALITY id="Q2" spans="514~523" text="delicious" type="positive" />
<QUALITY id="Q3" spans="531~537" text="fluffy" type="positive" />
<QUALITY id="Q4" spans="547~554" text="amazing" type="positive" />
<QUALITY id="Q5" spans="661~667" text="tender" type="positive" />
<QUALITY id="Q6" spans="669~678" text="flavorful" type="positive" />
<QUALITY id="Q7" spans="683~701" text="just plain awesome" type="positive" />
<PART_OF id="P0" fromID="F1" fromText="cheese" toID="F0" toText="cheese enchiladas" />
<PART_OF id="P1" fromID="F2" fromText="sauce" toID="F0" toText="cheese enchiladas" />
<PART_OF id="P2" fromID="F3" fromText="rice" toID="F0" toText="cheese enchiladas" />
<PART_OF id="P3" fromID="F4" fromText="beans" toID="F0" toText="cheese enchiladas" />
<PART_OF id="P4" fromID="F5" fromText="steak" toID="F6" toText="carne asada taco" />
<OPINION id="O0" fromID="Q1" fromText="good quality" toID="F1" toText="cheese" relationship="explicit" />
<OPINION id="O1" fromID="Q2" fromText="delicious" toID="F2" toText="sauce" relationship="explicit" />
<OPINION id="O2" fromID="Q3" fromText="fluffy" toID="F3" toText="rice" relationship="explicit" />
<OPINION id="O3" fromID="Q4" fromText="amazing" toID="F4" toText="beans" relationship="explicit" />
<OPINION id="O4" fromID="Q5" fromText="tender" toID="A0" toText="it" relationship="explicit" />
<OPINION id="O5" fromID="Q6" fromText="flavorful" toID="A0" toText="it" relationship="explicit" />
<OPINION id="O6" fromID="Q7" fromText="just plain awesome" toID="A0" toText="it" relationship="explicit" />
<COREFERENCE id="C0" fromID="A0" fromText="it" toID="F5" toText="steak" />
</TAGS>
</yelp_reviews_1.1>