<?xml version="1.0" encoding="UTF-8" ?>

<yelp_reviews_1.1>
<TEXT><![CDATA[Saw this place on Triple D and decided to try it because I had just moved to the area. I had chicken enchiladas and it wasn't great. They were very bland and just not as good as other enchiladas I've had over the years. The rice and re-fried beans were average. The prices were average but considering how bland the food was, still overpriced.]]></TEXT>
<TAGS>
<FOOD id="F0" spans="93~111" text="chicken enchiladas"  />
<FOOD id="F1" spans="224~228" text="rice"  />
<FOOD id="F2" spans="233~247" text="re-fried beans"  />
<ANAPHORA id="A0" spans="133~137" text="They"  />
<ANAPHORA id="A1" spans="116~118" text="it"  />
<QUALITY id="Q0" spans="119~131" text="wasn&apos;t great" type="negative" />
<QUALITY id="Q1" spans="143~153" text="very bland" type="negative" />
<QUALITY id="Q2" spans="158~218" text="just not as good as other enchiladas I&apos;ve had over the years" type="negative" />
<QUALITY id="Q3" spans="253~260" text="average" type="neutral" />
<PART_OF id="P0" fromID="F1" fromText="rice" toID="F0" toText="chicken enchiladas" />
<PART_OF id="P1" fromID="F2" fromText="re-fried beans" toID="F0" toText="chicken enchiladas" />
<OPINION id="O0" fromID="Q0" fromText="wasn&apos;t great" toID="A1" toText="it" relationship="explicit" />
<OPINION id="O1" fromID="Q1" fromText="very bland" toID="A0" toText="They" relationship="explicit" />
<OPINION id="O2" fromID="Q2" fromText="just not as good as other enchiladas I&apos;ve had over the years" toID="A0" toText="They" relationship="implicit" />
<OPINION id="O3" fromID="Q3" fromText="average" toID="F1" toText="rice" relationship="explicit" />
<OPINION id="O4" fromID="Q3" fromText="average" toID="F2" toText="re-fried beans" relationship="explicit" />
<COREFERENCE id="C0" fromID="A1" fromText="it" toID="F0" toText="chicken enchiladas" />
<COREFERENCE id="C1" fromID="A0" fromText="They" toID="F0" toText="chicken enchiladas" />
</TAGS>
</yelp_reviews_1.1>