<?xml version="1.0" encoding="UTF-8" ?>

<yelp_reviews_1.1>
<TEXT><![CDATA[Great habanero salsa, (you have to ask for the spicy stuff), and they sell it to go by the jar!  Very good Mexican food made to order.  Chili rellenos are excellent, and beans and rice are better than most places.  Lots of meat on the soft tacos, pork is amazing.  Gringo setting, but good solid food.]]></TEXT>
<TAGS>
<FOOD id="F0" spans="6~20" text="habanero salsa"  />
<FOOD id="F1" spans="136~150" text="Chili rellenos"  />
<FOOD id="F2" spans="170~175" text="beans"  />
<FOOD id="F3" spans="180~184" text="rice"  />
<FOOD id="F4" spans="223~227" text="meat"  />
<FOOD id="F5" spans="235~245" text="soft tacos"  />
<FOOD id="F6" spans="247~251" text="pork"  />
<ANAPHORA id="A0" spans="75~77" text="it"  />
<QUALITY id="Q0" spans="0~5" text="Great" type="positive" />
<QUALITY id="Q1" spans="155~164" text="excellent" type="positive" />
<QUALITY id="Q2" spans="189~212" text="better than most places" type="positive" />
<QUALITY id="Q3" spans="215~222" text="Lots of" type="positive" />
<QUALITY id="Q4" spans="255~262" text="amazing" type="positive" />
<PART_OF id="P0" fromID="F4" fromText="meat" toID="F5" toText="soft tacos" />
<OPINION id="O0" fromID="Q0" fromText="Great" toID="F0" toText="habanero salsa" relationship="explicit" />
<OPINION id="O1" fromID="Q1" fromText="excellent" toID="F1" toText="Chili rellenos" relationship="explicit" />
<OPINION id="O2" fromID="Q2" fromText="better than most places" toID="F3" toText="rice" relationship="implicit" />
<OPINION id="O3" fromID="Q2" fromText="better than most places" toID="F2" toText="beans" relationship="explicit" />
<OPINION id="O4" fromID="Q3" fromText="Lots of" toID="F4" toText="meat" relationship="explicit" />
<OPINION id="O5" fromID="Q4" fromText="amazing" toID="F6" toText="pork" relationship="explicit" />
<COREFERENCE id="C0" fromID="A0" fromText="it" toID="F0" toText="habanero salsa" />
</TAGS>
</yelp_reviews_1.1>