<?xml version="1.0" encoding="UTF-8" ?>

<yelp_reviews_1.1>
<TEXT><![CDATA[Ok, this was our 2nd time coming here ever. The 1st was last year before the last Lions/Cards game. At that time, the place was rocking, the food was flowing and the bartenders were very attentive. They even had a Bacon Bloody Mary that my girlfriend loved!! So on that note, we came back, why did we do that?

We get there about 10:15(NFL Sunday) and we were told that the kitchen didn't open till 11am, makes very little sense because the games start at 10am. Whatever, hit us with some chips and salsa for the time being.....

Server comes to us and lets us know that the kitchen is open and that we can place an order....7mins later, sorry, I was wrong kitchen is closed and you get even put in a order till 11am.....Okay.

My friend had the Chicken Quesadilla, didn't like it too much, something with off with the chicken. She ordered another one with just cheese and pico, that took about 45mins.

I have never looked at the reviews for this place and couldn't believe I didn't see these before, only because we were so hung-up on the Bacon Bloody, we didn't even think twice about it, oh yeah about that Bacon Bloody, the server told us that it didn't sell, to the point where they just gave it away for free...That's smart.


Not sure what the deal is, but if your gonna fail, do it in the summer, at least try to get it together for Football Sunday, the one day you can make a profit. We will not be returning.]]></TEXT>
<TAGS>
<FOOD id="F0" spans="214~231" text="Bacon Bloody Mary"  />
<FOOD id="F1" spans="746~764" text="Chicken Quesadilla"  />
<FOOD id="F2" spans="819~826" text="chicken"  />
<FOOD id="F3" spans="1111~1123" text="Bacon Bloody"  />
<FOOD id="F4" spans="862~868" text="cheese"  />
<FOOD id="F5" spans="873~877" text="pico"  />
<ANAPHORA id="A0" spans="848~851" text="one"  />
<ANAPHORA id="A1" spans="778~780" text="it"  />
<ANAPHORA id="A2" spans="1149~1151" text="it"  />
<QUALITY id="Q0" spans="237~256" text="my girlfriend loved" type="positive" />
<QUALITY id="Q1" spans="728~789" text="My friend had the Chicken Quesadilla, didn&apos;t like it too much" type="negative" />
<QUALITY id="Q2" spans="791~814" text="something with off with" type="negative" />
<QUALITY id="Q3" spans="1152~1163" text="didn&apos;t sell" type="negative" />
<PART_OF id="P0" fromID="F2" fromText="chicken" toID="F1" toText="Chicken Quesadilla" />
<OPINION id="O0" fromID="Q1" fromText="My friend had the Chicken Quesadilla, didn&apos;t like it too much" toID="F1" toText="Chicken Quesadilla" relationship="explicit" />
<OPINION id="O1" fromID="Q2" fromText="something with off with" toID="F2" toText="chicken" relationship="implicit" />
<COREFERENCE id="C0" fromID="A1" fromText="it" toID="F1" toText="Chicken Quesadilla" />
</TAGS>
</yelp_reviews_1.1>