<?xml version="1.0" encoding="UTF-8" ?>

<yelp_reviews_1.1>
<TEXT><![CDATA[Can I give lower than 1 star?  Calico Jack's was featured on Fox 10 News so we figured we would give it a try.  My wife ordered the carnitas burrito and I had the don flautas.  Disgusting.  Worst meal for both of us that we have had in a long, long time.  The service was slightly below average.  The atmosphere is nice but that's about it.]]></TEXT>
<TAGS>
<FOOD id="F0" spans="163~174" text="don flautas"  />
<FOOD id="F1" spans="132~148" text="carnitas burrito"  />
<ANAPHORA id="A0" spans="196~200" text="meal"  />
<QUALITY id="Q0" spans="190~253" text="Worst meal for both of us that we have had in a long, long time" type="negative" />
<QUALITY id="Q1" spans="177~187" text="Disgusting" type="negative" />
<QUALITY id="Q2" spans="190~253" text="Worst meal for both of us that we have had in a long, long time" type="negative" />
<OPINION id="O0" fromID="Q1" fromText="Disgusting" toID="F1" toText="carnitas burrito" relationship="explicit" />
<OPINION id="O1" fromID="Q1" fromText="Disgusting" toID="F0" toText="don flautas" relationship="explicit" />
<OPINION id="O2" fromID="Q2" fromText="Worst meal for both of us that we have had in a long, long time" toID="A0" toText="meal" relationship="implicit" />
<COREFERENCE id="C0" fromID="A0" fromText="meal" toID="F0" toText="don flautas" />
<COREFERENCE id="C1" fromID="A0" fromText="meal" toID="F1" toText="carnitas burrito" />
</TAGS>
</yelp_reviews_1.1>