<?xml version="1.0" encoding="UTF-8" ?>

<yelp_reviews_1.1>
<TEXT><![CDATA[Good food, but does not have very many options. Wings and Nachos for the family today. Good but not very fulfilling. Still recommend for a bar type atmosphere before catching a game in Westgate.]]></TEXT>
<TAGS>
<FOOD id="F0" spans="48~53" text="Wings"  />
<FOOD id="F1" spans="58~64" text="Nachos"  />
<QUALITY id="Q0" spans="87~91" text="Good" type="positive" />
<QUALITY id="Q1" spans="96~115" text="not very fulfilling" type="negative" />
<OPINION id="O0" fromID="Q0" fromText="Good" toID="F0" toText="Wings" relationship="explicit" />
<OPINION id="O1" fromID="Q1" fromText="not very fulfilling" toID="F0" toText="Wings" relationship="explicit" />
<OPINION id="O2" fromID="Q0" fromText="Good" toID="F1" toText="Nachos" relationship="explicit" />
<OPINION id="O3" fromID="Q1" fromText="not very fulfilling" toID="F1" toText="Nachos" relationship="explicit" />
</TAGS>
</yelp_reviews_1.1>