<?xml version="1.0" encoding="UTF-8" ?>

<yelp_reviews_1.1>
<TEXT><![CDATA[The restaurant had a special event menu last night because of the Justin Bieber concert. If you want to do a special shortened menu, the items being offered should be good. OUr table of 6 ordered the nachos, quesadillas and burgers. All of them were cold, plain, poor ingredients and overall bad. Did I mention they seemed to out special prices on their "event" menu.  A small, yucky burger $11.49, a really small quesadilla (four pieces) $9.99 and cold, gross nachos- $11.99. And the topper was a bottle of beer- $7. The one star is given to the server. She was friendly and attentive. No wonder it was the only place not booming with business.]]></TEXT>
<TAGS>
<FOOD id="F0" spans="200~206" text="nachos"  />
<FOOD id="F1" spans="208~219" text="quesadillas"  />
<FOOD id="F2" spans="224~231" text="burgers"  />
<FOOD id="F3" spans="384~390" text="burger"  />
<FOOD id="F4" spans="414~424" text="quesadilla"  />
<FOOD id="F5" spans="461~467" text="nachos"  />
<FOOD id="F6" spans="485~491" text="topper"  />
<FOOD id="F7" spans="508~512" text="beer"  />
<ANAPHORA id="A0" spans="233~244" text="All of them"  />
<QUALITY id="Q0" spans="250~254" text="cold" type="negative" />
<QUALITY id="Q1" spans="256~261" text="plain" type="negative" />
<QUALITY id="Q2" spans="263~279" text="poor ingredients" type="negative" />
<QUALITY id="Q3" spans="284~295" text="overall bad" type="negative" />
<QUALITY id="Q4" spans="371~376" text="small" type="negative" />
<QUALITY id="Q5" spans="378~383" text="yucky" type="negative" />
<QUALITY id="Q6" spans="401~413" text="really small" type="negative" />
<QUALITY id="Q7" spans="449~453" text="cold" type="negative" />
<QUALITY id="Q8" spans="455~460" text="gross" type="negative" />
<QUALITY id="Q9" spans="496~512" text="a bottle of beer" type="negative" />
<PART_OF id="P0" fromID="F7" fromText="beer" toID="F6" toText="topper" />
<OPINION id="O0" fromID="Q1" fromText="plain" toID="A0" toText="All of them" relationship="explicit" />
<OPINION id="O1" fromID="Q0" fromText="cold" toID="A0" toText="All of them" relationship="explicit" />
<OPINION id="O2" fromID="Q2" fromText="poor ingredients" toID="A0" toText="All of them" relationship="explicit" />
<OPINION id="O3" fromID="Q3" fromText="overall bad" toID="A0" toText="All of them" relationship="explicit" />
<OPINION id="O4" fromID="Q4" fromText="small" toID="F3" toText="burger" relationship="explicit" />
<OPINION id="O5" fromID="Q5" fromText="yucky" toID="F3" toText="burger" relationship="explicit" />
<OPINION id="O6" fromID="Q6" fromText="really small" toID="F4" toText="quesadilla" relationship="explicit" />
<OPINION id="O7" fromID="Q7" fromText="cold" toID="F5" toText="nachos" relationship="explicit" />
<OPINION id="O8" fromID="Q8" fromText="gross" toID="F5" toText="nachos" relationship="explicit" />
<OPINION id="O9" fromID="Q9" fromText="a bottle of beer" toID="F6" toText="topper" relationship="implicit" />
<COREFERENCE id="C0" fromID="A0" fromText="All of them" toID="F1" toText="quesadillas" />
<COREFERENCE id="C1" fromID="A0" fromText="All of them" toID="F0" toText="nachos" />
<COREFERENCE id="C2" fromID="A0" fromText="All of them" toID="F2" toText="burgers" />
<COREFERENCE id="C3" fromID="F3" fromText="burger" toID="F2" toText="burgers" />
<COREFERENCE id="C4" fromID="F4" fromText="quesadilla" toID="F1" toText="quesadillas" />
<COREFERENCE id="C5" fromID="F5" fromText="nachos" toID="F0" toText="nachos" />
</TAGS>
</yelp_reviews_1.1>