<?xml version="1.0" encoding="UTF-8" ?>

<yelp_reviews_1.1>
<TEXT><![CDATA[This place is next to Hell's Half Acre so I believe they should rename it Hell Hole because that is what this place resembles. I went into this place because of the signage outside the restaurant that mentioned their happy hour currently being served. After being seated, I waited for twenty minutes before I got up and had to ask for service. After being greeted, I was informed there was no happy hour despite the multiple signs advertising it. The food took forever and was not very good. The quesadilla was a tortilla with a piece of cheese in it. The menu said it had guacamole but mine did not come with anything on it. The tortilla and slice of cheese cost about 11 dollars. This place is a disaster and they do not seem to care.]]></TEXT>
<TAGS>
<FOOD id="F0" spans="496~506" text="quesadilla"  />
<FOOD id="F1" spans="513~521" text="tortilla"  />
<FOOD id="F2" spans="538~544" text="cheese"  />
<FOOD id="F3" spans="573~582" text="guacamole"  />
<ANAPHORA id="A1" spans="587~591" text="mine"  />
<QUALITY id="Q0" spans="513~550" text="tortilla with a piece of cheese in it" type="negative" />
<QUALITY id="Q1" spans="592~624" text="did not come with anything on it" type="negative" />
<QUALITY id="Q2" spans="592~624" text="did not come with anything on it" type="negative" />
<PART_OF id="P0" fromID="F1" fromText="tortilla" toID="F0" toText="quesadilla" />
<PART_OF id="P1" fromID="F2" fromText="cheese" toID="F0" toText="quesadilla" />
<OPINION id="O0" fromID="Q0" fromText="tortilla with a piece of cheese in it" toID="F0" toText="quesadilla" relationship="implicit" />
<OPINION id="O1" fromID="Q1" fromText="did not come with anything on it" toID="A1" toText="mine" relationship="implicit" />
<COREFERENCE id="C0" fromID="A1" fromText="mine" toID="F0" toText="quesadilla" />
</TAGS>
</yelp_reviews_1.1>