<?xml version="1.0" encoding="UTF-8" ?>

<yelp_reviews_1.1>
<TEXT><![CDATA[I went in on the Saturday after the Tanger outlets opened up with my Mother In Law.  The food was really good.  I had a carnita's burrito and it was seasoned very well.  The service was a tad slow, but nothing to be frustrated with.  The price was decent for the portions.  I'd happily return with a few friends for some drinks and to watch a game or just hang out.  My favorite part of the restaurant is the ambiance.  It's very chill and comfortable.]]></TEXT>
<TAGS>
<FOOD id="F0" spans="120~137" text="carnita&apos;s burrito"  />
<ANAPHORA id="A0" spans="142~144" text="it"  />
<QUALITY id="Q0" spans="149~167" text="seasoned very well" type="positive" />
<OPINION id="O0" fromID="Q0" fromText="seasoned very well" toID="A0" toText="it" relationship="explicit" />
<COREFERENCE id="C0" fromID="A0" fromText="it" toID="F0" toText="carnita&apos;s burrito" />
</TAGS>
</yelp_reviews_1.1>