<?xml version="1.0" encoding="UTF-8" ?>

<yelp_reviews_1.1>
<TEXT><![CDATA[A friend and I stopped by for happy hour/dinner. We were seated and ordered the margaritas on special. We ordered a quesadilla (on special) and hot wings. After getting the drinks I asked for chips and salsa (yes...I had to ASK for chips and salsa at a Mexican restaurant). 

The quesadilla and wings were delivered with the chips (yes....it took that long to get the chips). Chips were okay. The wings and quesadilla were tasty...but the salsa and guacamole that came with the quesadilla were really bland...no flavor at all. I ordered a Negra Modelo and waited...and waited...and waited. We were literally the only table in the place but were kept waiting over and over again. 

Our server finally got to pouring my beer and then let me know that the tap was empty and asked if I wanted something else. I didn't....by this time I was over half way done with my meal and opted for a non-alcoholic beverage. The exec chef stopped by to ask how everything was. My friend let him know the salsa was bland and had no flavor. The chef explained that he had heard that before...that he was redoing the menu and that he was going to redo the salsa but he needed to go through what they had. So....you have a Mexican restaurant, you get complaints about the salsa and you want to go through what you have before you make it right? How much salsa do you have in back that you have to go through? 

The topper to our experience is when the bill came. We were charged for the beer we never got and $2 for cheese sauce (no...we didn't order cheese sauce or our wings or quesadilla). We let the manager know because our server was MIA again. He removed the items and our server came with a new check, saying "sorry...I'm a re***d"...how offensive is that?!? We won't be back.]]></TEXT>
<TAGS>
<FOOD id="F0" spans="376~381" text="Chips"  />
<FOOD id="F1" spans="397~402" text="wings"  />
<FOOD id="F2" spans="407~417" text="quesadilla"  />
<FOOD id="F3" spans="439~444" text="salsa"  />
<FOOD id="F4" spans="449~458" text="guacamole"  />
<FOOD id="F5" spans="478~488" text="quesadilla"  />
<FOOD id="F6" spans="987~992" text="salsa"  />
<QUALITY id="Q0" spans="423~428" text="tasty" type="positive" />
<QUALITY id="Q1" spans="387~391" text="okay" type="neutral" />
<QUALITY id="Q2" spans="494~506" text="really bland" type="negative" />
<QUALITY id="Q3" spans="509~525" text="no flavor at all" type="negative" />
<QUALITY id="Q4" spans="997~1002" text="bland" type="negative" />
<QUALITY id="Q5" spans="1007~1020" text="had no flavor" type="negative" />
<PART_OF id="P0" fromID="F3" fromText="salsa" toID="F5" toText="quesadilla" />
<PART_OF id="P1" fromID="F4" fromText="guacamole" toID="F5" toText="quesadilla" />
<OPINION id="O0" fromID="Q1" fromText="okay" toID="F0" toText="Chips" relationship="explicit" />
<OPINION id="O1" fromID="Q0" fromText="tasty" toID="F2" toText="quesadilla" relationship="explicit" />
<OPINION id="O2" fromID="Q0" fromText="tasty" toID="F1" toText="wings" relationship="explicit" />
<OPINION id="O3" fromID="Q2" fromText="really bland" toID="F3" toText="salsa" relationship="explicit" />
<OPINION id="O4" fromID="Q3" fromText="no flavor at all" toID="F4" toText="guacamole" relationship="explicit" />
<OPINION id="O5" fromID="Q2" fromText="really bland" toID="F4" toText="guacamole" relationship="explicit" />
<OPINION id="O6" fromID="Q3" fromText="no flavor at all" toID="F3" toText="salsa" relationship="explicit" />
<OPINION id="O7" fromID="Q5" fromText="had no flavor" toID="F6" toText="salsa" relationship="explicit" />
<OPINION id="O8" fromID="Q4" fromText="bland" toID="F6" toText="salsa" relationship="explicit" />
</TAGS>
</yelp_reviews_1.1>