<?xml version="1.0" encoding="UTF-8" ?>

<yelp_reviews_1.1>
<TEXT><![CDATA[My friend and I arrived at 7pm and the place was empty.  Our server came almost immediately and took our drink order which was 2 frozen margaritas.  It took about 10 minutes for the drinks to come and they were 85% ice and maybe 10% margarita.  Our dinner was chicken fajitas and carne asada fajitas with rice and beans which were $2 extra.  Forget the rice and beans cause there was no taste to the beans and the rice was the worst rice I have ever had! (Hard, crunchy and no flavor).  The fajitas were ok, lots of chicken, onions and peppers. The carne asada meat was way over cooked and very bland.

I won't go back there and wouldn't recommend it.  The only thing that was good was the service!]]></TEXT>
<TAGS>
<FOOD id="F0" spans="129~146" text="frozen margaritas"  />
<FOOD id="F1" spans="260~275" text="chicken fajitas"  />
<FOOD id="F2" spans="280~319" text="carne asada fajitas with rice and beans"  />
<FOOD id="F3" spans="280~319" text="carne asada fajitas with rice and beans"  />
<FOOD id="F4" spans="305~309" text="rice"  />
<FOOD id="F5" spans="314~319" text="beans"  />
<FOOD id="F6" spans="353~357" text="rice"  />
<FOOD id="F7" spans="362~367" text="beans"  />
<FOOD id="F8" spans="400~405" text="beans"  />
<FOOD id="F9" spans="414~418" text="rice"  />
<FOOD id="F10" spans="491~498" text="fajitas"  />
<FOOD id="F11" spans="549~565" text="carne asada meat"  />
<FOOD id="F12" spans="536~543" text="peppers"  />
<FOOD id="F13" spans="525~531" text="onions"  />
<FOOD id="F14" spans="516~523" text="chicken"  />
<ANAPHORA id="A0" spans="178~188" text="the drinks"  />
<ANAPHORA id="A1" spans="201~205" text="they"  />
<QUALITY id="Q0" spans="508~543" text="lots of chicken, onions and peppers" type="positive" />
<QUALITY id="Q1" spans="508~543" text="lots of chicken, onions and peppers" type="positive" />
<QUALITY id="Q2" spans="508~543" text="lots of chicken, onions and peppers" type="positive" />
<QUALITY id="Q3" spans="211~242" text="85% ice and maybe 10% margarita" type="negative" />
<QUALITY id="Q4" spans="342~348" text="Forget" type="negative" />
<QUALITY id="Q5" spans="374~392" text="there was no taste" type="negative" />
<QUALITY id="Q6" spans="427~453" text="worst rice I have ever had" type="negative" />
<QUALITY id="Q7" spans="456~460" text="Hard" type="negative" />
<QUALITY id="Q8" spans="462~469" text="crunchy" type="negative" />
<QUALITY id="Q9" spans="474~483" text="no flavor" type="negative" />
<QUALITY id="Q10" spans="504~506" text="ok" type="neutral" />
<QUALITY id="Q11" spans="570~585" text="way over cooked" type="negative" />
<QUALITY id="Q12" spans="590~600" text="very bland" type="negative" />
<PART_OF id="P0" fromID="F11" fromText="carne asada meat" toID="F10" toText="fajitas" />
<PART_OF id="P1" fromID="F12" fromText="peppers" toID="F10" toText="fajitas" />
<PART_OF id="P2" fromID="F13" fromText="onions" toID="F10" toText="fajitas" />
<PART_OF id="P3" fromID="F14" fromText="chicken" toID="F10" toText="fajitas" />
<PART_OF id="P4" fromID="F11" fromText="carne asada meat" toID="F10" toText="fajitas" />
<PART_OF id="P5" fromID="F6" fromText="rice" toID="F1" toText="chicken fajitas" />
<PART_OF id="P6" fromID="F7" fromText="beans" toID="F1" toText="chicken fajitas" />
<OPINION id="O0" fromID="Q6" fromText="worst rice I have ever had" toID="F9" toText="rice" relationship="explicit" />
<OPINION id="O1" fromID="Q3" fromText="85% ice and maybe 10% margarita" toID="A1" toText="they" relationship="implicit" />
<OPINION id="O2" fromID="Q4" fromText="Forget" toID="F7" toText="beans" relationship="implicit" />
<OPINION id="O3" fromID="Q4" fromText="Forget" toID="F6" toText="rice" relationship="implicit" />
<OPINION id="O4" fromID="Q5" fromText="there was no taste" toID="F8" toText="beans" relationship="explicit" />
<OPINION id="O5" fromID="Q7" fromText="Hard" toID="F9" toText="rice" relationship="explicit" />
<OPINION id="O6" fromID="Q8" fromText="crunchy" toID="F9" toText="rice" relationship="explicit" />
<OPINION id="O7" fromID="Q9" fromText="no flavor" toID="F9" toText="rice" relationship="explicit" />
<OPINION id="O8" fromID="Q10" fromText="ok" toID="F10" toText="fajitas" relationship="explicit" />
<OPINION id="O9" fromID="Q11" fromText="way over cooked" toID="F11" toText="carne asada meat" relationship="explicit" />
<OPINION id="O10" fromID="Q12" fromText="very bland" toID="F11" toText="carne asada meat" relationship="explicit" />
<COREFERENCE id="C1" fromID="A1" fromText="they" toID="A0" toText="the drinks" />
<COREFERENCE id="C2" fromID="A0" fromText="the drinks" toID="F0" toText="frozen margaritas" />
<COREFERENCE id="C3" fromID="F10" fromText="fajitas" toID="F1" toText="chicken fajitas" />
<COREFERENCE id="C4" fromID="F10" fromText="fajitas" toID="F2" toText="carne asada fajitas with rice and beans" />
<COREFERENCE id="C5" fromID="F8" fromText="beans" toID="F7" toText="beans" />
<COREFERENCE id="C6" fromID="F9" fromText="rice" toID="F6" toText="rice" />
</TAGS>
</yelp_reviews_1.1>