<?xml version="1.0" encoding="UTF-8" ?>

<yelp_reviews_1.1>
<TEXT><![CDATA[The place was empty on a lazy Saturday afternoon. The food was good. Ordered a Jack's Famous burger. It was simply a burger. No seasoning or flavor of any kind. Potato wedges were decent. The food came out hot. Enjoyed two brews. 

Overall not a bad experience.]]></TEXT>
<TAGS>
<FOOD id="F0" spans="79~99" text="Jack&apos;s Famous burger"  />
<FOOD id="F1" spans="161~174" text="Potato wedges"  />
<ANAPHORA id="A0" spans="101~103" text="It"  />
<ANAPHORA id="A1" spans="188~196" text="The food"  />
<QUALITY id="Q0" spans="180~186" text="decent" type="positive" />
<QUALITY id="Q1" spans="125~159" text="No seasoning or flavor of any kind" type="negative" />
<QUALITY id="Q2" spans="108~123" text="simply a burger" type="neutral" />
<QUALITY id="Q3" spans="206~209" text="hot" type="neutral" />
<OPINION id="O0" fromID="Q1" fromText="No seasoning or flavor of any kind" toID="A0" toText="It" relationship="explicit" />
<OPINION id="O1" fromID="Q2" fromText="simply a burger" toID="A0" toText="It" relationship="implicit" />
<OPINION id="O2" fromID="Q0" fromText="decent" toID="F1" toText="Potato wedges" relationship="explicit" />
<OPINION id="O3" fromID="Q3" fromText="hot" toID="A1" toText="The food" relationship="explicit" />
<COREFERENCE id="C0" fromID="A0" fromText="It" toID="F0" toText="Jack&apos;s Famous burger" />
<COREFERENCE id="C1" fromID="A1" fromText="The food" toID="F1" toText="Potato wedges" />
<COREFERENCE id="C2" fromID="A1" fromText="The food" toID="F0" toText="Jack&apos;s Famous burger" />
</TAGS>
</yelp_reviews_1.1>