<?xml version="1.0" encoding="UTF-8" ?>

<yelp_reviews_1.1>
<TEXT><![CDATA[Was there for St Patty's day early dinner, Nachos were terrible! Mexican restaurant and terrible nachos ??...doesn't make sense! Was empty on drinks several times, had to ask for everything, didn't know the waitresses name, enchilada sauce was yuk compared to most Mexican food places. My guess is that theryre only succeeding cuz of the location, rather than the referrals and good food.... Too bad. Won't go there again or will I refer !]]></TEXT>
<TAGS>
<FOOD id="F0" spans="43~49" text="Nachos"  />
<FOOD id="F1" spans="97~103" text="nachos"  />
<FOOD id="F2" spans="224~239" text="enchilada sauce"  />
<QUALITY id="Q0" spans="55~63" text="terrible" type="negative" />
<QUALITY id="Q1" spans="88~96" text="terrible" type="negative" />
<QUALITY id="Q2" spans="244~247" text="yuk" type="negative" />
<PART_OF id="P0" fromID="F2" fromText="enchilada sauce" toID="F2" toText="enchilada sauce" />
<OPINION id="O0" fromID="Q2" fromText="yuk" toID="F2" toText="enchilada sauce" relationship="explicit" />
<OPINION id="O1" fromID="Q0" fromText="terrible" toID="F0" toText="Nachos" relationship="explicit" />
<OPINION id="O2" fromID="Q1" fromText="terrible" toID="F1" toText="nachos" relationship="explicit" />
</TAGS>
</yelp_reviews_1.1>