<?xml version="1.0" encoding="UTF-8" ?>

<yelp_reviews_1.1>
<TEXT><![CDATA[After unsuccessfully sending our COLD FOOD back three times, we gave up on most of our dinner. Managed to eat the paltry servings that were warmed up in the microwave, but definitely WILL NOT ever return for food at this establishment ever again.  The draft beers were slightly over priced ($6.00 for a 16 ounce pour) but at least they were the same temperature as the food ~ COLD !!

The only bright spot of the evening was our server who was extremly attentive, very friendly and super courteous when dealing with our situation.]]></TEXT>
<TAGS>
<FOOD id="F0" spans="252~263" text="draft beers"  />
<ANAPHORA id="A0" spans="331~335" text="they"  />
<QUALITY id="Q0" spans="278~289" text="over priced" type="negative" />
<QUALITY id="Q1" spans="376~380" text="COLD" type="neutral" />
<OPINION id="O0" fromID="Q0" fromText="over priced" toID="F0" toText="draft beers" relationship="explicit" />
<OPINION id="O1" fromID="Q1" fromText="COLD" toID="A0" toText="they" relationship="explicit" />
<COREFERENCE id="C0" fromID="A0" fromText="they" toID="F0" toText="draft beers" />
</TAGS>
</yelp_reviews_1.1>