<?xml version="1.0" encoding="UTF-8" ?>

<yelp_reviews_1.1>
<TEXT><![CDATA[Terrible.  The place was empty, yet I was served by beer in a HOT glass?  odd.  I ordered beef fajitas, and they were terrible, with much of it being such bad meat it was inedible.  The food was also extremely bland.  I asked for chips and salsa, only to never get any.

It was terrible, and I wont go back in my travels to Phoenix.]]></TEXT>
<TAGS>
<FOOD id="F0" spans="90~102" text="beef fajitas"  />
<FOOD id="F1" spans="159~163" text="meat"  />
<ANAPHORA id="A0" spans="164~166" text="it"  />
<ANAPHORA id="A1" spans="182~190" text="The food"  />
<ANAPHORA id="A2" spans="108~112" text="they"  />
<QUALITY id="Q0" spans="200~215" text="extremely bland" type="negative" />
<QUALITY id="Q1" spans="171~179" text="inedible" type="negative" />
<QUALITY id="Q2" spans="155~158" text="bad" type="negative" />
<QUALITY id="Q3" spans="118~126" text="terrible" type="negative" />
<PART_OF id="P0" fromID="F1" fromText="meat" toID="F0" toText="beef fajitas" />
<OPINION id="O0" fromID="Q2" fromText="bad" toID="F1" toText="meat" relationship="explicit" />
<OPINION id="O1" fromID="Q1" fromText="inedible" toID="A0" toText="it" relationship="explicit" />
<OPINION id="O2" fromID="Q3" fromText="terrible" toID="A2" toText="they" relationship="explicit" />
<COREFERENCE id="C0" fromID="A2" fromText="they" toID="F0" toText="beef fajitas" />
<COREFERENCE id="C1" fromID="A0" fromText="it" toID="F0" toText="beef fajitas" />
</TAGS>
</yelp_reviews_1.1>