<?xml version="1.0" encoding="UTF-8" ?>

<yelp_reviews_1.1>
<TEXT><![CDATA[The margaritas where LARGE and tasty.  The salsa was very fresh but I had expected more kick to it...since we were at a Mexican restaurant.

We also ordered the cilantro lime chicken wings.  A dozen for 9.99.  With tip, the order of wings & 4 margaritas we paid about $55 total.  So not toooo bad.

This was another one of those places where no one wears a name tag. We were unaware of our servers name until the check came. (the other being LGO)]]></TEXT>
<TAGS>
<FOOD id="F0" spans="4~14" text="margaritas"  />
<FOOD id="F1" spans="43~48" text="salsa"  />
<ANAPHORA id="A0" spans="96~98" text="it"  />
<QUALITY id="Q0" spans="21~26" text="LARGE" type="positive" />
<QUALITY id="Q1" spans="31~36" text="tasty" type="positive" />
<QUALITY id="Q2" spans="53~63" text="very fresh" type="positive" />
<QUALITY id="Q3" spans="74~92" text="expected more kick" type="negative" />
<OPINION id="O0" fromID="Q0" fromText="LARGE" toID="F0" toText="margaritas" relationship="explicit" />
<OPINION id="O1" fromID="Q1" fromText="tasty" toID="F0" toText="margaritas" relationship="explicit" />
<OPINION id="O2" fromID="Q2" fromText="very fresh" toID="F1" toText="salsa" relationship="explicit" />
<OPINION id="O3" fromID="Q3" fromText="expected more kick" toID="A0" toText="it" relationship="explicit" />
<COREFERENCE id="C0" fromID="A0" fromText="it" toID="F1" toText="salsa" />
</TAGS>
</yelp_reviews_1.1>