<?xml version="1.0" encoding="UTF-8" ?>

<yelp_reviews_1.1>
<TEXT><![CDATA[Terrible! My daughter,her husband and their infant and I came during a break from the Coyotes practice.We were the only table  that was being waited on.The waiter arrived with food on his face and after  what was to long of a wait our food arrived.My enchiladas were a joke,greasey tri folded tortillas with nothing inside with a drizzle of what looked like velveeta on top.The refried beans were bad and the rice also the same.The waiter pretty much argued with me ,trying to explain what an enchilada was.I told him to take it away because it was unexceptable and I was no longer hungry after also seeing the grime on the tiles on the table which I showed him as I scraped it with my thumbnail.The waiter later comes back with another plate and tells me the cook added more cheese.I told him again to take it away and that I had lost my appetite.Most of the other people in Calico Jacks were sitting down  filling out applications to work there.Hello.]]></TEXT>
<TAGS>
<FOOD id="F0" spans="251~261" text="enchiladas"  />
<FOOD id="F1" spans="293~302" text="tortillas"  />
<FOOD id="F2" spans="358~366" text="velveeta"  />
<FOOD id="F3" spans="378~391" text="refried beans"  />
<FOOD id="F4" spans="409~413" text="rice"  />
<ANAPHORA id="A0" spans="526~528" text="it"  />
<ANAPHORA id="A1" spans="542~544" text="it"  />
<QUALITY id="Q0" spans="419~427" text="the same" type="neutral" />
<QUALITY id="Q1" spans="397~400" text="bad" type="negative" />
<QUALITY id="Q2" spans="308~322" text="nothing inside" type="negative" />
<QUALITY id="Q3" spans="323~373" text="with a drizzle of what looked like velveeta on top" type="negative" />
<QUALITY id="Q4" spans="267~273" text="a joke" type="negative" />
<QUALITY id="Q5" spans="274~281" text="greasey" type="negative" />
<QUALITY id="Q6" spans="282~292" text="tri folded" type="neutral" />
<QUALITY id="Q7" spans="507~533" text="I told him to take it away" type="negative" />
<QUALITY id="Q8" spans="549~561" text="unexceptable" type="negative" />
<PART_OF id="P0" fromID="F1" fromText="tortillas" toID="F0" toText="enchiladas" />
<PART_OF id="P1" fromID="F2" fromText="velveeta" toID="F0" toText="enchiladas" />
<OPINION id="O0" fromID="Q4" fromText="a joke" toID="F0" toText="enchiladas" relationship="implicit" />
<OPINION id="O1" fromID="Q5" fromText="greasey" toID="F1" toText="tortillas" relationship="explicit" />
<OPINION id="O2" fromID="Q1" fromText="bad" toID="F3" toText="refried beans" relationship="explicit" />
<OPINION id="O3" fromID="Q2" fromText="nothing inside" toID="F0" toText="enchiladas" relationship="explicit" />
<OPINION id="O4" fromID="Q7" fromText="I told him to take it away" toID="A0" toText="it" relationship="implicit" />
<OPINION id="O5" fromID="Q8" fromText="unexceptable" toID="A1" toText="it" relationship="explicit" />
<COREFERENCE id="C0" fromID="A0" fromText="it" toID="F0" toText="enchiladas" />
<COREFERENCE id="C1" fromID="A1" fromText="it" toID="A0" toText="it" />
</TAGS>
</yelp_reviews_1.1>