<?xml version="1.0" encoding="UTF-8" ?>

<yelp_reviews_1.1>
<TEXT><![CDATA[Arrived to no one manning the place. So grabbed menus and sat down. 2 other couples here and 5 filthy dirty food strewn tables. Only sat down due to a buy one get one free entree coupon from a Entertainment book. Must also say up front this is way over priced. 

Wife ordered a Margarita which turned out very nice. My Dr Pepper no ice came out a Coke with ice. 

We wanted the queso dip for $5. In order to get it you must buy the Chips and Salsa for $4 then add on the queso for another $5. So $9 for queso. It has no flavor at all. The salsa taste like hunts tomatoe sauce from a can watered down . So no free chips and salsa first off and you get completely ripped off for the salsa and queso dip. It's true value is $0. Don't eat here.

My wife ordered Caritas Buro and I the Shrimp Fajitas. The Buro has more lettace and what looks like leeks than meat. It was served a bit too cold. My Cajun shrimp fajitas were 0 star. No Cajun seasoning. Tasted like boiled shrimp that were fried. 70% of the veggies were burnt. Got 10 medium shrimp for $20. 3 had tails 1 had the digestive track still in it. So the food is Not seasoned at all and is not prepped properly at all. Eat here at your own risk. We shall never return to such a nasty place.]]></TEXT>
<TAGS>
<FOOD id="F0" spans="278~287" text="Margarita"  />
<FOOD id="F1" spans="319~335" text="Dr Pepper no ice"  />
<FOOD id="F2" spans="432~447" text="Chips and Salsa"  />
<FOOD id="F3" spans="378~387" text="queso dip"  />
<FOOD id="F4" spans="503~508" text="queso"  />
<FOOD id="F5" spans="539~544" text="salsa"  />
<FOOD id="F6" spans="758~770" text="Caritas Buro"  />
<FOOD id="F7" spans="781~795" text="Shrimp Fajitas"  />
<FOOD id="F8" spans="893~913" text="Cajun shrimp fajitas"  />
<FOOD id="F9" spans="930~945" text="Cajun seasoning"  />
<FOOD id="F10" spans="1001~1008" text="veggies"  />
<FOOD id="F11" spans="1035~1041" text="shrimp"  />
<FOOD id="F12" spans="801~805" text="Buro"  />
<ANAPHORA id="A0" spans="797~805" text="The Buro"  />
<ANAPHORA id="A1" spans="510~512" text="It"  />
<ANAPHORA id="A2" spans="702~706" text="It&apos;s"  />
<ANAPHORA id="A3" spans="860~862" text="It"  />
<ANAPHORA id="A4" spans="1051~1052" text="3"  />
<ANAPHORA id="A5" spans="1063~1064" text="1"  />
<ANAPHORA id="A6" spans="1105~1113" text="the food"  />
<QUALITY id="Q0" spans="305~314" text="very nice" type="positive" />
<QUALITY id="Q1" spans="336~360" text="came out a Coke with ice" type="negative" />
<QUALITY id="Q2" spans="517~533" text="no flavor at all" type="negative" />
<QUALITY id="Q3" spans="545~599" text="taste like hunts tomatoe sauce from a can watered down" type="negative" />
<QUALITY id="Q4" spans="707~723" text="true value is $0" type="negative" />
<QUALITY id="Q5" spans="810~858" text="more lettace and what looks like leeks than meat" type="negative" />
<QUALITY id="Q6" spans="874~888" text="a bit too cold" type="negative" />
<QUALITY id="Q7" spans="919~925" text="0 star" type="negative" />
<QUALITY id="Q8" spans="927~945" text="No Cajun seasoning" type="negative" />
<QUALITY id="Q9" spans="947~988" text="Tasted like boiled shrimp that were fried" type="negative" />
<QUALITY id="Q10" spans="1014~1019" text="burnt" type="negative" />
<QUALITY id="Q11" spans="1053~1062" text="had tails" type="negative" />
<QUALITY id="Q12" spans="1065~1100" text="had the digestive track still in it" type="negative" />
<QUALITY id="Q13" spans="1117~1129" text="Not seasoned" type="negative" />
<QUALITY id="Q14" spans="1144~1164" text="not prepped properly" type="negative" />
<QUALITY id="Q15" spans="1028~1034" text="medium" type="neutral" />
<PART_OF id="P0" fromID="F4" fromText="queso" toID="F2" toText="Chips and Salsa" />
<PART_OF id="P1" fromID="F5" fromText="salsa" toID="F2" toText="Chips and Salsa" />
<PART_OF id="P2" fromID="F9" fromText="Cajun seasoning" toID="F8" toText="Cajun shrimp fajitas" />
<PART_OF id="P3" fromID="F10" fromText="veggies" toID="F8" toText="Cajun shrimp fajitas" />
<PART_OF id="P4" fromID="F11" fromText="shrimp" toID="F8" toText="Cajun shrimp fajitas" />
<OPINION id="O0" fromID="Q15" fromText="medium" toID="F11" toText="shrimp" relationship="explicit" />
<OPINION id="O3" fromID="Q11" fromText="had tails" toID="A4" toText="3" relationship="explicit" />
<OPINION id="O4" fromID="Q12" fromText="had the digestive track still in it" toID="A5" toText="1" relationship="explicit" />
<OPINION id="O5" fromID="Q9" fromText="Tasted like boiled shrimp that were fried" toID="F8" toText="Cajun shrimp fajitas" relationship="explicit" />
<OPINION id="O6" fromID="Q8" fromText="No Cajun seasoning" toID="F8" toText="Cajun shrimp fajitas" relationship="explicit" />
<OPINION id="O7" fromID="Q8" fromText="No Cajun seasoning" toID="F9" toText="Cajun seasoning" relationship="explicit" />
<OPINION id="O8" fromID="Q7" fromText="0 star" toID="F8" toText="Cajun shrimp fajitas" relationship="explicit" />
<OPINION id="O9" fromID="Q6" fromText="a bit too cold" toID="A3" toText="It" relationship="explicit" />
<OPINION id="O10" fromID="Q5" fromText="more lettace and what looks like leeks than meat" toID="F12" toText="Buro" relationship="explicit" />
<OPINION id="O11" fromID="Q5" fromText="more lettace and what looks like leeks than meat" toID="F12" toText="Buro" relationship="explicit" />
<OPINION id="O12" fromID="Q3" fromText="taste like hunts tomatoe sauce from a can watered down" toID="F5" toText="salsa" relationship="implicit" />
<OPINION id="O13" fromID="Q2" fromText="no flavor at all" toID="A1" toText="It" relationship="explicit" />
<OPINION id="O14" fromID="Q0" fromText="very nice" toID="F0" toText="Margarita" relationship="explicit" />
<OPINION id="O15" fromID="Q10" fromText="burnt" toID="F10" toText="veggies" relationship="explicit" />
<OPINION id="O16" fromID="Q14" fromText="not prepped properly" toID="A6" toText="the food" relationship="explicit" />
<OPINION id="O17" fromID="Q13" fromText="Not seasoned" toID="A6" toText="the food" relationship="explicit" />
<COREFERENCE id="C0" fromID="A6" fromText="the food" toID="F8" toText="Cajun shrimp fajitas" />
<COREFERENCE id="C1" fromID="A4" fromText="3" toID="F11" toText="shrimp" />
<COREFERENCE id="C2" fromID="A5" fromText="1" toID="F11" toText="shrimp" />
<COREFERENCE id="C3" fromID="A0" fromText="The Buro" toID="F6" toText="Caritas Buro" />
<COREFERENCE id="C4" fromID="A2" fromText="It&apos;s" toID="F2" toText="Chips and Salsa" />
<COREFERENCE id="C5" fromID="A1" fromText="It" toID="F4" toText="queso" />
<COREFERENCE id="C6" fromID="A3" fromText="It" toID="F12" toText="Buro" />
<COREFERENCE id="C7" fromID="F8" fromText="Cajun shrimp fajitas" toID="F7" toText="Shrimp Fajitas" />
</TAGS>
</yelp_reviews_1.1>