<?xml version="1.0" encoding="UTF-8" ?>

<yelp_reviews_1.1>
<TEXT><![CDATA[Bad, bad, bad. 

My mom was in the mood for Mexican food while we were visiting Westgate for the Sidewalk Chalk Festival, so we decided to try it out. 

Worst food I've had. Period. I had the carne asada tacos. The meat was chewy and grisly, the beans and rice were lukewarm and the rice wasn't fully cooked. My mom had the chicken burrito. It was dry and very bare. It was filled with tons of lettuce and all tortilla. This food was just awful. 

Our waitress was ok. As we were leaving a guy approached and said we shorted the waitress $10, which we totally did by accident. He was very polite about it and we even tipped a little extra for the mistake. Oops.]]></TEXT>
<TAGS>
<FOOD id="F0" spans="192~209" text="carne asada tacos"  />
<FOOD id="F1" spans="215~219" text="meat"  />
<FOOD id="F2" spans="246~251" text="beans"  />
<FOOD id="F3" spans="256~260" text="rice"  />
<FOOD id="F4" spans="283~287" text="rice"  />
<FOOD id="F5" spans="324~339" text="chicken burrito"  />
<FOOD id="F6" spans="394~401" text="lettuce"  />
<FOOD id="F7" spans="410~418" text="tortilla"  />
<ANAPHORA id="A0" spans="341~343" text="It"  />
<ANAPHORA id="A1" spans="367~369" text="It"  />
<ANAPHORA id="A2" spans="420~429" text="This food"  />
<QUALITY id="Q0" spans="266~274" text="lukewarm" type="negative" />
<QUALITY id="Q1" spans="288~307" text="wasn&apos;t fully cooked" type="negative" />
<QUALITY id="Q2" spans="224~229" text="chewy" type="negative" />
<QUALITY id="Q3" spans="234~240" text="grisly" type="negative" />
<QUALITY id="Q4" spans="356~365" text="very bare" type="negative" />
<QUALITY id="Q5" spans="348~351" text="dry" type="negative" />
<QUALITY id="Q6" spans="374~418" text="filled with tons of lettuce and all tortilla" type="negative" />
<QUALITY id="Q7" spans="439~444" text="awful" type="negative" />
<PART_OF id="P0" fromID="F1" fromText="meat" toID="F0" toText="carne asada tacos" />
<PART_OF id="P1" fromID="F2" fromText="beans" toID="F0" toText="carne asada tacos" />
<PART_OF id="P2" fromID="F3" fromText="rice" toID="F0" toText="carne asada tacos" />
<PART_OF id="P3" fromID="F6" fromText="lettuce" toID="A1" toText="It" />
<PART_OF id="P4" fromID="F7" fromText="tortilla" toID="A1" toText="It" />
<OPINION id="O0" fromID="Q3" fromText="grisly" toID="F1" toText="meat" relationship="explicit" />
<OPINION id="O1" fromID="Q2" fromText="chewy" toID="F1" toText="meat" relationship="explicit" />
<OPINION id="O2" fromID="Q0" fromText="lukewarm" toID="F2" toText="beans" relationship="explicit" />
<OPINION id="O3" fromID="Q1" fromText="wasn&apos;t fully cooked" toID="F4" toText="rice" relationship="explicit" />
<OPINION id="O4" fromID="Q5" fromText="dry" toID="A0" toText="It" relationship="explicit" />
<OPINION id="O5" fromID="Q4" fromText="very bare" toID="A0" toText="It" relationship="explicit" />
<OPINION id="O6" fromID="Q0" fromText="lukewarm" toID="F3" toText="rice" relationship="explicit" />
<OPINION id="O7" fromID="Q6" fromText="filled with tons of lettuce and all tortilla" toID="A1" toText="It" relationship="implicit" />
<OPINION id="O8" fromID="Q7" fromText="awful" toID="A2" toText="This food" relationship="explicit" />
<COREFERENCE id="C0" fromID="A1" fromText="It" toID="F5" toText="chicken burrito" />
<COREFERENCE id="C1" fromID="A0" fromText="It" toID="F5" toText="chicken burrito" />
<COREFERENCE id="C2" fromID="F4" fromText="rice" toID="F3" toText="rice" />
<COREFERENCE id="C3" fromID="A2" fromText="This food" toID="A1" toText="It" />
</TAGS>
</yelp_reviews_1.1>