<?xml version="1.0" encoding="UTF-8" ?>

<yelp_reviews_1.1>
<TEXT><![CDATA[Don't bother!  Stopped here before hockey game and ordered the salsa, chips and guacamole.  Was just ok.  Then made the mistake of ordering the mahi mahi tacos. Fish was very fishy tasting and not lot of other flavor.  Rice was terrible and the beans tasted like they came out of a can.  Not good at all !  Would not recommend !  Would give it zero stars if I could.]]></TEXT>
<TAGS>
<FOOD id="F0" spans="144~159" text="mahi mahi tacos"  />
<FOOD id="F1" spans="63~68" text="salsa"  />
<FOOD id="F2" spans="70~75" text="chips"  />
<FOOD id="F3" spans="80~89" text="guacamole"  />
<FOOD id="F4" spans="161~165" text="Fish"  />
<FOOD id="F5" spans="219~223" text="Rice"  />
<FOOD id="F6" spans="245~250" text="beans"  />
<QUALITY id="Q0" spans="96~103" text="just ok" type="neutral" />
<QUALITY id="Q1" spans="120~139" text="mistake of ordering" type="negative" />
<QUALITY id="Q2" spans="170~188" text="very fishy tasting" type="negative" />
<QUALITY id="Q3" spans="193~216" text="not lot of other flavor" type="negative" />
<QUALITY id="Q4" spans="228~236" text="terrible" type="negative" />
<QUALITY id="Q5" spans="251~285" text="tasted like they came out of a can" type="negative" />
<PART_OF id="P0" fromID="F4" fromText="Fish" toID="F0" toText="mahi mahi tacos" />
<PART_OF id="P1" fromID="F5" fromText="Rice" toID="F0" toText="mahi mahi tacos" />
<PART_OF id="P2" fromID="F6" fromText="beans" toID="F0" toText="mahi mahi tacos" />
<OPINION id="O0" fromID="Q0" fromText="just ok" toID="F1" toText="salsa" relationship="explicit" />
<OPINION id="O1" fromID="Q0" fromText="just ok" toID="F2" toText="chips" relationship="explicit" />
<OPINION id="O2" fromID="Q0" fromText="just ok" toID="F3" toText="guacamole" relationship="explicit" />
<OPINION id="O3" fromID="Q2" fromText="very fishy tasting" toID="F4" toText="Fish" relationship="explicit" />
<OPINION id="O4" fromID="Q3" fromText="not lot of other flavor" toID="F4" toText="Fish" relationship="explicit" />
<OPINION id="O5" fromID="Q4" fromText="terrible" toID="F5" toText="Rice" relationship="explicit" />
<OPINION id="O6" fromID="Q5" fromText="tasted like they came out of a can" toID="F6" toText="beans" relationship="explicit" />
</TAGS>
</yelp_reviews_1.1>