<?xml version="1.0" encoding="UTF-8" ?>

<yelp_reviews_1.1>
<TEXT><![CDATA[Prior to the Sharks/Coyotes game, my friends and I decided to hang out here for drinks and food.  We set up shop at the outside bar. 

I decided a margarita sounded good. The margaritas was average at best. The flavor just wasn't there and tasted too much like a mix. I then went to beer.

We ordered wings and taquitos. This food was pretty good.  Watch out for the habanero wings.

Two friends and I then decided to order nachos with chicken. That was a MISTAKE!  The nachos weren't very good, had about 2 wings worth of chicken if that and had very little cheese, beans etc. I can't believe I wasted $11 on that. Some of the worst nachos I've ever had. Steer clear of that item.

The bartender was friendly and was very attentive to our needs.

Decent place, but maybe some of the other locations at Westgate are better?]]></TEXT>
<TAGS>
<FOOD id="F0" spans="175~185" text="margaritas"  />
<FOOD id="F1" spans="301~306" text="wings"  />
<FOOD id="F2" spans="311~319" text="taquitos"  />
<FOOD id="F3" spans="367~381" text="habanero wings"  />
<FOOD id="F4" spans="424~443" text="nachos with chicken"  />
<FOOD id="F5" spans="523~530" text="chicken"  />
<FOOD id="F6" spans="470~476" text="nachos"  />
<FOOD id="F7" spans="567~572" text="beans"  />
<FOOD id="F8" spans="559~565" text="cheese"  />
<FOOD id="F9" spans="634~640" text="nachos"  />
<ANAPHORA id="A0" spans="321~330" text="This food"  />
<ANAPHORA id="A1" spans="610~614" text="that"  />
<ANAPHORA id="A2" spans="671~680" text="that item"  />
<QUALITY id="Q0" spans="190~205" text="average at best" type="negative" />
<QUALITY id="Q1" spans="207~235" text="The flavor just wasn&apos;t there" type="negative" />
<QUALITY id="Q2" spans="240~266" text="tasted too much like a mix" type="negative" />
<QUALITY id="Q3" spans="335~346" text="pretty good" type="positive" />
<QUALITY id="Q4" spans="349~358" text="Watch out" type="neutral" />
<QUALITY id="Q5" spans="445~463" text="That was a MISTAKE" type="negative" />
<QUALITY id="Q6" spans="477~494" text="weren&apos;t very good" type="negative" />
<QUALITY id="Q7" spans="496~530" text="had about 2 wings worth of chicken" type="negative" />
<QUALITY id="Q8" spans="543~576" text="had very little cheese, beans etc" type="negative" />
<QUALITY id="Q9" spans="616~654" text="Some of the worst nachos I&apos;ve ever had" type="negative" />
<QUALITY id="Q10" spans="656~667" text="Steer clear" type="negative" />
<QUALITY id="Q11" spans="578~609" text="I can&apos;t believe I wasted $11 on" type="negative" />
<PART_OF id="P0" fromID="F6" fromText="nachos" toID="F4" toText="nachos with chicken" />
<PART_OF id="P1" fromID="F5" fromText="chicken" toID="F4" toText="nachos with chicken" />
<PART_OF id="P2" fromID="F8" fromText="cheese" toID="F6" toText="nachos" />
<PART_OF id="P3" fromID="F7" fromText="beans" toID="F6" toText="nachos" />
<OPINION id="O0" fromID="Q0" fromText="average at best" toID="F0" toText="margaritas" relationship="explicit" />
<OPINION id="O1" fromID="Q1" fromText="The flavor just wasn&apos;t there" toID="F0" toText="margaritas" relationship="explicit" />
<OPINION id="O2" fromID="Q2" fromText="tasted too much like a mix" toID="F0" toText="margaritas" relationship="explicit" />
<OPINION id="O3" fromID="Q3" fromText="pretty good" toID="A0" toText="This food" relationship="explicit" />
<OPINION id="O4" fromID="Q4" fromText="Watch out" toID="F3" toText="habanero wings" relationship="implicit" />
<OPINION id="O5" fromID="Q5" fromText="That was a MISTAKE" toID="F4" toText="nachos with chicken" relationship="implicit" />
<OPINION id="O6" fromID="Q6" fromText="weren&apos;t very good" toID="F6" toText="nachos" relationship="explicit" />
<OPINION id="O7" fromID="Q7" fromText="had about 2 wings worth of chicken" toID="F6" toText="nachos" relationship="explicit" />
<OPINION id="O8" fromID="Q8" fromText="had very little cheese, beans etc" toID="F6" toText="nachos" relationship="explicit" />
<OPINION id="O9" fromID="Q8" fromText="had very little cheese, beans etc" toID="F7" toText="beans" relationship="explicit" />
<OPINION id="O10" fromID="Q11" fromText="I can&apos;t believe I wasted $11 on" toID="A1" toText="that" relationship="implicit" />
<OPINION id="O11" fromID="Q9" fromText="Some of the worst nachos I&apos;ve ever had" toID="A1" toText="that" relationship="implicit" />
<OPINION id="O12" fromID="Q10" fromText="Steer clear" toID="A2" toText="that item" relationship="implicit" />
<COREFERENCE id="C0" fromID="A1" fromText="that" toID="F4" toText="nachos with chicken" />
<COREFERENCE id="C1" fromID="A0" fromText="This food" toID="F1" toText="wings" />
<COREFERENCE id="C2" fromID="A0" fromText="This food" toID="F2" toText="taquitos" />
<COREFERENCE id="C3" fromID="F3" fromText="habanero wings" toID="F1" toText="wings" />
<COREFERENCE id="C4" fromID="F6" fromText="nachos" toID="F4" toText="nachos with chicken" />
<COREFERENCE id="C5" fromID="A2" fromText="that item" toID="F6" toText="nachos" />
</TAGS>
</yelp_reviews_1.1>