<?xml version="1.0" encoding="UTF-8" ?>

<yelp_reviews_1.1>
<TEXT><![CDATA[The worst Mexifan food I've ever had.  Same for the Margarita, not even drinkable.  Had to add salt and pepper to get any flavor at all, even for the guac.  Preparations are bizarre, broccoli involved in many of the meals.]]></TEXT>
<TAGS>
<FOOD id="F0" spans="52~61" text="Margarita"  />
<FOOD id="F1" spans="150~154" text="guac"  />
<QUALITY id="Q0" spans="63~81" text="not even drinkable" type="negative" />
<QUALITY id="Q1" spans="84~135" text="Had to add salt and pepper to get any flavor at all" type="negative" />
<OPINION id="O0" fromID="Q0" fromText="not even drinkable" toID="F0" toText="Margarita" relationship="explicit" />
<OPINION id="O1" fromID="Q1" fromText="Had to add salt and pepper to get any flavor at all" toID="F1" toText="guac" relationship="explicit" />
</TAGS>
</yelp_reviews_1.1>