<?xml version="1.0" encoding="UTF-8" ?>

<yelp_reviews_1.1>
<TEXT><![CDATA[Went here before the Sam Smith concert at the stadium. Server was nice holy crap the food was terrible. I ordered a burrito and my friend ordered a salad, and they both came out uncomfortably fast. The chicken in my burrito tasted like it was marinated in soy sauce. Wtf. This is a Mexican restaurant. Use chili powder or something.

This is easily the worst Mexican food I've had in Arizona.

Don't waste your time or money here.]]></TEXT>
<TAGS>
<FOOD id="F0" spans="202~209" text="chicken"  />
<FOOD id="F1" spans="216~223" text="burrito"  />
<QUALITY id="Q0" spans="224~265" text="tasted like it was marinated in soy sauce" type="negative" />
<PART_OF id="P0" fromID="F0" fromText="chicken" toID="F1" toText="burrito" />
<OPINION id="O0" fromID="Q0" fromText="tasted like it was marinated in soy sauce" toID="F0" toText="chicken" relationship="explicit" />
</TAGS>
</yelp_reviews_1.1>