<?xml version="1.0" encoding="UTF-8" ?>

<yelp_reviews_1.1>
<TEXT><![CDATA[Bad service bad food didn't have their two signature drinks on a NFL Sunday before the game. Not a good place to go before the game and can't be a good place to go after. The nachos were a mess and ravioli were still frozen in the middle.]]></TEXT>
<TAGS>
<FOOD id="F0" spans="175~181" text="nachos"  />
<FOOD id="F1" spans="198~205" text="ravioli"  />
<QUALITY id="Q0" spans="187~193" text="a mess" type="negative" />
<QUALITY id="Q1" spans="211~237" text="still frozen in the middle" type="negative" />
<OPINION id="O0" fromID="Q1" fromText="still frozen in the middle" toID="F1" toText="ravioli" relationship="explicit" />
<OPINION id="O1" fromID="Q0" fromText="a mess" toID="F0" toText="nachos" relationship="explicit" />
</TAGS>
</yelp_reviews_1.1>