<?xml version="1.0" encoding="UTF-8" ?>

<yelp_reviews_1.1>
<TEXT><![CDATA[You know you're in trouble when you walk into a Mexican restaurant and there's ketchup on the table rather than hot sauce.  We went for some food at this lame ass joint (my gf had a gift certificate) and the place was totally empty during the lunch hour, but I admired the large screen tvs and access to nonstop ESPN in hi-def if you like that sort of thing.  But then it all went downhill.  The seats were uncomfortable.  The staff seemed confused by everything.  The food was abysmal.  If we could give less than one star, we would!

Let me describe in more detail: literally every bite of food was sub-par, and we ordered four courses.  The fancy quesadilla was literally a big basic tortilla with pre-shredded American cheese.  I could have done better at home easily.  The "burro" had some major problems--chewy meat, crispy tortilla in the wrong way (dry), and beans that will immediately send you into salt overload.  The flautas were so greasy and unappetizing that we just said no.  I've never seen her send food back in my life.  Dessert was lame.

Avoid this place at ALL cost. . Seriously Taco Bell will do you better.  Go to a real Mexican joint and boycott this monstrosity of "Mexican" food.]]></TEXT>
<TAGS>
<FOOD id="F0" spans="650~660" text="quesadilla"  />
<FOOD id="F1" spans="687~695" text="tortilla"  />
<FOOD id="F2" spans="714~729" text="American cheese"  />
<FOOD id="F3" spans="779~784" text="burro"  />
<FOOD id="F4" spans="830~838" text="tortilla"  />
<FOOD id="F5" spans="867~872" text="beans"  />
<FOOD id="F6" spans="929~936" text="flautas"  />
<FOOD id="F7" spans="817~821" text="meat"  />
<QUALITY id="Q0" spans="779~784" text="burro" type="negative" />
<QUALITY id="Q1" spans="665~729" text="literally a big basic tortilla with pre-shredded American cheese" type="negative" />
<QUALITY id="Q2" spans="732~771" text="I could have done better at home easily" type="negative" />
<QUALITY id="Q3" spans="786~809" text="had some major problems" type="negative" />
<QUALITY id="Q4" spans="811~816" text="chewy" type="negative" />
<QUALITY id="Q5" spans="823~829" text="crispy" type="negative" />
<QUALITY id="Q6" spans="839~855" text="in the wrong way" type="negative" />
<QUALITY id="Q7" spans="857~860" text="dry" type="negative" />
<QUALITY id="Q8" spans="878~922" text="will immediately send you into salt overload" type="negative" />
<QUALITY id="Q9" spans="945~951" text="greasy" type="negative" />
<QUALITY id="Q10" spans="956~968" text="unappetizing" type="negative" />
<QUALITY id="Q11" spans="974~989" text="we just said no" type="negative" />
<PART_OF id="P0" fromID="F2" fromText="American cheese" toID="F0" toText="quesadilla" />
<PART_OF id="P1" fromID="F1" fromText="tortilla" toID="F0" toText="quesadilla" />
<PART_OF id="P2" fromID="F7" fromText="meat" toID="F3" toText="burro" />
<PART_OF id="P3" fromID="F4" fromText="tortilla" toID="F3" toText="burro" />
<PART_OF id="P4" fromID="F5" fromText="beans" toID="F3" toText="burro" />
<OPINION id="O0" fromID="Q1" fromText="literally a big basic tortilla with pre-shredded American cheese" toID="F0" toText="quesadilla" relationship="explicit" />
<OPINION id="O1" fromID="Q2" fromText="I could have done better at home easily" toID="F0" toText="quesadilla" relationship="implicit" />
<OPINION id="O2" fromID="Q0" fromText="burro" toID="F3" toText="burro" relationship="implicit" />
<OPINION id="O3" fromID="Q3" fromText="had some major problems" toID="F3" toText="burro" relationship="explicit" />
<OPINION id="O4" fromID="Q4" fromText="chewy" toID="F7" toText="meat" relationship="explicit" />
<OPINION id="O5" fromID="Q5" fromText="crispy" toID="F4" toText="tortilla" relationship="explicit" />
<OPINION id="O6" fromID="Q7" fromText="dry" toID="F4" toText="tortilla" relationship="explicit" />
<OPINION id="O7" fromID="Q8" fromText="will immediately send you into salt overload" toID="F5" toText="beans" relationship="explicit" />
<OPINION id="O8" fromID="Q9" fromText="greasy" toID="F6" toText="flautas" relationship="explicit" />
<OPINION id="O9" fromID="Q10" fromText="unappetizing" toID="F6" toText="flautas" relationship="explicit" />
<OPINION id="O10" fromID="Q11" fromText="we just said no" toID="F6" toText="flautas" relationship="implicit" />
</TAGS>
</yelp_reviews_1.1>