<?xml version="1.0" encoding="UTF-8" ?>

<yelp_reviews_1.1>
<TEXT><![CDATA[Just went in after working a long event in Westgate to grab an appetizer for the long drive home. I got the Mini Chimis and OMG they were amazing, by far the best I've had. If that is any indication of the rest of their menu then I will definitely be back.]]></TEXT>
<TAGS>
<FOOD id="F0" spans="108~119" text="Mini Chimis"  />
<ANAPHORA id="A0" spans="128~132" text="they"  />
<QUALITY id="Q0" spans="138~145" text="amazing" type="positive" />
<QUALITY id="Q1" spans="147~171" text="by far the best I&apos;ve had" type="positive" />
<OPINION id="O0" fromID="Q0" fromText="amazing" toID="F0" toText="Mini Chimis" relationship="explicit" />
<OPINION id="O1" fromID="Q0" fromText="amazing" toID="A0" toText="they" relationship="implicit" />
<OPINION id="O2" fromID="Q1" fromText="by far the best I&apos;ve had" toID="A0" toText="they" relationship="implicit" />
<COREFERENCE id="C0" fromID="A0" fromText="they" toID="F0" toText="Mini Chimis" />
</TAGS>
</yelp_reviews_1.1>