<?xml version="1.0" encoding="UTF-8" ?>

<yelp_reviews_1.1>
<TEXT><![CDATA[Why please with all the amazing Baja style street taco amazing places would this place be here still!!!! This is not Mexican food it's crap on a plate , water salsa, old soggy chips. I want to go back and help the chef in the back if you can't make salsa ..PLEASE don't open a Mexican restaurant. ..this place will close! Super bowel around corner get your shit together!]]></TEXT>
<TAGS>
<FOOD id="F0" spans="159~164" text="salsa"  />
<FOOD id="F1" spans="176~181" text="chips"  />
<FOOD id="F2" spans="249~254" text="salsa"  />
<QUALITY id="Q0" spans="153~158" text="water" type="negative" />
<QUALITY id="Q1" spans="166~169" text="old" type="negative" />
<QUALITY id="Q2" spans="170~175" text="soggy" type="negative" />
<QUALITY id="Q3" spans="183~248" text="I want to go back and help the chef in the back if you can&apos;t make" type="negative" />
<OPINION id="O0" fromID="Q0" fromText="water" toID="F0" toText="salsa" relationship="explicit" />
<OPINION id="O1" fromID="Q1" fromText="old" toID="F1" toText="chips" relationship="explicit" />
<OPINION id="O2" fromID="Q2" fromText="soggy" toID="F1" toText="chips" relationship="explicit" />
<OPINION id="O3" fromID="Q3" fromText="I want to go back and help the chef in the back if you can&apos;t make" toID="F2" toText="salsa" relationship="implicit" />
<OPINION id="O4" fromID="Q3" fromText="I want to go back and help the chef in the back if you can&apos;t make" toID="F2" toText="salsa" relationship="implicit" />
<OPINION id="O5" fromID="Q3" fromText="I want to go back and help the chef in the back if you can&apos;t make" toID="F2" toText="salsa" relationship="implicit" />
<COREFERENCE id="C0" fromID="F2" fromText="salsa" toID="F0" toText="salsa" />
</TAGS>
</yelp_reviews_1.1>