<?xml version="1.0" encoding="UTF-8" ?>

<yelp_reviews_1.1>
<TEXT><![CDATA[Service, meh. 

Not very busy and yet couldn't get a refill. We got our chips and salsa about 2 minutes before our food. Lots of staff but none seemed to be doing anything. 

Food, meh. 

Salsa was alright. the chips were the bottom of the bag, broken into little pieces. The wife barely touched her carne asada tacos and my carnitas tacos were basically cilantro flavored. My daughter did enjoy the bacon cheesy fries. 

Price, horrible.

Portion sizes were small for the price. I guess I'm used to more bang for my buck. 

Family ambiance, poor. 

It really isn't great for kids. No separate kid menu. If you have picky kids this isn't the place to be. 

There's better Mexican places nearby. A lot of them. If you plan on tequila shots this might be the place to be but if you want a nice meal, I'd suggest passing it by.]]></TEXT>
<TAGS>
<FOOD id="F0" spans="188~193" text="Salsa"  />
<FOOD id="F1" spans="211~216" text="chips"  />
<FOOD id="F2" spans="325~339" text="carnitas tacos"  />
<FOOD id="F3" spans="300~317" text="carne asada tacos"  />
<FOOD id="F4" spans="400~418" text="bacon cheesy fries"  />
<QUALITY id="Q0" spans="198~205" text="alright" type="neutral" />
<QUALITY id="Q1" spans="225~271" text=" bottom of the bag, broken into little pieces." type="negative" />
<QUALITY id="Q2" spans="272~295" text="The wife barely touched" type="negative" />
<QUALITY id="Q3" spans="345~372" text="basically cilantro flavored" type="neutral" />
<QUALITY id="Q4" spans="374~395" text="My daughter did enjoy" type="positive" />
<OPINION id="O0" fromID="Q0" fromText="alright" toID="F0" toText="Salsa" relationship="explicit" />
<OPINION id="O1" fromID="Q1" fromText=" bottom of the bag, broken into little pieces." toID="F1" toText="chips" relationship="implicit" />
<OPINION id="O2" fromID="Q2" fromText="The wife barely touched" toID="F3" toText="carne asada tacos" relationship="implicit" />
<OPINION id="O3" fromID="Q3" fromText="basically cilantro flavored" toID="F2" toText="carnitas tacos" relationship="explicit" />
<OPINION id="O4" fromID="Q4" fromText="My daughter did enjoy" toID="F4" toText="bacon cheesy fries" relationship="implicit" />
</TAGS>
</yelp_reviews_1.1>