<?xml version="1.0" encoding="UTF-8" ?>

<yelp_reviews_1.1>
<TEXT><![CDATA[Holy moly this place is awful.  No drink menu and subpar food. They nearly killed my friend, she had to eat an entire tube of Tums to restore balance after a Marg and Chimichangas.]]></TEXT>
<TAGS>
<FOOD id="F0" spans="158~162" text="Marg"  />
<FOOD id="F1" spans="167~179" text="Chimichangas"  />
<QUALITY id="Q0" spans="68~91" text="nearly killed my friend" type="negative" />
<QUALITY id="Q1" spans="93~149" text="she had to eat an entire tube of Tums to restore balance" type="negative" />
<OPINION id="O0" fromID="Q0" fromText="nearly killed my friend" toID="F0" toText="Marg" relationship="implicit" />
<OPINION id="O1" fromID="Q0" fromText="nearly killed my friend" toID="F1" toText="Chimichangas" relationship="implicit" />
<OPINION id="O2" fromID="Q1" fromText="she had to eat an entire tube of Tums to restore balance" toID="F0" toText="Marg" relationship="implicit" />
<OPINION id="O3" fromID="Q1" fromText="she had to eat an entire tube of Tums to restore balance" toID="F1" toText="Chimichangas" relationship="implicit" />
</TAGS>
</yelp_reviews_1.1>