<?xml version="1.0" encoding="UTF-8" ?>

<yelp_reviews_1.1>
<TEXT><![CDATA[I'm a little biased but generally have had a good time at this place. I liked the food. Good wings but they have changed them somewhat an I liked them better before. Staff is very friendly. Fun atmosphere!! Five it a chance people!! The angry reviews are just that angry.]]></TEXT>
<TAGS>
<FOOD id="F0" spans="93~98" text="wings"  />
<ANAPHORA id="A0" spans="121~125" text="them"  />
<ANAPHORA id="A1" spans="146~150" text="them"  />
<QUALITY id="Q0" spans="88~92" text="Good" type="positive" />
<QUALITY id="Q1" spans="103~134" text="they have changed them somewhat" type="neutral" />
<QUALITY id="Q2" spans="138~164" text="I liked them better before" type="negative" />
<OPINION id="O0" fromID="Q0" fromText="Good" toID="F0" toText="wings" relationship="explicit" />
<OPINION id="O1" fromID="Q1" fromText="they have changed them somewhat" toID="A0" toText="them" relationship="implicit" />
<OPINION id="O2" fromID="Q2" fromText="I liked them better before" toID="A1" toText="them" relationship="implicit" />
<COREFERENCE id="C0" fromID="A0" fromText="them" toID="F0" toText="wings" />
<COREFERENCE id="C1" fromID="A1" fromText="them" toID="A0" toText="them" />
</TAGS>
</yelp_reviews_1.1>