<?xml version="1.0" encoding="UTF-8" ?>

<yelp_reviews_1.1>
<TEXT><![CDATA[Only one in the restaurant at 5:40 pm. Maybe 6 people total by the time I left at 6:30 including one loner guy at the bar smoking an e-cig as if he was cool somehow. Took 30 minutes to get a burrito and a kids bean and cheese burrito. Kids burrito was inedible because it was too spicy. My burrito came with just beans and no rice because "they didn't make any rice today and didn't tell me". Didn't double up the beans to make up for it, just left an empty spot on the plate where the rice should have gone. Took 25 minutes to replace kids burrito with chicken nuggets. Only one waiter and apparently a worthless cook. Never going back!  I expect the place to close down soon. Barely hanging on because of arena guests I'm sure.]]></TEXT>
<TAGS>
<FOOD id="F0" spans="205~233" text="kids bean and cheese burrito"  />
<FOOD id="F1" spans="235~247" text="Kids burrito"  />
<FOOD id="F2" spans="290~297" text="burrito"  />
<FOOD id="F3" spans="313~318" text="beans"  />
<ANAPHORA id="A0" spans="269~271" text="it"  />
<QUALITY id="Q0" spans="308~330" text="just beans and no rice" type="negative" />
<QUALITY id="Q1" spans="252~260" text="inedible" type="negative" />
<QUALITY id="Q2" spans="276~285" text="too spicy" type="negative" />
<QUALITY id="Q3" spans="298~330" text="came with just beans and no rice" type="negative" />
<PART_OF id="P0" fromID="F3" fromText="beans" toID="F2" toText="burrito" />
<OPINION id="O0" fromID="Q3" fromText="came with just beans and no rice" toID="F2" toText="burrito" relationship="explicit" />
<OPINION id="O1" fromID="Q2" fromText="too spicy" toID="A0" toText="it" relationship="explicit" />
<OPINION id="O2" fromID="Q1" fromText="inedible" toID="F1" toText="Kids burrito" relationship="explicit" />
<COREFERENCE id="C0" fromID="A0" fromText="it" toID="F1" toText="Kids burrito" />
<COREFERENCE id="C1" fromID="F1" fromText="Kids burrito" toID="F0" toText="kids bean and cheese burrito" />
</TAGS>
</yelp_reviews_1.1>