<?xml version="1.0" encoding="UTF-8" ?>

<yelp_reviews_1.1>
<TEXT><![CDATA[I usually see the bright side of any situation, but for my experience here a 2-star review is generous and it is mostly because of the food. I came here on 08/24 at around 4:30 pm. We came specifically to this restaurant for two reasons, we had a gift certificate/coupon, and we were attending the Cardinals game at 7 pm. We intended to sit, relax, pace our eats, and drink until the game. At the time we were seated, there wasn't any wait, and there were only two tables full in the area we were sat. We looked online before we came and they had a lot of good looking choices. We we were seated, we were given a one page (front/back) Special Event menu. On this special menu, there wasn't that many options, but we thought whatever and we were hungry. Our thoughts were if the menu is smaller everything should be done correctly, wrong so wrong.  For appetizers we ordered Chips & Salsa, guacamole, and jalapeno poppers.
Chips- Wouldn't call them chips. More like tostadas broken in half and sometimes thirds.
Salsa- Not much flavor or spice and lacked salt
Guacamole- tasted like avocados were previously frozen or was in a plastic container. It lacked salt and flavor. To improve it, we used our limes from our beverages, added salt, and the salsa we had at our table. Made it better, but not by much.
Jalapeno poppers- Not what I expected. Was basically cream cheese, bacon, and diced jalapenos molded together and shaped like a jalapeno. Had good flavor and was possibly fried a little too long, but it had bacon in it, so how bad could it be.
For our entrees we ordered the taco salad and the classic taco with refried beans. I did not taste the taco salad, but it was described as OK. I had the Classic taco plate with refried beans. As stated before, everything lacked salt. I can honestly say Taco Bell tacos and pintos & cheese are far more superior then what I ate at Calico Jack's.
Now here is where the disappointment gets a little deeper. We went to pay for our bill and was told that we could NOT use our gift certificate on Special Events. Special Event? It's just a pre-season Cardinal game and being walking distance to the stadium (0.3 miles) should not be deemed a special event. I love the Cardinals, but it's no New Years celebration. Now we had to pay around $75.00 for a below standard meal when we could have gladly paid that and more at the Yard House which was nearby. Being irritated by this, my wife asked to speak to the manager to show us where it stated this on our gift certificate (really couldn't/didn't explain it well), but told us that on game days it's considered a special event, and that the menu it scaled back to items that can be cooked/prepared quickly, and that their corporate office decides when the special events are. So basically they are being lazy and greedy to quickly turn over tables.We said when we came in to the establishment, there wasn't that many people in the restaurant. We also mentioned that the food was not at all that good and he said he couldn't control what came out of the kitchen. 
Is it fair or right for them to claim around 125 events from steps away Jobing .com Arena and over 110 events at University of Phoenix Stadium as special events? Needless to say, I will not be returning to this place even if it were free. If you do, just go for the drinks, because those were very good, well made, and not watered down. Our waitress was very good and pleasant as well as all the other table staff.]]></TEXT>
<TAGS>
<FOOD id="F0" spans="922~927" text="Chips"  />
<FOOD id="F1" spans="948~953" text="chips"  />
<FOOD id="F2" spans="1011~1016" text="Salsa"  />
<FOOD id="F3" spans="1059~1068" text="Guacamole"  />
<FOOD id="F4" spans="1305~1321" text="Jalapeno poppers"  />
<FOOD id="F5" spans="1702~1739" text="Classic taco plate with refried beans"  />
<FOOD id="F6" spans="1652~1662" text="taco salad"  />
<FOOD id="F7" spans="1358~1370" text="cream cheese"  />
<FOOD id="F8" spans="1372~1377" text="bacon"  />
<FOOD id="F9" spans="1383~1398" text="diced jalapenos"  />
<FOOD id="F10" spans="1082~1090" text="avocados"  />
<FOOD id="F11" spans="1512~1517" text="bacon"  />
<ANAPHORA id="A0" spans="1145~1147" text="It"  />
<ANAPHORA id="A1" spans="1505~1507" text="it"  />
<ANAPHORA id="A2" spans="1542~1544" text="it"  />
<ANAPHORA id="A3" spans="1759~1769" text="everything"  />
<ANAPHORA id="A4" spans="1668~1670" text="it"  />
<QUALITY id="Q0" spans="1508~1523" text="had bacon in it" type="positive" />
<QUALITY id="Q1" spans="929~953" text="Wouldn&apos;t call them chips" type="negative" />
<QUALITY id="Q2" spans="955~1009" text="More like tostadas broken in half and sometimes thirds" type="negative" />
<QUALITY id="Q3" spans="1018~1042" text="Not much flavor or spice" type="negative" />
<QUALITY id="Q4" spans="1047~1058" text="lacked salt" type="negative" />
<QUALITY id="Q5" spans="1070~1143" text="tasted like avocados were previously frozen or was in a plastic container" type="negative" />
<QUALITY id="Q6" spans="1148~1170" text="lacked salt and flavor" type="negative" />
<QUALITY id="Q7" spans="1323~1342" text="Not what I expected" type="negative" />
<QUALITY id="Q8" spans="1344~1441" text="Was basically cream cheese, bacon, and diced jalapenos molded together and shaped like a jalapeno" type="neutral" />
<QUALITY id="Q9" spans="1443~1458" text="Had good flavor" type="positive" />
<QUALITY id="Q10" spans="1467~1499" text="possibly fried a little too long" type="negative" />
<QUALITY id="Q11" spans="1508~1523" text="had bacon in it" type="positive" />
<QUALITY id="Q12" spans="1528~1547" text="how bad could it be" type="neutral" />
<QUALITY id="Q13" spans="1670~1690" text=" was described as OK" type="neutral" />
<QUALITY id="Q14" spans="1770~1781" text="lacked salt" type="negative" />
<PART_OF id="P0" fromID="F10" fromText="avocados" toID="F3" toText="Guacamole" />
<PART_OF id="P1" fromID="F7" fromText="cream cheese" toID="F4" toText="Jalapeno poppers" />
<PART_OF id="P2" fromID="F8" fromText="bacon" toID="F4" toText="Jalapeno poppers" />
<PART_OF id="P3" fromID="F9" fromText="diced jalapenos" toID="F4" toText="Jalapeno poppers" />
<PART_OF id="P4" fromID="F11" fromText="bacon" toID="A1" toText="it" />
<OPINION id="O0" fromID="Q1" fromText="Wouldn&apos;t call them chips" toID="F1" toText="chips" relationship="implicit" />
<OPINION id="O1" fromID="Q2" fromText="More like tostadas broken in half and sometimes thirds" toID="F0" toText="Chips" relationship="explicit" />
<OPINION id="O2" fromID="Q3" fromText="Not much flavor or spice" toID="F2" toText="Salsa" relationship="explicit" />
<OPINION id="O3" fromID="Q4" fromText="lacked salt" toID="F2" toText="Salsa" relationship="explicit" />
<OPINION id="O4" fromID="Q5" fromText="tasted like avocados were previously frozen or was in a plastic container" toID="F3" toText="Guacamole" relationship="explicit" />
<OPINION id="O5" fromID="Q6" fromText="lacked salt and flavor" toID="A0" toText="It" relationship="explicit" />
<OPINION id="O6" fromID="Q7" fromText="Not what I expected" toID="F4" toText="Jalapeno poppers" relationship="implicit" />
<OPINION id="O7" fromID="Q8" fromText="Was basically cream cheese, bacon, and diced jalapenos molded together and shaped like a jalapeno" toID="F4" toText="Jalapeno poppers" relationship="implicit" />
<OPINION id="O8" fromID="Q9" fromText="Had good flavor" toID="F4" toText="Jalapeno poppers" relationship="explicit" />
<OPINION id="O9" fromID="Q10" fromText="possibly fried a little too long" toID="F4" toText="Jalapeno poppers" relationship="explicit" />
<OPINION id="O10" fromID="Q11" fromText="had bacon in it" toID="A1" toText="it" relationship="explicit" />
<OPINION id="O11" fromID="Q12" fromText="how bad could it be" toID="A2" toText="it" relationship="implicit" />
<OPINION id="O12" fromID="Q13" fromText=" was described as OK" toID="F6" toText="taco salad" relationship="explicit" />
<OPINION id="O13" fromID="Q13" fromText=" was described as OK" toID="F6" toText="taco salad" relationship="explicit" />
<OPINION id="O14" fromID="Q14" fromText="lacked salt" toID="F5" toText="Classic taco plate with refried beans" relationship="explicit" />
<OPINION id="O15" fromID="Q14" fromText="lacked salt" toID="A3" toText="everything" relationship="explicit" />
<COREFERENCE id="C0" fromID="A3" fromText="everything" toID="F5" toText="Classic taco plate with refried beans" />
<COREFERENCE id="C1" fromID="A2" fromText="it" toID="A1" toText="it" />
<COREFERENCE id="C2" fromID="A4" fromText="it" toID="F6" toText="taco salad" />
<COREFERENCE id="C3" fromID="F11" fromText="bacon" toID="F8" toText="bacon" />
<COREFERENCE id="C4" fromID="A1" fromText="it" toID="F4" toText="Jalapeno poppers" />
<COREFERENCE id="C5" fromID="A0" fromText="It" toID="F3" toText="Guacamole" />
</TAGS>
</yelp_reviews_1.1>