<?xml version="1.0" encoding="UTF-8" ?>

<yelp_reviews_1.1>
<TEXT><![CDATA[This place got very poor reviews but I had a decent experience.  Really a two star place that gets an extra because of the coupon.

The bartender was the only one on staff (Monday at lunch).  She didn't really know how to bar-tend, but was nice.  We had two beers each and an order of their nachos with carne asada, which was better than most.  I prefer cheese sauce (like queso dip) on top of Nachos rather than melted cheese which gets hard and cold pretty much immediately).  Pretty darn spicy too, which is a good thing

The total bill was $36.  Too expensive for the surroundings BUT, restaurant.com has a gift cert.  You buy the cert for like $3 and it is good for $25 off if you spend $35.  Good part is that it includes booze.

SO, our bill was only $11 (still tipped on $36, of course).

I won't be back without a coupon, but with one, this place is A-OK.]]></TEXT>
<TAGS>
<FOOD id="F0" spans="291~314" text="nachos with carne asada"  />
<FOOD id="F1" spans="354~366" text="cheese sauce"  />
<FOOD id="F2" spans="394~400" text="Nachos"  />
<QUALITY id="Q0" spans="326~342" text="better than most" type="positive" />
<QUALITY id="Q1" spans="345~353" text="I prefer" type="positive" />
<QUALITY id="Q2" spans="479~496" text="Pretty darn spicy" type="neutral" />
<QUALITY id="Q3" spans="508~523" text="is a good thing" type="positive" />
<PART_OF id="P0" fromID="F1" fromText="cheese sauce" toID="F0" toText="nachos with carne asada" />
<OPINION id="O0" fromID="Q0" fromText="better than most" toID="F0" toText="nachos with carne asada" relationship="explicit" />
<OPINION id="O1" fromID="Q1" fromText="I prefer" toID="F1" toText="cheese sauce" relationship="implicit" />
<OPINION id="O2" fromID="Q2" fromText="Pretty darn spicy" toID="F0" toText="nachos with carne asada" relationship="explicit" />
<OPINION id="O3" fromID="Q3" fromText="is a good thing" toID="F0" toText="nachos with carne asada" relationship="explicit" />
<COREFERENCE id="C0" fromID="F2" fromText="Nachos" toID="F0" toText="nachos with carne asada" />
</TAGS>
</yelp_reviews_1.1>