<?xml version="1.0" encoding="UTF-8" ?>

<yelp_reviews_1.1>
<TEXT><![CDATA[You get what you get.

Over played music which was ok to listen to 3 years ago, and even then it was annoying. Everybody seems to be trying find meaning in the bottom of the patron bottle, but here it is ill flavored vodka and crass rum. 

Bothersome promoters, the treacherous bosoms of a money tip hungry bartender defines the motion of this ocean. I got nothing against them, but I am not trying to spend many minutes in places of this level. 
Most often, i was looking at the time wishing the time to leave was not now, but back then. I would recommend this place for one reason, the 2 dollar drinks...and with such cheap drink specials you will understand the reason why they have to dangle carrots to their patrons to pull heads in the bar.

cough.... sorry...i just smelled my own smugness. Oh well....
No worries...everybody has to switch it up.

R\_]]></TEXT>
<TAGS>
<FOOD id="F0" spans="217~222" text="vodka"  />
<FOOD id="F1" spans="233~236" text="rum"  />
<QUALITY id="Q0" spans="227~232" text="crass" type="negative" />
<QUALITY id="Q1" spans="204~216" text="ill flavored" type="negative" />
<OPINION id="O0" fromID="Q1" fromText="ill flavored" toID="F0" toText="vodka" relationship="explicit" />
<OPINION id="O1" fromID="Q0" fromText="crass" toID="F1" toText="rum" relationship="explicit" />
</TAGS>
</yelp_reviews_1.1>