<?xml version="1.0" encoding="UTF-8" ?>

<yelp_reviews_1.1>
<TEXT><![CDATA[Worst meal I've had in a very long time.  The restaurant was empty on a Saturday night at 6 pm and I think there's a reason.  We both had the tacos (carnitas and mahi) and they were both served cold.  The mahi itself was a little warm, like it had just been cooked, but the carnitas felt and tasted like it had come out of the fridge.  The tortillas were cold and hard.  Rice and beans were at best room temperature.  Wash this down with $6 beers?

I'm sure this place relies on events at the local arenas for it's business and since there was nothing going on it put forth a half-assed attempt.

Would not return.]]></TEXT>
<TAGS>
<FOOD id="F0" spans="142~147" text="tacos"  />
<FOOD id="F1" spans="149~157" text="carnitas"  />
<FOOD id="F2" spans="162~166" text="mahi"  />
<FOOD id="F3" spans="205~209" text="mahi"  />
<FOOD id="F4" spans="274~282" text="carnitas"  />
<FOOD id="F5" spans="340~349" text="tortillas"  />
<FOOD id="F6" spans="371~375" text="Rice"  />
<FOOD id="F7" spans="380~385" text="beans"  />
<ANAPHORA id="A0" spans="172~176" text="they"  />
<QUALITY id="Q0" spans="221~234" text="a little warm" type="neutral" />
<QUALITY id="Q1" spans="236~264" text="like it had just been cooked" type="neutral" />
<QUALITY id="Q2" spans="283~333" text="felt and tasted like it had come out of the fridge" type="negative" />
<QUALITY id="Q3" spans="187~198" text="served cold" type="negative" />
<QUALITY id="Q4" spans="355~359" text="cold" type="negative" />
<QUALITY id="Q5" spans="364~368" text="hard" type="negative" />
<QUALITY id="Q6" spans="391~415" text="at best room temperature" type="negative" />
<PART_OF id="P0" fromID="F1" fromText="carnitas" toID="F0" toText="tacos" />
<PART_OF id="P1" fromID="F2" fromText="mahi" toID="F0" toText="tacos" />
<PART_OF id="P2" fromID="F5" fromText="tortillas" toID="F0" toText="tacos" />
<PART_OF id="P3" fromID="F6" fromText="Rice" toID="F0" toText="tacos" />
<PART_OF id="P4" fromID="F7" fromText="beans" toID="F0" toText="tacos" />
<PART_OF id="P5" fromID="F3" fromText="mahi" toID="F2" toText="mahi" />
<PART_OF id="P6" fromID="F4" fromText="carnitas" toID="F1" toText="carnitas" />
<OPINION id="O0" fromID="Q3" fromText="served cold" toID="A0" toText="they" relationship="explicit" />
<OPINION id="O1" fromID="Q0" fromText="a little warm" toID="F3" toText="mahi" relationship="explicit" />
<OPINION id="O2" fromID="Q1" fromText="like it had just been cooked" toID="F3" toText="mahi" relationship="implicit" />
<OPINION id="O3" fromID="Q2" fromText="felt and tasted like it had come out of the fridge" toID="F4" toText="carnitas" relationship="explicit" />
<OPINION id="O4" fromID="Q4" fromText="cold" toID="F5" toText="tortillas" relationship="explicit" />
<OPINION id="O5" fromID="Q5" fromText="hard" toID="F5" toText="tortillas" relationship="explicit" />
<OPINION id="O6" fromID="Q6" fromText="at best room temperature" toID="F6" toText="Rice" relationship="explicit" />
<OPINION id="O7" fromID="Q6" fromText="at best room temperature" toID="F7" toText="beans" relationship="explicit" />
<COREFERENCE id="C0" fromID="A0" fromText="they" toID="F0" toText="tacos" />
</TAGS>
</yelp_reviews_1.1>