<?xml version="1.0" encoding="UTF-8" ?>

<yelp_reviews_1.1>
<TEXT><![CDATA[My hubby and I visited Calico Jack's this past Friday night (thankfully we didn't read all the bad review on here first). We took advantage of the Happy Hour drink specials and ordered the $2 margaritas to go with the complimentary chips and salsa.  We also grabbed the $5 appetizer specials and ordered the calamari.  Both were very good, although I prefer my calamari with a marinara sauce (they serve it with a sweet/spicy chili sauce).  For my entree, I ordered the La Torta, and I have to say that I was disappointed with it.  It's basically a grilled chicken sandwich with sliced avocado, but there was no seasoning to it--no salt, pepper, spice or anything. It was very bland.  The beans and rice that came with it were also kind of bland, so I smothered them with salsa.

The service was very prompt and courteous, and our food was delivered to our table promptly.  We really enjoyed the music soundtrack that was playing--a good mix of dance tunes on a great sound system--that was a big plus!  The ambiance was pretty cool, with a lot of leftover features from the former place (Bar Louie's), but now with a Baja vibe.

We would definitely be willing to try this place again, but would not order the same food choices.  My advice to Calico Jack's is to spice up the food and take good care of the customers!]]></TEXT>
<TAGS>
<FOOD id="F0" spans="192~202" text="margaritas"  />
<FOOD id="F1" spans="232~237" text="chips"  />
<FOOD id="F2" spans="242~247" text="salsa"  />
<FOOD id="F3" spans="308~316" text="calamari"  />
<FOOD id="F4" spans="361~369" text="calamari"  />
<FOOD id="F5" spans="414~437" text="sweet/spicy chili sauce"  />
<FOOD id="F6" spans="470~478" text="La Torta"  />
<FOOD id="F7" spans="549~593" text="grilled chicken sandwich with sliced avocado"  />
<FOOD id="F8" spans="689~694" text="beans"  />
<FOOD id="F9" spans="699~703" text="rice"  />
<ANAPHORA id="A0" spans="404~406" text="it"  />
<ANAPHORA id="A1" spans="665~667" text="It"  />
<ANAPHORA id="A2" spans="762~766" text="them"  />
<ANAPHORA id="A3" spans="319~323" text="Both"  />
<ANAPHORA id="A4" spans="527~529" text="it"  />
<ANAPHORA id="A5" spans="625~627" text="it"  />
<ANAPHORA id="A6" spans="719~721" text="it"  />
<ANAPHORA id="A7" spans="283~291" text="specials"  />
<QUALITY id="Q1" spans="329~338" text="very good" type="positive" />
<QUALITY id="Q2" spans="503~529" text="I was disappointed with it" type="negative" />
<QUALITY id="Q3" spans="599~627" text="there was no seasoning to it" type="negative" />
<QUALITY id="Q4" spans="629~663" text="no salt, pepper, spice or anything" type="negative" />
<QUALITY id="Q5" spans="672~682" text="very bland" type="negative" />
<QUALITY id="Q6" spans="732~745" text="kind of bland" type="negative" />
<QUALITY id="Q0" spans="750~761,767~777" text="I smothered ... with salsa" type="negative" />
<PART_OF id="P0" fromID="F5" fromText="sweet/spicy chili sauce" toID="F3" toText="calamari" />
<PART_OF id="P1" fromID="F9" fromText="rice" toID="F6" toText="La Torta" />
<PART_OF id="P2" fromID="F8" fromText="beans" toID="F6" toText="La Torta" />
<PART_OF id="P3" fromID="F8" fromText="beans" toID="F7" toText="grilled chicken sandwich with sliced avocado" />
<PART_OF id="P4" fromID="F9" fromText="rice" toID="F7" toText="grilled chicken sandwich with sliced avocado" />
<PART_OF id="P5" fromID="F8" fromText="beans" toID="A6" toText="it" />
<PART_OF id="P6" fromID="F9" fromText="rice" toID="A6" toText="it" />
<OPINION id="O0" fromID="Q6" fromText="kind of bland" toID="F9" toText="rice" relationship="explicit" />
<OPINION id="O1" fromID="Q6" fromText="kind of bland" toID="F8" toText="beans" relationship="explicit" />
<OPINION id="O2" fromID="Q0" fromText="I smothered ... with salsa" toID="A2" toText="them" relationship="implicit" />
<OPINION id="O3" fromID="Q5" fromText="very bland" toID="A1" toText="It" relationship="explicit" />
<OPINION id="O4" fromID="Q4" fromText="no salt, pepper, spice or anything" toID="A5" toText="it" relationship="explicit" />
<OPINION id="O5" fromID="Q3" fromText="there was no seasoning to it" toID="A5" toText="it" relationship="explicit" />
<OPINION id="O6" fromID="Q2" fromText="I was disappointed with it" toID="A4" toText="it" relationship="implicit" />
<OPINION id="O7" fromID="Q4" fromText="no salt, pepper, spice or anything" toID="F7" toText="grilled chicken sandwich with sliced avocado" relationship="explicit" />
<OPINION id="O8" fromID="Q1" fromText="very good" toID="A3" toText="Both" relationship="explicit" />
<COREFERENCE id="C0" fromID="A3" fromText="Both" toID="F3" toText="calamari" />
<COREFERENCE id="C1" fromID="A3" fromText="Both" toID="A7" toText="specials" />
<COREFERENCE id="C2" fromID="A4" fromText="it" toID="F6" toText="La Torta" />
<COREFERENCE id="C4" fromID="A5" fromText="it" toID="F7" toText="grilled chicken sandwich with sliced avocado" />
<COREFERENCE id="C5" fromID="A1" fromText="It" toID="F7" toText="grilled chicken sandwich with sliced avocado" />
<COREFERENCE id="C6" fromID="A2" fromText="them" toID="F8" toText="beans" />
<COREFERENCE id="C7" fromID="A2" fromText="them" toID="F9" toText="rice" />
<COREFERENCE id="C8" fromID="A6" fromText="it" toID="A1" toText="It" />
<COREFERENCE id="C3" fromID="A7" fromText="specials" toID="F2" toText="salsa" />
<COREFERENCE id="C9" fromID="A7" fromText="specials" toID="F1" toText="chips" />
</TAGS>
</yelp_reviews_1.1>