<?xml version="1.0" encoding="UTF-8" ?>

<yelp_reviews_1.1>
<TEXT><![CDATA[I should've read the reviews before ordering food at this place.  After Monday night football, I ordered the Carne Asada taco and my friend ordered the chicken burrito.  It was the worst mexican food we've ever had. We felt stomach discomfort instantly.   I'm 100% sure we're going to pay for it tomorrow morning.  If you visit this place, order beer and chips...if you order the food on their menu, it's on you.]]></TEXT>
<TAGS>
<FOOD id="F0" spans="109~125" text="Carne Asada taco"  />
<FOOD id="F1" spans="152~167" text="chicken burrito"  />
<FOOD id="F2" spans="346~350" text="beer"  />
<FOOD id="F3" spans="355~360" text="chips"  />
<ANAPHORA id="A0" spans="170~172" text="It"  />
<QUALITY id="Q0" spans="177~214" text="the worst mexican food we&apos;ve ever had" type="negative" />
<QUALITY id="Q1" spans="216~252" text="We felt stomach discomfort instantly" type="negative" />
<QUALITY id="Q2" spans="256~312" text="I&apos;m 100% sure we&apos;re going to pay for it tomorrow morning" type="negative" />
<QUALITY id="Q3" spans="340~345" text="order" type="neutral" />
<OPINION id="O0" fromID="Q0" fromText="the worst mexican food we&apos;ve ever had" toID="A0" toText="It" relationship="explicit" />
<OPINION id="O1" fromID="Q1" fromText="We felt stomach discomfort instantly" toID="A0" toText="It" relationship="implicit" />
<OPINION id="O2" fromID="Q2" fromText="I&apos;m 100% sure we&apos;re going to pay for it tomorrow morning" toID="A0" toText="It" relationship="implicit" />
<OPINION id="O3" fromID="Q3" fromText="order" toID="F2" toText="beer" relationship="implicit" />
<OPINION id="O4" fromID="Q3" fromText="order" toID="F3" toText="chips" relationship="implicit" />
<COREFERENCE id="C0" fromID="A0" fromText="It" toID="F0" toText="Carne Asada taco" />
<COREFERENCE id="C1" fromID="A0" fromText="It" toID="F1" toText="chicken burrito" />
</TAGS>
</yelp_reviews_1.1>