<?xml version="1.0" encoding="UTF-8" ?>

<yelp_reviews_1.1>
<TEXT><![CDATA[This place is an effing joke...especially at night. I can't comment on the food but the bar service and drinks are horrible. First off, if you want a drink, get in line sister...cause you got about a 20 minute wait ahead of you. Their margaritas taste like too much cheap sugary margarita mix and not enough tequila...the beers are served in either hot glasses or tiny plastic cups, and other drinks like whiskey sours are heavy on the sour, barely any whiskey. Wtf? Oh, and I recall ordering a red bull (straight) it was given to me in a tiny cup (redbull is what? 8 ounces maybe?) I didn't even get the full can, but yet handed the guy a $10 and got back like $3...wtf? How does that work?
Do yourself a favor, put yourself on their VIP list, get your five free drinks by doing so, then bail and take your drinking money elsewhere...]]></TEXT>
<TAGS>
<FOOD id="F0" spans="235~245" text="margaritas"  />
<FOOD id="F1" spans="405~418" text="whiskey sours"  />
<FOOD id="F2" spans="308~315" text="tequila"  />
<FOOD id="F3" spans="322~327" text="beers"  />
<FOOD id="F4" spans="495~514" text="red bull (straight)"  />
<QUALITY id="Q0" spans="246~292" text="taste like too much cheap sugary margarita mix" type="negative" />
<QUALITY id="Q1" spans="297~315" text="not enough tequila" type="negative" />
<QUALITY id="Q2" spans="423~440" text="heavy on the sour" type="negative" />
<QUALITY id="Q3" spans="442~460" text="barely any whiskey" type="negative" />
<QUALITY id="Q4" spans="331~381" text=" served in either hot glasses or tiny plastic cups" type="negative" />
<QUALITY id="Q5" spans="539~547" text="tiny cup" type="negative" />
<QUALITY id="Q6" spans="583~613" text="I didn&apos;t even get the full can" type="negative" />
<QUALITY id="Q7" spans="619~691" text="yet handed the guy a $10 and got back like $3...wtf? How does that work?" type="negative" />
<PART_OF id="P0" fromID="F2" fromText="tequila" toID="F0" toText="margaritas" />
<OPINION id="O0" fromID="Q0" fromText="taste like too much cheap sugary margarita mix" toID="F0" toText="margaritas" relationship="explicit" />
<OPINION id="O2" fromID="Q2" fromText="heavy on the sour" toID="F1" toText="whiskey sours" relationship="explicit" />
<OPINION id="O3" fromID="Q3" fromText="barely any whiskey" toID="F1" toText="whiskey sours" relationship="explicit" />
<OPINION id="O4" fromID="Q1" fromText="not enough tequila" toID="F2" toText="tequila" relationship="explicit" />
<OPINION id="O5" fromID="Q0" fromText="taste like too much cheap sugary margarita mix" toID="F0" toText="margaritas" relationship="explicit" />
<OPINION id="O6" fromID="Q4" fromText=" served in either hot glasses or tiny plastic cups" toID="F3" toText="beers" relationship="implicit" />
<OPINION id="O7" fromID="Q5" fromText="tiny cup" toID="F4" toText="red bull (straight)" relationship="explicit" />
<OPINION id="O8" fromID="Q6" fromText="I didn&apos;t even get the full can" toID="F4" toText="red bull (straight)" relationship="implicit" />
<OPINION id="O9" fromID="Q7" fromText="yet handed the guy a $10 and got back like $3...wtf? How does that work?" toID="F4" toText="red bull (straight)" relationship="implicit" />
</TAGS>
</yelp_reviews_1.1>