<?xml version="1.0" encoding="UTF-8" ?>

<yelp_reviews_1.1>
<TEXT><![CDATA[Upon entry, my co-workers and I were a bit skeptical as the place was nearly empty at 1:30pm and there was not a hostess.  Eventually a girl from the kitchen yelled for us to sit anywhere we wanted.  The lunch menu is extremely limited; another 'red flag'. The salsa was really good; the chips were soggy.  Ordered the quesadilla with no meat; which was VERY good! The waitress was friendly, but a bit in over her head.]]></TEXT>
<TAGS>
<FOOD id="F0" spans="261~266" text="salsa"  />
<FOOD id="F1" spans="288~293" text="chips"  />
<FOOD id="F2" spans="319~342" text="quesadilla with no meat"  />
<QUALITY id="Q0" spans="271~282" text="really good" type="positive" />
<QUALITY id="Q1" spans="299~304" text="soggy" type="negative" />
<QUALITY id="Q2" spans="354~363" text="VERY good" type="positive" />
<OPINION id="O0" fromID="Q0" fromText="really good" toID="F0" toText="salsa" relationship="explicit" />
<OPINION id="O1" fromID="Q1" fromText="soggy" toID="F1" toText="chips" relationship="explicit" />
<OPINION id="O2" fromID="Q2" fromText="VERY good" toID="F2" toText="quesadilla with no meat" relationship="explicit" />
</TAGS>
</yelp_reviews_1.1>