<?xml version="1.0" encoding="UTF-8" ?>

<yelp_reviews_1.1>
<TEXT><![CDATA[A disappointment. Ridiculously slow service - had to ask for everything twice. Jalapeño poppers were not good. 2 people in our group had carnitas burritos and said they weren't very good. I had the Carne asada fajitas and they were good but it wasn't worth going back. Everything was also very over-priced.]]></TEXT>
<TAGS>
<FOOD id="F0" spans="79~95" text="Jalapeño poppers"  />
<FOOD id="F1" spans="137~154" text="carnitas burritos"  />
<FOOD id="F2" spans="198~217" text="Carne asada fajitas"  />
<ANAPHORA id="A0" spans="164~168" text="they"  />
<ANAPHORA id="A1" spans="222~226" text="they"  />
<ANAPHORA id="A2" spans="269~279" text="Everything"  />
<ANAPHORA id="A3" spans="241~243" text="it"  />
<QUALITY id="Q0" spans="289~305" text="very over-priced" type="negative" />
<QUALITY id="Q1" spans="232~236" text="good" type="positive" />
<QUALITY id="Q2" spans="101~109" text="not good" type="negative" />
<QUALITY id="Q3" spans="169~186" text="weren&apos;t very good" type="negative" />
<OPINION id="O0" fromID="Q2" fromText="not good" toID="F0" toText="Jalapeño poppers" relationship="explicit" />
<OPINION id="O2" fromID="Q3" fromText="weren&apos;t very good" toID="A0" toText="they" relationship="explicit" />
<OPINION id="O3" fromID="Q1" fromText="good" toID="A1" toText="they" relationship="explicit" />
<OPINION id="O4" fromID="Q0" fromText="very over-priced" toID="A2" toText="Everything" relationship="explicit" />
<COREFERENCE id="C0" fromID="A1" fromText="they" toID="F2" toText="Carne asada fajitas" />
<COREFERENCE id="C1" fromID="A2" fromText="Everything" toID="F2" toText="Carne asada fajitas" />
<COREFERENCE id="C2" fromID="A2" fromText="Everything" toID="F1" toText="carnitas burritos" />
<COREFERENCE id="C3" fromID="A0" fromText="they" toID="F1" toText="carnitas burritos" />
<COREFERENCE id="C4" fromID="A3" fromText="it" toID="A1" toText="they" />
</TAGS>
</yelp_reviews_1.1>