<?xml version="1.0" encoding="UTF-8" ?>

<yelp_reviews_1.1>
<TEXT><![CDATA[I wish there was an option for zero stars. They ran out of chicken and apparently every nacho ingredient. When our order came out, the nachos were smothered in ranch and jalapenos with a scoop of guac. It did not resemble the menu item aside from the chips. No silverware and we had to get our own napkins. By far the worst dining experience of all time. They did change the tv for me so thats a plus.]]></TEXT>
<TAGS>
<FOOD id="F0" spans="135~141" text="nachos"  />
<FOOD id="F1" spans="160~165" text="ranch"  />
<FOOD id="F2" spans="170~179" text="jalapenos"  />
<FOOD id="F3" spans="196~200" text="guac"  />
<ANAPHORA id="A0" spans="202~204" text="It"  />
<QUALITY id="Q0" spans="205~256" text="did not resemble the menu item aside from the chips" type="negative" />
<QUALITY id="Q1" spans="147~200" text="smothered in ranch and jalapenos with a scoop of guac" type="negative" />
<PART_OF id="P0" fromID="F1" fromText="ranch" toID="F0" toText="nachos" />
<PART_OF id="P1" fromID="F2" fromText="jalapenos" toID="F0" toText="nachos" />
<PART_OF id="P2" fromID="F3" fromText="guac" toID="F0" toText="nachos" />
<OPINION id="O0" fromID="Q1" fromText="smothered in ranch and jalapenos with a scoop of guac" toID="F0" toText="nachos" relationship="implicit" />
<OPINION id="O1" fromID="Q0" fromText="did not resemble the menu item aside from the chips" toID="A0" toText="It" relationship="implicit" />
<COREFERENCE id="C0" fromID="A0" fromText="It" toID="F0" toText="nachos" />
</TAGS>
</yelp_reviews_1.1>