<?xml version="1.0" encoding="UTF-8" ?>

<yelp_reviews_1.1>
<TEXT><![CDATA[I've been reading the reviews about this place and I can somewhat understand the judgments about it but my friend and that came through to this spot over at the Westgate Mall had a good experience.

I was in the mood for Tex-Mex so we pretty much settled for Calico's. Definitely was not crowded here, hence probably because of the reviews it has received. Good points about Calico Jack's: despite the lack of waiters here the service was very g ood from the waitress we had. My friend had a chicken burrito while I had a shrimp burrito. Added to that I requested a pomegranate margarita and I don't remember how the convo came about for some pineapple mix to be added to it but the waitress did that for me as well. EVERYTHING came out great. The shrimps in the burrito were huge and fresh. I have no complaints at all about the food nor the service.

If I have anything negative to say about Calico's is that they do need a bigger staff eventhough there was not a huge crowd in the restaurant. But it was a Saturday and it was nice so it should be beyond necessary for there to be more than one or two waiters attending to patrons. Also some updated furniture would do the place justice. Other than that not really anything bad to say about Calico Jack's.]]></TEXT>
<TAGS>
<FOOD id="F0" spans="492~507" text="chicken burrito"  />
<FOOD id="F1" spans="522~536" text="shrimp burrito"  />
<FOOD id="F2" spans="566~587" text="pomegranate margarita"  />
<FOOD id="F3" spans="643~656" text="pineapple mix"  />
<FOOD id="F4" spans="748~755" text="shrimps"  />
<FOOD id="F5" spans="763~770" text="burrito"  />
<ANAPHORA id="A0" spans="717~727" text="EVERYTHING"  />
<QUALITY id="Q0" spans="737~742" text="great" type="positive" />
<QUALITY id="Q1" spans="776~780" text="huge" type="positive" />
<QUALITY id="Q2" spans="785~790" text="fresh" type="positive" />
<PART_OF id="P0" fromID="F3" fromText="pineapple mix" toID="F2" toText="pomegranate margarita" />
<PART_OF id="P1" fromID="F4" fromText="shrimps" toID="F5" toText="burrito" />
<OPINION id="O0" fromID="Q0" fromText="great" toID="A0" toText="EVERYTHING" relationship="explicit" />
<OPINION id="O1" fromID="Q1" fromText="huge" toID="F4" toText="shrimps" relationship="explicit" />
<OPINION id="O2" fromID="Q2" fromText="fresh" toID="F4" toText="shrimps" relationship="explicit" />
<COREFERENCE id="C0" fromID="F5" fromText="burrito" toID="F1" toText="shrimp burrito" />
<COREFERENCE id="C1" fromID="A0" fromText="EVERYTHING" toID="F0" toText="chicken burrito" />
<COREFERENCE id="C2" fromID="A0" fromText="EVERYTHING" toID="F2" toText="pomegranate margarita" />
<COREFERENCE id="C3" fromID="A0" fromText="EVERYTHING" toID="F1" toText="shrimp burrito" />
</TAGS>
</yelp_reviews_1.1>