<?xml version="1.0" encoding="UTF-8" ?>

<yelp_reviews_1.1>
<TEXT><![CDATA[Dropped by Calico Jack's after tonight's Red Wings victory in Game 3 to kill time and let traffic thin.  Scanned the area and decided to give these folks our business.  We got inside where a total of maybe 5 or 6 other people were eating and drinking.

We took a seat and waited far too long for service for such an empty place.  Once we were served the folks were friendly enough and I was high on Red Wings victory so I let it slide.

Then we ordered...

Ordered the quesadillas and two beers (Tecate).  First our beer arrived...in cans.  I've never been served beer in a can unless it was PBR and even then we were told up front it was in a can.  Okay, I can live with that.

Then the quesadillas arrived.  They were no better than Taco Bell and probably triple the cost.  I expect to get gouged a bit at a restaurant just outside an arena but this was ridiculous.

Tonight was the first and last time I will visit Calico Jack's.  For the prices charged the food has to be superior to edible for me to even think of returning.]]></TEXT>
<TAGS>
<FOOD id="F0" spans="688~699" text="quesadillas"  />
<ANAPHORA id="A0" spans="710~714" text="They"  />
<QUALITY id="Q0" spans="720~744" text="no better than Taco Bell" type="negative" />
<QUALITY id="Q1" spans="749~773" text="probably triple the cost" type="negative" />
<OPINION id="O0" fromID="Q0" fromText="no better than Taco Bell" toID="A0" toText="They" relationship="explicit" />
<OPINION id="O1" fromID="Q1" fromText="probably triple the cost" toID="A0" toText="They" relationship="implicit" />
<COREFERENCE id="C0" fromID="A0" fromText="They" toID="F0" toText="quesadillas" />
</TAGS>
</yelp_reviews_1.1>