<?xml version="1.0" encoding="UTF-8" ?>

<yelp_reviews_1.1>
<TEXT><![CDATA[Went here prior to the Cards v Broncos game w/ my daughter.  She has not eaten at Bitzee Mama's, so this is her least favorite Mexican restaurant in Glendale.  Bitzee's is still mine.

First, I've been programmed to the free chips n salsa basket at most Mexican restaurants.  Odd that there was none here and it was not listed as a menu item either.  Options appear to be nachos or a layered dip. 

We ordered the shrimp ceviche which is marinated in lemon, garlic, the chef's spices...it was very bland.  I think the Chef left out the spices.  It wasn't the only thing he left out.  He left stuff out of my burro.  We didn't finish the ceviche.

The daughter got the tortilla soup and did not like it at all. She wanted to give them her grandmother's phone number to call for a good recipe.  I tried it and it was okay.  Tested kinda like watered down queso.  We didn't finish the soup.

My burro was missing its key ingredients of sour cream, guacamole and oaxaca cheese and the drizzled sour cream on top.  That should have been the first clue to the waitress that something was up w/ the dish.  Plus it wasn't chimi-style like I ordered.  Rather than send it back to have it fried, I decided only to say something when the bill came if I was charged for chimi-style...I was not.  W/o the cheese, I had more of diet burro, so I guess it was okay cause I saved calories for later.   I saved more calories eating only 1/2 the burro.  

Haven't tried the Irish pub yet that went in where the Fox Sports Grill is.  Places to go prior to games remain in preference order:  The Yardhouse, Saddle Ranch, Native New Yorker.

The place was not busy...it picked up the closer it got to noon.  This is 3 hours before kick-off.  I don't think diners are lining up to get inside here like they do The Yardhouse.

********************
UPDATE:  5/14/2011
Sometimes I like to look back on my Methinks not reviews to see what other diners are saying after my visit.  I'm amazed Jack's is still opened.  To be in the Westgate, which sees probably meh traffic when there is no event, and then not be busy when an event takes place, how do you stay open??   Based on my experience at Bitzee's Mama and other diner reviews on that restaurant, I can only surmise that the offerings for Mexican in Glendale are so slim that its citizens are very forgiving.]]></TEXT>
<TAGS>
<FOOD id="F0" spans="414~428" text="shrimp ceviche"  />
<FOOD id="F1" spans="451~456" text="lemon"  />
<FOOD id="F2" spans="458~464" text="garlic"  />
<FOOD id="F3" spans="470~483" text="chef&apos;s spices"  />
<FOOD id="F4" spans="608~613" text="burro"  />
<FOOD id="F5" spans="637~644" text="ceviche"  />
<FOOD id="F6" spans="668~681" text="tortilla soup"  />
<FOOD id="F7" spans="882~886" text="soup"  />
<FOOD id="F8" spans="536~542" text="spices"  />
<FOOD id="F9" spans="892~897" text="burro"  />
<FOOD id="F10" spans="1427~1432" text="burro"  />
<ANAPHORA id="A0" spans="486~488" text="it"  />
<ANAPHORA id="A1" spans="699~701" text="it"  />
<ANAPHORA id="A2" spans="801~803" text="it"  />
<ANAPHORA id="A3" spans="808~810" text="it"  />
<ANAPHORA id="A4" spans="1104~1106" text="it"  />
<ANAPHORA id="A5" spans="910~913" text="its"  />
<QUALITY id="Q0" spans="493~503" text="very bland" type="negative" />
<QUALITY id="Q1" spans="506~542" text="I think the Chef left out the spices" type="negative" />
<QUALITY id="Q2" spans="584~601" text="He left stuff out" type="negative" />
<QUALITY id="Q3" spans="616~632" text="We didn&apos;t finish" type="negative" />
<QUALITY id="Q4" spans="686~708" text="did not like it at all" type="negative" />
<QUALITY id="Q5" spans="710~790" text="She wanted to give them her grandmother&apos;s phone number to call for a good recipe" type="negative" />
<QUALITY id="Q6" spans="815~819" text="okay" type="negative" />
<QUALITY id="Q7" spans="822~858" text="Tested kinda like watered down queso" type="negative" />
<QUALITY id="Q8" spans="861~877" text="We didn&apos;t finish" type="negative" />
<QUALITY id="Q9" spans="902~929" text="missing its key ingredients" type="negative" />
<QUALITY id="Q10" spans="1385~1432" text="I saved more calories eating only 1/2 the burro" type="negative" />
<QUALITY id="Q11" spans="1300~1324" text="I had more of diet burro" type="negative" />
<PART_OF id="P0" fromID="F1" fromText="lemon" toID="F0" toText="shrimp ceviche" />
<PART_OF id="P1" fromID="F8" fromText="spices" toID="F0" toText="shrimp ceviche" />
<PART_OF id="P2" fromID="F3" fromText="chef&apos;s spices" toID="F0" toText="shrimp ceviche" />
<PART_OF id="P3" fromID="F2" fromText="garlic" toID="F0" toText="shrimp ceviche" />
<OPINION id="O1" fromID="Q1" fromText="I think the Chef left out the spices" toID="F8" toText="spices" relationship="implicit" />
<OPINION id="O2" fromID="Q2" fromText="He left stuff out" toID="F4" toText="burro" relationship="implicit" />
<OPINION id="O3" fromID="Q3" fromText="We didn&apos;t finish" toID="F5" toText="ceviche" relationship="implicit" />
<OPINION id="O4" fromID="Q0" fromText="very bland" toID="A0" toText="it" relationship="explicit" />
<OPINION id="O5" fromID="Q4" fromText="did not like it at all" toID="A1" toText="it" relationship="implicit" />
<OPINION id="O6" fromID="Q5" fromText="She wanted to give them her grandmother&apos;s phone number to call for a good recipe" toID="A1" toText="it" relationship="implicit" />
<OPINION id="O7" fromID="Q6" fromText="okay" toID="A3" toText="it" relationship="explicit" />
<OPINION id="O8" fromID="Q7" fromText="Tested kinda like watered down queso" toID="A3" toText="it" relationship="explicit" />
<OPINION id="O9" fromID="Q8" fromText="We didn&apos;t finish" toID="F7" toText="soup" relationship="implicit" />
<OPINION id="O10" fromID="Q9" fromText="missing its key ingredients" toID="F9" toText="burro" relationship="explicit" />
<OPINION id="O11" fromID="Q10" fromText="I saved more calories eating only 1/2 the burro" toID="F10" toText="burro" relationship="implicit" />
<OPINION id="O12" fromID="Q11" fromText="I had more of diet burro" toID="F9" toText="burro" relationship="implicit" />
<COREFERENCE id="C0" fromID="F10" fromText="burro" toID="F9" toText="burro" />
<COREFERENCE id="C1" fromID="F7" fromText="soup" toID="F6" toText="tortilla soup" />
<COREFERENCE id="C2" fromID="F7" fromText="soup" toID="A3" toText="it" />
<COREFERENCE id="C3" fromID="A1" fromText="it" toID="F6" toText="tortilla soup" />
<COREFERENCE id="C4" fromID="A2" fromText="it" toID="F6" toText="tortilla soup" />
<COREFERENCE id="C5" fromID="F5" fromText="ceviche" toID="F0" toText="shrimp ceviche" />
<COREFERENCE id="C6" fromID="A0" fromText="it" toID="F0" toText="shrimp ceviche" />
<COREFERENCE id="C7" fromID="A3" fromText="it" toID="A2" toText="it" />
<COREFERENCE id="C8" fromID="A4" fromText="it" toID="A5" toText="its" />
<COREFERENCE id="C9" fromID="A5" fromText="its" toID="F9" toText="burro" />
</TAGS>
</yelp_reviews_1.1>