<?xml version="1.0" encoding="UTF-8" ?>

<yelp_reviews_1.1>
<TEXT><![CDATA[I have never written a review before but since this place was so TERRIBLE, I felt like a review was needed. Shortly after getting out of a football game across the street, our group walked in to what felt like 100 degree weather. There was no AC except for a couple ceiling fans; it felt as if I was actually eating my meal in Mexico... When we asked for chips and salsa, they were out of salsa and brought us guacamole instead, which they then charged us for without notice. Last but not least the chips were stale, the food was horrible!!!!!  the beer was hot, the service was AWEFUL and it cost about 90 dollars for three people to eat. I wish I could give this establishment -5 stars. DO NOT EAT HERE!!!!!!!!!!!!!!!!]]></TEXT>
<TAGS>
<FOOD id="F0" spans="499~504" text="chips"  />
<FOOD id="F1" spans="549~553" text="beer"  />
<QUALITY id="Q0" spans="510~515" text="stale" type="negative" />
<QUALITY id="Q1" spans="558~561" text="hot" type="negative" />
<OPINION id="O0" fromID="Q0" fromText="stale" toID="F0" toText="chips" relationship="explicit" />
<OPINION id="O1" fromID="Q1" fromText="hot" toID="F1" toText="beer" relationship="explicit" />
</TAGS>
</yelp_reviews_1.1>