<?xml version="1.0" encoding="UTF-8" ?>

<yelp_reviews_1.1>
<TEXT><![CDATA[I personally liked the feel especially compared to the other bars in the Westgate center! I prefer the upbeat vibe and decor! Had Coronaritas and they were bomb! I think they are my new fave drink!]]></TEXT>
<TAGS>
<FOOD id="F0" spans="130~141" text="Coronaritas"  />
<ANAPHORA id="A0" spans="146~150" text="they"  />
<ANAPHORA id="A1" spans="170~174" text="they"  />
<QUALITY id="Q0" spans="156~160" text="bomb" type="positive" />
<QUALITY id="Q1" spans="179~196" text="my new fave drink" type="positive" />
<OPINION id="O0" fromID="Q0" fromText="bomb" toID="A0" toText="they" relationship="explicit" />
<OPINION id="O1" fromID="Q1" fromText="my new fave drink" toID="A1" toText="they" relationship="explicit" />
<COREFERENCE id="C0" fromID="A1" fromText="they" toID="F0" toText="Coronaritas" />
<COREFERENCE id="C1" fromID="A0" fromText="they" toID="F0" toText="Coronaritas" />
</TAGS>
</yelp_reviews_1.1>