<?xml version="1.0" encoding="UTF-8" ?>

<yelp_reviews_1.1>
<TEXT><![CDATA[I would put zero star if I could TERRIBLE! Steak tacos had no flavor when I asked for hot salsa the waiter/bartender brought me cholula seriously at a Mexican restaurant you would expect HOT SAUCE! Corona was warm and server brought out warm mug!~ oh and by the way lunch for two w 2 beers was $45.00!]]></TEXT>
<TAGS>
<FOOD id="F0" spans="43~54" text="Steak tacos"  />
<FOOD id="F1" spans="198~204" text="Corona"  />
<QUALITY id="Q0" spans="55~68" text="had no flavor" type="negative" />
<QUALITY id="Q1" spans="209~213" text="warm" type="negative" />
<OPINION id="O0" fromID="Q0" fromText="had no flavor" toID="F0" toText="Steak tacos" relationship="explicit" />
<OPINION id="O1" fromID="Q1" fromText="warm" toID="F1" toText="Corona" relationship="explicit" />
</TAGS>
</yelp_reviews_1.1>