<?xml version="1.0" encoding="UTF-8" ?>

<yelp_reviews_1.1>
<TEXT><![CDATA[First time here, didn't read reviews until sitting at the bar. Bartender was from the east coast and was polite an service was good. I only ordered the quesadillas and they were pretty good. Actually my only gripe was the darn fly that kept trying to share my meal.]]></TEXT>
<TAGS>
<FOOD id="F0" spans="152~163" text="quesadillas"  />
<ANAPHORA id="A0" spans="168~172" text="they"  />
<QUALITY id="Q0" spans="178~189" text="pretty good" type="positive" />
<OPINION id="O0" fromID="Q0" fromText="pretty good" toID="A0" toText="they" relationship="explicit" />
<COREFERENCE id="C0" fromID="A0" fromText="they" toID="F0" toText="quesadillas" />
</TAGS>
</yelp_reviews_1.1>