<?xml version="1.0" encoding="UTF-8" ?>

<yelp_reviews_1.1>
<TEXT><![CDATA[Went to Calico Jack with some friends. The Margaritas were horrible the beer was warm. We only had cocktail we paid (it was happy hour) for our drinks and left them there full. We would not go back  again. Calico Jack Hot beer and Arizona doesn't mix.]]></TEXT>
<TAGS>
<FOOD id="F0" spans="43~53" text="Margaritas"  />
<FOOD id="F1" spans="72~76" text="beer"  />
<FOOD id="F2" spans="222~226" text="beer"  />
<QUALITY id="Q0" spans="59~67" text="horrible" type="negative" />
<QUALITY id="Q1" spans="81~85" text="warm" type="negative" />
<QUALITY id="Q2" spans="218~221" text="Hot" type="negative" />
<OPINION id="O0" fromID="Q0" fromText="horrible" toID="F0" toText="Margaritas" relationship="explicit" />
<OPINION id="O1" fromID="Q1" fromText="warm" toID="F1" toText="beer" relationship="explicit" />
<OPINION id="O2" fromID="Q2" fromText="Hot" toID="F2" toText="beer" relationship="explicit" />
</TAGS>
</yelp_reviews_1.1>