<?xml version="1.0" encoding="UTF-8" ?>

<yelp_reviews_1.1>
<TEXT><![CDATA[I went there with my husband last night,  Saturday, may 15th. The restaurant ambiance is totally cool! Great southwest , mexican decor. After we were seated, we ordered a beer & a margarita. They finally arrived about 10- 15 minutes later! We had been enjoying their great salsa & chips, figuring we were really going to like this place!
   The menu is pretty limited. We ordered a bowl of chicken tortilla soup & the beef fajitas to share. I was not famished,  and figured there would be plenty. 
    Now, they came out together, which was okay, since we were sharing. But, they brought a cup of soup instead of a bowl. That cup of soup cost $4.99, and was smaller than a small coffee cup! Neither of us liked it, either.  The fajitas that were supposed to come sizzling were just warm, and the meat was dried and cooked pretty well. The meat would have actually been good if cooked right. The portion was very small, and the tortillas that came to wrap the food in, were about the size of a drink coaster!! Also, I was pretty bummed that my margarita had absolutely no alchohol in it. 
      The server was really nice, but we will not go back there.]]></TEXT>
<TAGS>
<FOOD id="F0" spans="273~286" text="salsa &amp; chips"  />
<FOOD id="F1" spans="390~411" text="chicken tortilla soup"  />
<FOOD id="F2" spans="418~430" text="beef fajitas"  />
<FOOD id="F3" spans="633~637" text="soup"  />
<FOOD id="F4" spans="728~735" text="fajitas"  />
<FOOD id="F5" spans="927~936" text="tortillas"  />
<FOOD id="F6" spans="796~800" text="meat"  />
<FOOD id="F7" spans="1043~1052" text="margarita"  />
<FOOD id="F8" spans="839~843" text="meat"  />
<ANAPHORA id="A0" spans="895~902" text="portion"  />
<ANAPHORA id="A1" spans="711~713" text="it"  />
<ANAPHORA id="A2" spans="1083~1085" text="it"  />
<QUALITY id="Q0" spans="891~917" text="The portion was very small" type="negative" />
<QUALITY id="Q1" spans="267~272" text="great" type="positive" />
<QUALITY id="Q2" spans="240~260" text="We had been enjoying" type="positive" />
<QUALITY id="Q3" spans="658~689" text="smaller than a small coffee cup" type="negative" />
<QUALITY id="Q4" spans="638~648" text="cost $4.99" type="negative" />
<QUALITY id="Q5" spans="691~710" text="Neither of us liked" type="negative" />
<QUALITY id="Q6" spans="741~786" text="were supposed to come sizzling were just warm" type="negative" />
<QUALITY id="Q7" spans="844~889" text="would have actually been good if cooked right" type="negative" />
<QUALITY id="Q8" spans="815~833" text="cooked pretty well" type="negative" />
<QUALITY id="Q9" spans="805~810" text="dried" type="negative" />
<QUALITY id="Q10" spans="973~1006" text="about the size of a drink coaster" type="negative" />
<QUALITY id="Q11" spans="1053~1085" text="had absolutely no alchohol in it" type="negative" />
<PART_OF id="P0" fromID="F6" fromText="meat" toID="F4" toText="fajitas" />
<PART_OF id="P1" fromID="F5" fromText="tortillas" toID="F4" toText="fajitas" />
<OPINION id="O0" fromID="Q2" fromText="We had been enjoying" toID="F0" toText="salsa &amp; chips" relationship="explicit" />
<OPINION id="O1" fromID="Q1" fromText="great" toID="F0" toText="salsa &amp; chips" relationship="explicit" />
<OPINION id="O2" fromID="Q4" fromText="cost $4.99" toID="F3" toText="soup" relationship="implicit" />
<OPINION id="O3" fromID="Q3" fromText="smaller than a small coffee cup" toID="F3" toText="soup" relationship="implicit" />
<OPINION id="O4" fromID="Q5" fromText="Neither of us liked" toID="A1" toText="it" relationship="explicit" />
<OPINION id="O5" fromID="Q6" fromText="were supposed to come sizzling were just warm" toID="F4" toText="fajitas" relationship="explicit" />
<OPINION id="O6" fromID="Q9" fromText="dried" toID="F6" toText="meat" relationship="explicit" />
<OPINION id="O7" fromID="Q8" fromText="cooked pretty well" toID="F6" toText="meat" relationship="explicit" />
<OPINION id="O8" fromID="Q7" fromText="would have actually been good if cooked right" toID="F8" toText="meat" relationship="implicit" />
<OPINION id="O9" fromID="Q0" fromText="The portion was very small" toID="A0" toText="portion" relationship="explicit" />
<OPINION id="O10" fromID="Q10" fromText="about the size of a drink coaster" toID="F5" toText="tortillas" relationship="implicit" />
<OPINION id="O11" fromID="Q11" fromText="had absolutely no alchohol in it" toID="F7" toText="margarita" relationship="explicit" />
<COREFERENCE id="C0" fromID="A2" fromText="it" toID="F7" toText="margarita" />
<COREFERENCE id="C1" fromID="F3" fromText="soup" toID="F1" toText="chicken tortilla soup" />
<COREFERENCE id="C2" fromID="F4" fromText="fajitas" toID="F2" toText="beef fajitas" />
<COREFERENCE id="C3" fromID="F8" fromText="meat" toID="F6" toText="meat" />
<COREFERENCE id="C4" fromID="A1" fromText="it" toID="F3" toText="soup" />
<COREFERENCE id="C5" fromID="F3" fromText="soup" toID="F1" toText="chicken tortilla soup" />
<COREFERENCE id="C6" fromID="A0" fromText="portion" toID="F6" toText="meat" />
</TAGS>
</yelp_reviews_1.1>