<?xml version="1.0" encoding="UTF-8" ?>

<yelp_reviews_1.1>
<TEXT><![CDATA[Let me start by saying the hostess and waitress were great. Even the manager came by to see how we were......but.... The food.  Hmmm. Mission flour tortillas chimichanga had no crisp to them at all.  Wings tasted like they were baked from the freezer  I am sure the jalepenos peppers were from a box from Walmart  the beans tasted like a generic can of beans with no flavor the rice well let's say it was probably a  5 pound bag of rice with one 5 oz can of tomato sauce added to it for color.  Absolutely no flavor at all. The hot sauce didn't even do it any justice    The burrito that we ordered was a carne asada. They should have called it the lettuce cilantro and onion burrito. We did order a beer and a drink and those were good.  It was a good thing we had a living social discount or I would have asked to leave without a check.  I will not visit their restaurant to eat again.  They may want to find a new menu or a new cook]]></TEXT>
<TAGS>
<FOOD id="F0" spans="134~169" text="Mission flour tortillas chimichanga"  />
<FOOD id="F1" spans="200~205" text="Wings"  />
<FOOD id="F2" spans="266~283" text="jalepenos peppers"  />
<FOOD id="F3" spans="378~382" text="rice"  />
<FOOD id="F4" spans="318~323" text="beans"  />
<FOOD id="F5" spans="575~582" text="burrito"  />
<FOOD id="F6" spans="605~616" text="carne asada"  />
<FOOD id="F7" spans="700~704" text="beer"  />
<FOOD id="F8" spans="528~537" text="hot sauce"  />
<ANAPHORA id="A0" spans="186~190" text="them"  />
<ANAPHORA id="A1" spans="398~400" text="it"  />
<ANAPHORA id="A2" spans="553~555" text="it"  />
<ANAPHORA id="A3" spans="642~644" text="it"  />
<ANAPHORA id="A4" spans="721~726" text="those"  />
<QUALITY id="Q1" spans="618~683" text="They should have called it the lettuce cilantro and onion burrito" type="negative" />
<QUALITY id="Q2" spans="618~683" text="They should have called it the lettuce cilantro and onion burrito" type="negative" />
<QUALITY id="Q3" spans="170~197" text="had no crisp to them at all" type="negative" />
<QUALITY id="Q4" spans="206~250" text="tasted like they were baked from the freezer" type="negative" />
<QUALITY id="Q5" spans="252~312" text="I am sure the jalepenos peppers were from a box from Walmart" type="negative" />
<QUALITY id="Q6" spans="324~373" text="tasted like a generic can of beans with no flavor" type="negative" />
<QUALITY id="Q7" spans="405~492" text="probably a  5 pound bag of rice with one 5 oz can of tomato sauce added to it for color" type="negative" />
<QUALITY id="Q8" spans="495~522" text="Absolutely no flavor at all" type="negative" />
<QUALITY id="Q9" spans="524~567" text="The hot sauce didn&apos;t even do it any justice" type="negative" />
<QUALITY id="Q10" spans="732~736" text="good" type="positive" />
<PART_OF id="P0" fromID="F0" fromText="Mission flour tortillas chimichanga" toID="F0" toText="Mission flour tortillas chimichanga" />
<OPINION id="O0" fromID="Q3" fromText="had no crisp to them at all" toID="F0" toText="Mission flour tortillas chimichanga" relationship="explicit" />
<OPINION id="O1" fromID="Q4" fromText="tasted like they were baked from the freezer" toID="F1" toText="Wings" relationship="explicit" />
<OPINION id="O2" fromID="Q5" fromText="I am sure the jalepenos peppers were from a box from Walmart" toID="F2" toText="jalepenos peppers" relationship="implicit" />
<OPINION id="O3" fromID="Q6" fromText="tasted like a generic can of beans with no flavor" toID="F4" toText="beans" relationship="implicit" />
<OPINION id="O4" fromID="Q7" fromText="probably a  5 pound bag of rice with one 5 oz can of tomato sauce added to it for color" toID="F3" toText="rice" relationship="implicit" />
<OPINION id="O5" fromID="Q8" fromText="Absolutely no flavor at all" toID="A1" toText="it" relationship="explicit" />
<OPINION id="O6" fromID="Q9" fromText="The hot sauce didn&apos;t even do it any justice" toID="F8" toText="hot sauce" relationship="explicit" />
<OPINION id="O7" fromID="Q1" fromText="They should have called it the lettuce cilantro and onion burrito" toID="A3" toText="it" relationship="implicit" />
<OPINION id="O8" fromID="Q10" fromText="good" toID="A4" toText="those" relationship="explicit" />
<COREFERENCE id="C0" fromID="A4" fromText="those" toID="F7" toText="beer" />
<COREFERENCE id="C1" fromID="F6" fromText="carne asada" toID="F5" toText="burrito" />
<COREFERENCE id="C2" fromID="A2" fromText="it" toID="F3" toText="rice" />
<COREFERENCE id="C3" fromID="A3" fromText="it" toID="F5" toText="burrito" />
<COREFERENCE id="C4" fromID="A1" fromText="it" toID="F3" toText="rice" />
</TAGS>
</yelp_reviews_1.1>