<?xml version="1.0" encoding="UTF-8" ?>

<yelp_reviews_1.1>
<TEXT><![CDATA[The worst Mexican food I have had in my 58 years living.  Had a chicken burrito I would not feed to my dog, others in our party were also very disappointed.  Food was cold, portions small, salsa terrible and food over priced. Small expensive drinks during happy hour. No surprise the place was very empty.  

Go to one of the other good places in Westgate, I will never visit this place again.
I hope I don't get sick!]]></TEXT>
<TAGS>
<FOOD id="F0" spans="64~79" text="chicken burrito"  />
<FOOD id="F1" spans="189~194" text="salsa"  />
<QUALITY id="Q0" spans="80~106" text="I would not feed to my dog" type="negative" />
<QUALITY id="Q1" spans="195~203" text="terrible" type="negative" />
<OPINION id="O0" fromID="Q0" fromText="I would not feed to my dog" toID="F0" toText="chicken burrito" relationship="implicit" />
<OPINION id="O1" fromID="Q1" fromText="terrible" toID="F1" toText="salsa" relationship="explicit" />
</TAGS>
</yelp_reviews_1.1>