<?xml version="1.0" encoding="UTF-8" ?>

<yelp_reviews_1.1>
<TEXT><![CDATA[NOPE! HUH UH! DOO-DOO! Ok. This is pretty harsh. I was there for the first time on 9/2/2010 before the last of the Cardinals pre-season opener for a bite before the game. There was a wait....ok....got it! However, their were open tables? Don't GOT it! The hostess said "Your table is ready" yay! "Oh, by the way would you mind sitting on the patio"? We were game for it. The Hostess then walks us through the patio and out to.....wait for it......Arizona beach area?! Low back, low to the ground wooden benches and beach style chairs. Yeah, sure in Arizona 100 plus heat. Not happening. So, we wait for an inside table. We eventually get one. The friendly waitress Jesse takes our drink order. We wait about 4 minutes or so.....perfect. Jesse takes our food order. We wait about 50 minutes for not so good food. I was with 2 other people. We ordered the following. Person #1 ordered Nacho's w/ sour cream on the side. Person #2 ordered a grilled chicken Quesadilla and I ordered fried Ice Cream. They were all terrible. The Quesadilla was as thin as Taco Bell's and three times the price. I mean they were SKIMPY! The Nacho's I was told were chewy. Nice, just what one would like, chewy nacho's. Jesse our server did apologize for the wait saying this " Im so sorry you had to wait. I keep telling the staff to hold off on seating people to give the kitchen a chance to get caught up" WELL, that explains why we could not be sat inside when there were tables open. So, like I said. Pretty bad execution, bad food, long wait. NO GOOD! If you go keep in mind too the menu is extremely limited. So, ADIOS....thats goodbye in.....well I'm just sticking with the theme, using my resources!]]></TEXT>
<TAGS>
<FOOD id="F0" spans="883~904" text="Nacho&apos;s w/ sour cream"  />
<FOOD id="F1" spans="938~964" text="grilled chicken Quesadilla"  />
<FOOD id="F2" spans="979~994" text="fried Ice Cream"  />
<FOOD id="F3" spans="1024~1034" text="Quesadilla"  />
<FOOD id="F4" spans="1118~1125" text="Nacho&apos;s"  />
<FOOD id="F5" spans="1187~1194" text="nacho&apos;s"  />
<ANAPHORA id="A0" spans="996~1000" text="They"  />
<ANAPHORA id="A1" spans="1096~1100" text="they"  />
<QUALITY id="Q0" spans="1106~1112" text="SKIMPY" type="negative" />
<QUALITY id="Q1" spans="1010~1018" text="terrible" type="negative" />
<QUALITY id="Q2" spans="1042~1061" text="thin as Taco Bell&apos;s" type="negative" />
<QUALITY id="Q3" spans="1066~1087" text="three times the price" type="negative" />
<QUALITY id="Q4" spans="1142~1147" text="chewy" type="negative" />
<QUALITY id="Q5" spans="1149~1153" text="Nice" type="negative" />
<QUALITY id="Q6" spans="1181~1186" text="chewy" type="negative" />
<OPINION id="O0" fromID="Q2" fromText="thin as Taco Bell&apos;s" toID="F3" toText="Quesadilla" relationship="implicit" />
<OPINION id="O1" fromID="Q3" fromText="three times the price" toID="F3" toText="Quesadilla" relationship="explicit" />
<OPINION id="O2" fromID="Q1" fromText="terrible" toID="A0" toText="They" relationship="explicit" />
<OPINION id="O3" fromID="Q0" fromText="SKIMPY" toID="A1" toText="they" relationship="explicit" />
<OPINION id="O4" fromID="Q4" fromText="chewy" toID="F4" toText="Nacho&apos;s" relationship="explicit" />
<OPINION id="O5" fromID="Q5" fromText="Nice" toID="F5" toText="nacho&apos;s" relationship="explicit" />
<OPINION id="O6" fromID="Q6" fromText="chewy" toID="F5" toText="nacho&apos;s" relationship="explicit" />
<COREFERENCE id="C0" fromID="F4" fromText="Nacho&apos;s" toID="F0" toText="Nacho&apos;s w/ sour cream" />
<COREFERENCE id="C1" fromID="F3" fromText="Quesadilla" toID="F1" toText="grilled chicken Quesadilla" />
<COREFERENCE id="C2" fromID="A0" fromText="They" toID="F0" toText="Nacho&apos;s w/ sour cream" />
<COREFERENCE id="C3" fromID="A0" fromText="They" toID="F1" toText="grilled chicken Quesadilla" />
<COREFERENCE id="C4" fromID="A0" fromText="They" toID="F2" toText="fried Ice Cream" />
<COREFERENCE id="C5" fromID="F5" fromText="nacho&apos;s" toID="F4" toText="Nacho&apos;s" />
<COREFERENCE id="C6" fromID="A1" fromText="they" toID="F3" toText="Quesadilla" />
</TAGS>
</yelp_reviews_1.1>