<?xml version="1.0" encoding="UTF-8" ?>

<yelp_reviews_1.1>
<TEXT><![CDATA[We decided to try this restaurant out because we got a smokin' deal from Restaurants.com.  It was a Tuesday night so the place was pretty empty.  We were asked if we wanted to sit on the patio, which we declined because the Non-Smoking Patio is immediately adjacent to a smoking bar.  Um... smoke travels and so the patio was out.  

We were seated in the 'dining' area.  The music was very loud, so the reviews that this was a good place for kids, not so much.  If you want to have a conversation, this is not the place to go.  Not to mention that considering the decor and the number of cowboy hats in the room, the hard rock/heavy metal was sharply out of place.

We were immediately greeted by our waitress who took our drink order.  She brought the drinks out fast and took our food order.  My husband and I both got the carnitas burrito and my in-laws got the chicken tortas.  The waitress promptly brought us some chips and salsa.  Which tasted horrible.  The chips were too thick and were bland.

Once the food arrived it looked good.  Which made the taste all the more disappointing.  While my pork was tender, it was bland.  The sauted peppers were completely raw and not cooked at all. The refried black beans were unseasoned and very bland as well.  The rice was 'eh'. Nothing special.  My in-laws said the tortas were very dry and had to ask for more sauce.  The bread for the torta was supposedly toasted, however there was no indication that it was actually toasted. 

We ordered chicken strips for the kids which were decent, but considering they were dripping with oil, not too healthy. There was so much oil that the breading slid off the chicken.

Over all the meal was extremely disappointing. The service was prompt and our server was very nice but unfortunately we won't be returning.]]></TEXT>
<TAGS>
<FOOD id="F0" spans="921~936" text="chips and salsa"  />
<FOOD id="F1" spans="967~972" text="chips"  />
<FOOD id="F2" spans="1103~1107" text="pork"  />
<FOOD id="F3" spans="1139~1153" text="sauted peppers"  />
<FOOD id="F4" spans="1201~1220" text="refried black beans"  />
<FOOD id="F5" spans="1319~1325" text="tortas"  />
<FOOD id="F6" spans="1266~1270" text="rice"  />
<FOOD id="F7" spans="1376~1381" text="bread"  />
<FOOD id="F8" spans="1390~1395" text="torta"  />
<FOOD id="F9" spans="1495~1509" text="chicken strips"  />
<FOOD id="F10" spans="826~842" text="carnitas burrito"  />
<FOOD id="F11" spans="1635~1643" text="breading"  />
<FOOD id="F12" spans="1657~1664" text="chicken"  />
<FOOD id="F13" spans="866~880" text="chicken tortas"  />
<ANAPHORA id="A0" spans="1120~1122" text="it"  />
<ANAPHORA id="A1" spans="1457~1459" text="it"  />
<ANAPHORA id="A2" spans="1558~1562" text="they"  />
<QUALITY id="Q0" spans="1604~1664" text="There was so much oil that the breading slid off the chicken" type="negative" />
<QUALITY id="Q1" spans="1604~1664" text="There was so much oil that the breading slid off the chicken" type="negative" />
<QUALITY id="Q2" spans="945~960" text="tasted horrible" type="negative" />
<QUALITY id="Q3" spans="997~1002" text="bland" type="negative" />
<QUALITY id="Q4" spans="978~987" text="too thick" type="negative" />
<QUALITY id="Q5" spans="1127~1132" text="bland" type="negative" />
<QUALITY id="Q6" spans="1112~1118" text="tender" type="positive" />
<QUALITY id="Q7" spans="1159~1173" text="completely raw" type="negative" />
<QUALITY id="Q8" spans="1178~1195" text="not cooked at all" type="negative" />
<QUALITY id="Q9" spans="1226~1236" text="unseasoned" type="negative" />
<QUALITY id="Q10" spans="1241~1251" text="very bland" type="negative" />
<QUALITY id="Q11" spans="1275~1279" text="&apos;eh&apos;" type="negative" />
<QUALITY id="Q12" spans="1281~1296" text="Nothing special" type="negative" />
<QUALITY id="Q13" spans="1331~1339" text="very dry" type="negative" />
<QUALITY id="Q14" spans="1428~1480" text="there was no indication that it was actually toasted" type="negative" />
<QUALITY id="Q15" spans="1534~1540" text="decent" type="neutral" />
<QUALITY id="Q16" spans="1568~1585" text="dripping with oil" type="negative" />
<QUALITY id="Q17" spans="1587~1602" text="not too healthy" type="negative" />
<QUALITY id="Q18" spans="1604~1664" text="There was so much oil that the breading slid off the chicken" type="negative" />
<QUALITY id="Q19" spans="1344~1369" text="had to ask for more sauce" type="negative" />
<PART_OF id="P0" fromID="F1" fromText="chips" toID="F0" toText="chips and salsa" />
<PART_OF id="P1" fromID="F2" fromText="pork" toID="F10" toText="carnitas burrito" />
<PART_OF id="P2" fromID="F3" fromText="sauted peppers" toID="F10" toText="carnitas burrito" />
<PART_OF id="P3" fromID="F4" fromText="refried black beans" toID="F10" toText="carnitas burrito" />
<PART_OF id="P4" fromID="F6" fromText="rice" toID="F10" toText="carnitas burrito" />
<PART_OF id="P5" fromID="F7" fromText="bread" toID="F8" toText="torta" />
<PART_OF id="P6" fromID="F11" fromText="breading" toID="F12" toText="chicken" />
<OPINION id="O0" fromID="Q2" fromText="tasted horrible" toID="F0" toText="chips and salsa" relationship="explicit" />
<OPINION id="O1" fromID="Q4" fromText="too thick" toID="F1" toText="chips" relationship="explicit" />
<OPINION id="O2" fromID="Q3" fromText="bland" toID="F1" toText="chips" relationship="explicit" />
<OPINION id="O3" fromID="Q6" fromText="tender" toID="F2" toText="pork" relationship="explicit" />
<OPINION id="O4" fromID="Q5" fromText="bland" toID="A0" toText="it" relationship="explicit" />
<OPINION id="O5" fromID="Q7" fromText="completely raw" toID="F3" toText="sauted peppers" relationship="explicit" />
<OPINION id="O6" fromID="Q8" fromText="not cooked at all" toID="F3" toText="sauted peppers" relationship="explicit" />
<OPINION id="O7" fromID="Q10" fromText="very bland" toID="F4" toText="refried black beans" relationship="explicit" />
<OPINION id="O8" fromID="Q9" fromText="unseasoned" toID="F4" toText="refried black beans" relationship="explicit" />
<OPINION id="O9" fromID="Q11" fromText="&apos;eh&apos;" toID="F6" toText="rice" relationship="implicit" />
<OPINION id="O10" fromID="Q12" fromText="Nothing special" toID="F6" toText="rice" relationship="explicit" />
<OPINION id="O11" fromID="Q13" fromText="very dry" toID="F5" toText="tortas" relationship="explicit" />
<OPINION id="O12" fromID="Q19" fromText="had to ask for more sauce" toID="F5" toText="tortas" relationship="implicit" />
<OPINION id="O14" fromID="Q14" fromText="there was no indication that it was actually toasted" toID="F7" toText="bread" relationship="explicit" />
<OPINION id="O15" fromID="Q15" fromText="decent" toID="F9" toText="chicken strips" relationship="explicit" />
<OPINION id="O16" fromID="Q16" fromText="dripping with oil" toID="A2" toText="they" relationship="explicit" />
<OPINION id="O17" fromID="Q17" fromText="not too healthy" toID="A2" toText="they" relationship="explicit" />
<OPINION id="O18" fromID="Q1" fromText="There was so much oil that the breading slid off the chicken" toID="A2" toText="they" relationship="explicit" />
<COREFERENCE id="C0" fromID="F5" fromText="tortas" toID="F13" toText="chicken tortas" />
<COREFERENCE id="C1" fromID="A0" fromText="it" toID="F2" toText="pork" />
<COREFERENCE id="C2" fromID="A1" fromText="it" toID="F7" toText="bread" />
<COREFERENCE id="C3" fromID="F8" fromText="torta" toID="F13" toText="chicken tortas" />
<COREFERENCE id="C4" fromID="A2" fromText="they" toID="F9" toText="chicken strips" />
</TAGS>
</yelp_reviews_1.1>