<?xml version="1.0" encoding="UTF-8" ?>

<yelp_reviews_1.1>
<TEXT><![CDATA[4 of us went there last night before The Who concert.  I'm giving it 1 Star only because of it's great location next to the arena....OMG where do I start?  We had to flag our waiter or someone else down about 5 times...he would disappear for 10-15 minutes at a time.  The $13 burrito wasn't half as good as $5 burritos you can get on Van Buren.
We go out @ 5 times per week so you have to be pretty bad to have earned "My Worst Dining Experience This Year Award!"

Avoid this place at all cost.]]></TEXT>
<TAGS>
<FOOD id="F0" spans="276~283" text="burrito"  />
<QUALITY id="Q0" spans="284~343" text="wasn&apos;t half as good as $5 burritos you can get on Van Buren" type="negative" />
<QUALITY id="Q1" spans="272~275" text="$13" type="negative" />
<OPINION id="O0" fromID="Q0" fromText="wasn&apos;t half as good as $5 burritos you can get on Van Buren" toID="F0" toText="burrito" relationship="implicit" />
<OPINION id="O1" fromID="Q1" fromText="$13" toID="F0" toText="burrito" relationship="implicit" />
</TAGS>
</yelp_reviews_1.1>