<?xml version="1.0" encoding="UTF-8" ?>

<yelp_reviews_1.1>
<TEXT><![CDATA[We went on a non home game day and Westgate was slow.  The restaurant has a Mexican flare tables and chairs in dining area with s large bar area with hightops. We ordered strawberry margaritas, they were generous in pour and size and topped with whipped cream.   Chips and salsa were served warm and fresh, they even have refills.  For meals we both ordered fajitas.  They offered to do a split of the 4 types of meats, however we went with the chicken.  They were served with fresh warm tortillas, pico de gallo, cheese, sour cream, the usual.  The chicken was tender sizzling on a bed of grilled onions and peppers.  They were seasoned to perfection.  Plenty food for leftovers.  While we were there the AZ Cardinal walk in dancing and having fun.  Surprising to see a cardinal seeing they were playing in Detroit.  Ramon the cardinal was a fun bonus especially for my 78 yr old mother, he was a kind young man who just wants to make people smile.  Nothing wrong with that, we need more folks like Ramon.  Give Calicos a try, just not on home game day based on others reviews. We had a nice meal. We will gladly return.]]></TEXT>
<TAGS>
<FOOD id="F0" spans="171~192" text="strawberry margaritas"  />
<FOOD id="F1" spans="246~259" text="whipped cream"  />
<FOOD id="F2" spans="263~278" text="Chips and salsa"  />
<FOOD id="F3" spans="358~365" text="fajitas"  />
<FOOD id="F4" spans="445~452" text="chicken"  />
<FOOD id="F5" spans="514~520" text="cheese"  />
<FOOD id="F6" spans="499~512" text="pico de gallo"  />
<FOOD id="F7" spans="488~497" text="tortillas"  />
<FOOD id="F8" spans="522~532" text="sour cream"  />
<FOOD id="F9" spans="550~557" text="chicken"  />
<FOOD id="F10" spans="609~616" text="peppers"  />
<FOOD id="F11" spans="590~604" text="grilled onions"  />
<ANAPHORA id="A0" spans="619~623" text="They"  />
<ANAPHORA id="A1" spans="455~459" text="They"  />
<QUALITY id="Q0" spans="204~229" text="generous in pour and size" type="positive" />
<QUALITY id="Q1" spans="234~259" text="topped with whipped cream" type="positive" />
<QUALITY id="Q2" spans="307~329" text="they even have refills" type="positive" />
<QUALITY id="Q3" spans="300~305" text="fresh" type="positive" />
<QUALITY id="Q4" spans="291~295" text="warm" type="positive" />
<QUALITY id="Q5" spans="477~482" text="fresh" type="positive" />
<QUALITY id="Q6" spans="483~487" text="warm" type="positive" />
<QUALITY id="Q7" spans="562~568" text="tender" type="positive" />
<QUALITY id="Q8" spans="569~616" text="sizzling on a bed of grilled onions and peppers" type="positive" />
<QUALITY id="Q9" spans="629~651" text="seasoned to perfection" type="positive" />
<QUALITY id="Q10" spans="654~679" text="Plenty food for leftovers" type="positive" />
<PART_OF id="P0" fromID="F1" fromText="whipped cream" toID="F0" toText="strawberry margaritas" />
<PART_OF id="P1" fromID="F4" fromText="chicken" toID="F3" toText="fajitas" />
<PART_OF id="P2" fromID="F7" fromText="tortillas" toID="F3" toText="fajitas" />
<PART_OF id="P3" fromID="F6" fromText="pico de gallo" toID="F3" toText="fajitas" />
<PART_OF id="P4" fromID="F5" fromText="cheese" toID="F3" toText="fajitas" />
<PART_OF id="P5" fromID="F8" fromText="sour cream" toID="F3" toText="fajitas" />
<PART_OF id="P6" fromID="F8" fromText="sour cream" toID="A1" toText="They" />
<PART_OF id="P7" fromID="F5" fromText="cheese" toID="A1" toText="They" />
<PART_OF id="P8" fromID="F6" fromText="pico de gallo" toID="A1" toText="They" />
<PART_OF id="P9" fromID="F7" fromText="tortillas" toID="A1" toText="They" />
<PART_OF id="P10" fromID="F9" fromText="chicken" toID="F4" toText="chicken" />
<PART_OF id="P11" fromID="F11" fromText="grilled onions" toID="F4" toText="chicken" />
<PART_OF id="P12" fromID="F10" fromText="peppers" toID="F4" toText="chicken" />
<OPINION id="O0" fromID="Q0" fromText="generous in pour and size" toID="F0" toText="strawberry margaritas" relationship="explicit" />
<OPINION id="O1" fromID="Q4" fromText="warm" toID="F2" toText="Chips and salsa" relationship="explicit" />
<OPINION id="O2" fromID="Q3" fromText="fresh" toID="F2" toText="Chips and salsa" relationship="explicit" />
<OPINION id="O3" fromID="Q2" fromText="they even have refills" toID="F2" toText="Chips and salsa" relationship="explicit" />
<OPINION id="O4" fromID="Q10" fromText="Plenty food for leftovers" toID="A1" toText="They" relationship="explicit" />
<OPINION id="O5" fromID="Q5" fromText="fresh" toID="A1" toText="They" relationship="explicit" />
<OPINION id="O6" fromID="Q6" fromText="warm" toID="F7" toText="tortillas" relationship="explicit" />
<OPINION id="O7" fromID="Q7" fromText="tender" toID="F9" toText="chicken" relationship="explicit" />
<OPINION id="O8" fromID="Q9" fromText="seasoned to perfection" toID="A0" toText="They" relationship="explicit" />
<OPINION id="O9" fromID="Q8" fromText="sizzling on a bed of grilled onions and peppers" toID="F9" toText="chicken" relationship="explicit" />
<COREFERENCE id="C0" fromID="A0" fromText="They" toID="F11" toText="grilled onions" />
<COREFERENCE id="C1" fromID="A0" fromText="They" toID="F10" toText="peppers" />
<COREFERENCE id="C2" fromID="F9" fromText="chicken" toID="F4" toText="chicken" />
<COREFERENCE id="C3" fromID="A1" fromText="They" toID="F3" toText="fajitas" />
</TAGS>
</yelp_reviews_1.1>