<?xml version="1.0" encoding="UTF-8" ?>

<yelp_reviews_1.1>
<TEXT><![CDATA[DON'T WASTE MONEY!!! The "hostess" was in short shorts and I thought she was a customer!! Service was slow and inadequate-we waited too long to GIVE our order. Then too long for check to get to us! I ordered the "mini" thingys and they were bland. The dipping sauce did help with taste. Hubby says wings were not cooked enough. He did bring them home so we can cook them more. Then there are no "to go" boxes and the rest of our (mediocre) wings had to be wrapped in tin foil. Tried to pay with Discover, nope, another minus!! The bartender WAS trying to help our server as he asked to bring more iced tea and HE checked on us couple times. The only reason we stopped is we were at the stadium for an event and Calico Jacks has Buzztime.  Sorry, not worth it. We'll go to our usual watering hole next time.

YOU SO NEED "RESTAURANT IMPOSSIBLE"!!!!]]></TEXT>
<TAGS>
<FOOD id="F0" spans="298~303" text="wings"  />
<FOOD id="F1" spans="440~445" text="wings"  />
<ANAPHORA id="A0" spans="341~345" text="them"  />
<QUALITY id="Q0" spans="309~326" text="not cooked enough" type="negative" />
<QUALITY id="Q1" spans="430~438" text="mediocre" type="neutral" />
<OPINION id="O0" fromID="Q0" fromText="not cooked enough" toID="F0" toText="wings" relationship="explicit" />
<OPINION id="O1" fromID="Q1" fromText="mediocre" toID="F1" toText="wings" relationship="explicit" />
<COREFERENCE id="C0" fromID="F1" fromText="wings" toID="A0" toText="them" />
<COREFERENCE id="C1" fromID="F1" fromText="wings" toID="F0" toText="wings" />
</TAGS>
</yelp_reviews_1.1>