<?xml version="1.0" encoding="UTF-8" ?>

<yelp_reviews_1.1>
<TEXT><![CDATA[Went here last night with some girl friends and had a decent time. Seems like everyyything that had alcohol in it was $6. Shots of generic tequila, draft beers, and mixed drinks. So if youre gonna drink, just get shots because their mixed drinks SUCK and their beer is warm. I asked for a long island and got nasty watered down juice crap. Seriously the worst drink I ever had. Long islands are supposed to be strong! I had to ask the bartender outside to fix it. Apparently she knows the bartenders inside cant mix for sh*t too. Music was mostly spanish, almost made me want to leave but then they played some good stuff for like 30 min. Nobody can dance by the way. Guys and girls. Lots of older ppl and lots of shaved heads. Idk....i would say if you cant go anywhere else, this should be your last resort. Or else just get drunk and you wont really care too much.]]></TEXT>
<TAGS>
<FOOD id="F0" spans="289~300" text="long island"  />
<FOOD id="F1" spans="233~245" text="mixed drinks"  />
<FOOD id="F5" spans="261~265" text="beer"  />
<FOOD id="F6" spans="378~390" text="Long islands"  />
<ANAPHORA id="A0" spans="460~462" text="it"  />
<QUALITY id="Q0" spans="179~212" text="So if youre gonna drink, just get" type="neutral" />
<QUALITY id="Q1" spans="246~250" text="SUCK" type="negative" />
<QUALITY id="Q2" spans="269~273" text="warm" type="negative" />
<QUALITY id="Q3" spans="309~338" text="nasty watered down juice crap" type="negative" />
<QUALITY id="Q4" spans="340~376" text="Seriously the worst drink I ever had" type="negative" />
<QUALITY id="Q5" spans="395~416" text="supposed to be strong" type="negative" />
<QUALITY id="Q6" spans="418~459" text="I had to ask the bartender outside to fix" type="negative" />
<OPINION id="O0" fromID="Q1" fromText="SUCK" toID="F1" toText="mixed drinks" relationship="explicit" />
<OPINION id="O2" fromID="Q2" fromText="warm" toID="F5" toText="beer" relationship="explicit" />
<OPINION id="O3" fromID="Q3" fromText="nasty watered down juice crap" toID="F0" toText="long island" relationship="explicit" />
<OPINION id="O4" fromID="Q4" fromText="Seriously the worst drink I ever had" toID="F0" toText="long island" relationship="explicit" />
<OPINION id="O5" fromID="Q5" fromText="supposed to be strong" toID="F6" toText="Long islands" relationship="implicit" />
<OPINION id="O6" fromID="Q6" fromText="I had to ask the bartender outside to fix" toID="A0" toText="it" relationship="implicit" />
<COREFERENCE id="C0" fromID="F6" fromText="Long islands" toID="F0" toText="long island" />
<COREFERENCE id="C1" fromID="A0" fromText="it" toID="F6" toText="Long islands" />
</TAGS>
</yelp_reviews_1.1>