<?xml version="1.0" encoding="UTF-8" ?>

<yelp_reviews_1.1>
<TEXT><![CDATA[The food was bland and the service was an "I don't want to be here attitude". We will not go back. I ordered fajitas and the steak was already cubed (no sizzle at all) it did not come with lettuce, cheese, or sour cream, only rice and beans.]]></TEXT>
<TAGS>
<FOOD id="F0" spans="109~116" text="fajitas"  />
<FOOD id="F1" spans="125~130" text="steak"  />
<FOOD id="F2" spans="226~230" text="rice"  />
<FOOD id="F3" spans="235~240" text="beans"  />
<ANAPHORA id="A0" spans="168~170" text="it"  />
<QUALITY id="Q0" spans="221~240" text="only rice and beans" type="negative" />
<QUALITY id="Q1" spans="171~219" text="did not come with lettuce, cheese, or sour cream" type="negative" />
<QUALITY id="Q2" spans="150~166" text="no sizzle at all" type="negative" />
<QUALITY id="Q3" spans="135~148" text="already cubed" type="negative" />
<PART_OF id="P0" fromID="F1" fromText="steak" toID="F0" toText="fajitas" />
<PART_OF id="P1" fromID="F2" fromText="rice" toID="A0" toText="it" />
<PART_OF id="P2" fromID="F3" fromText="beans" toID="A0" toText="it" />
<OPINION id="O0" fromID="Q3" fromText="already cubed" toID="F1" toText="steak" relationship="explicit" />
<OPINION id="O1" fromID="Q2" fromText="no sizzle at all" toID="F1" toText="steak" relationship="explicit" />
<OPINION id="O2" fromID="Q1" fromText="did not come with lettuce, cheese, or sour cream" toID="A0" toText="it" relationship="explicit" />
<OPINION id="O3" fromID="Q0" fromText="only rice and beans" toID="A0" toText="it" relationship="explicit" />
<COREFERENCE id="C0" fromID="A0" fromText="it" toID="F0" toText="fajitas" />
</TAGS>
</yelp_reviews_1.1>