<?xml version="1.0" encoding="UTF-8" ?>

<yelp_reviews_1.1>
<TEXT><![CDATA[1 star for basically the worst Mexican food I've ever had. 3 stars for a super cute and friendly waitress and decent margarita. Pretty disappointed the one time I don't check Yelp before dining somewhere happened to be with my boyfriends parents. 
The chips that came with the chips and salsa were warm but killed with way too much salt. My bfs mom and I both ordered the chicken burrito. It came out with no sauce, cheese, Guac or sour cream on top. It was basically Luke warm chunks of chicken with chopped ice burg lettuce and what I think was ranch inside of an old tortilla. 
None of the employees (except for our waitress) seems to be interested in smiling and our encounter with the hostesses was very awkward as well. I would definitely avoid this place at all costs. Even with the discount on food offered here. Not worth it.]]></TEXT>
<TAGS>
<FOOD id="F0" spans="117~126" text="margarita"  />
<FOOD id="F1" spans="252~257" text="chips"  />
<FOOD id="F2" spans="277~292" text="chips and salsa"  />
<FOOD id="F3" spans="372~387" text="chicken burrito"  />
<FOOD id="F4" spans="488~495" text="chicken"  />
<FOOD id="F5" spans="509~525" text="ice burg lettuce"  />
<FOOD id="F6" spans="547~552" text="ranch"  />
<FOOD id="F7" spans="570~578" text="tortilla"  />
<ANAPHORA id="A0" spans="389~391" text="It"  />
<ANAPHORA id="A1" spans="451~453" text="It"  />
<QUALITY id="Q0" spans="110~116" text="decent" type="neutral" />
<QUALITY id="Q1" spans="298~302" text="warm" type="positive" />
<QUALITY id="Q2" spans="307~336" text="killed with way too much salt" type="negative" />
<QUALITY id="Q3" spans="392~449" text="came out with no sauce, cheese, Guac or sour cream on top" type="negative" />
<QUALITY id="Q4" spans="458~578" text="basically Luke warm chunks of chicken with chopped ice burg lettuce and what I think was ranch inside of an old tortilla" type="negative" />
<PART_OF id="P0" fromID="F1" fromText="chips" toID="F2" toText="chips and salsa" />
<PART_OF id="P1" fromID="F4" fromText="chicken" toID="A1" toText="It" />
<PART_OF id="P2" fromID="F5" fromText="ice burg lettuce" toID="A1" toText="It" />
<PART_OF id="P3" fromID="F6" fromText="ranch" toID="A1" toText="It" />
<PART_OF id="P4" fromID="F7" fromText="tortilla" toID="A1" toText="It" />
<OPINION id="O0" fromID="Q4" fromText="basically Luke warm chunks of chicken with chopped ice burg lettuce and what I think was ranch inside of an old tortilla" toID="F7" toText="tortilla" relationship="explicit" />
<OPINION id="O1" fromID="Q4" fromText="basically Luke warm chunks of chicken with chopped ice burg lettuce and what I think was ranch inside of an old tortilla" toID="F4" toText="chicken" relationship="explicit" />
<OPINION id="O2" fromID="Q4" fromText="basically Luke warm chunks of chicken with chopped ice burg lettuce and what I think was ranch inside of an old tortilla" toID="A1" toText="It" relationship="implicit" />
<OPINION id="O3" fromID="Q3" fromText="came out with no sauce, cheese, Guac or sour cream on top" toID="A0" toText="It" relationship="implicit" />
<OPINION id="O4" fromID="Q3" fromText="came out with no sauce, cheese, Guac or sour cream on top" toID="A0" toText="It" relationship="explicit" />
<OPINION id="O5" fromID="Q2" fromText="killed with way too much salt" toID="F1" toText="chips" relationship="explicit" />
<OPINION id="O6" fromID="Q1" fromText="warm" toID="F1" toText="chips" relationship="explicit" />
<OPINION id="O7" fromID="Q0" fromText="decent" toID="F0" toText="margarita" relationship="explicit" />
<COREFERENCE id="C0" fromID="A0" fromText="It" toID="F3" toText="chicken burrito" />
<COREFERENCE id="C1" fromID="F7" fromText="tortilla" toID="A1" toText="It" />
<COREFERENCE id="C2" fromID="A1" fromText="It" toID="A0" toText="It" />
</TAGS>
</yelp_reviews_1.1>