<?xml version="1.0" encoding="UTF-8" ?>

<yelp_reviews_1.1>
<TEXT><![CDATA[let me start by saying...any place that offers 77% off your meal, just for being born in the year 1977 is alright by me! that's right, last week was the 32nd year anniversary for the Restaurant, located around AZ, so they offered several super cheap deals on some great food! We were there on the day of the 77% discount and my seester and i ate like hogs for $12.50, of which $6.50 was my mango margarita (arriba arriba! so tasty) i had the cheese enchilada, chicken hard taco, tortilla soup and of course many a chip and salsa y creama (sour cream) the rice was delicious as always, the soup devine (the broth was made with red enchilada sauce). the chicken taco wasn't my favorite (sorry my ma makes the best) because of the ground chicken pattie type of thing that was fried in the tortilla shell. on the other hand, my sister said the chicken taco has been her favorite for the past 10 years that we've been eating there. oh yeah secrets out of the bag in this review....the salsa served here is the best hang over cure you can find in AZ, not sure why, and it might even be the chips, but they work wonders! 

so the manager said earlier in the week of the anniversary, the numero uno was the same price as the day the restaurant first opened, but we missed that day. next year they will do the same, but take my word and don't wait,  the food was still very reasonably priced for everyday meals, and the happy hour is a local secret, one that is packed with cheap tasty treats, refreshing drinks and the tastiest salsa served with light crispy chips, i could fill up on those alone (and believe me there have been many a time i have!) enjoy this rare authentic treasure hidden in a tourist mall (go figure).

my only complaint is the lack of room in my stomach after that free basket of chips and the delicious salsa they pushed on me- which was actually very welcomed lol.]]></TEXT>
<TAGS>
<FOOD id="F0" spans="390~405" text="mango margarita"  />
<FOOD id="F1" spans="442~458" text="cheese enchilada"  />
<FOOD id="F2" spans="460~477" text="chicken hard taco"  />
<FOOD id="F3" spans="479~492" text="tortilla soup"  />
<FOOD id="F4" spans="555~559" text="rice"  />
<FOOD id="F5" spans="589~593" text="soup"  />
<FOOD id="F6" spans="606~611" text="broth"  />
<FOOD id="F8" spans="652~664" text="chicken taco"  />
<FOOD id="F9" spans="840~852" text="chicken taco"  />
<FOOD id="F10" spans="728~763" text="ground chicken pattie type of thing"  />
<FOOD id="F11" spans="980~985" text="salsa"  />
<FOOD id="F12" spans="1520~1525" text="salsa"  />
<FOOD id="F13" spans="1551~1556" text="chips"  />
<FOOD id="F14" spans="1794~1799" text="chips"  />
<FOOD id="F15" spans="1818~1823" text="salsa"  />
<FOOD id="F16" spans="626~645" text="red enchilada sauce"  />
<ANAPHORA id="A1" spans="589~593" text="soup"  />
<ANAPHORA id="A2" spans="1577~1582" text="those"  />
<QUALITY id="Q0" spans="422~430" text="so tasty" type="positive" />
<QUALITY id="Q1" spans="564~583" text="delicious as always" type="positive" />
<QUALITY id="Q2" spans="594~600" text="devine" type="positive" />
<QUALITY id="Q3" spans="602~645" text="the broth was made with red enchilada sauce" type="positive" />
<QUALITY id="Q4" spans="665~683" text="wasn&apos;t my favorite" type="negative" />
<QUALITY id="Q5" spans="853~925" text="has been her favorite for the past 10 years that we&apos;ve been eating there" type="positive" />
<QUALITY id="Q6" spans="1005~1043" text="best hang over cure you can find in AZ" type="positive" />
<QUALITY id="Q7" spans="1511~1519" text="tastiest" type="positive" />
<QUALITY id="Q8" spans="1538~1543" text="light" type="positive" />
<QUALITY id="Q9" spans="1544~1550" text="crispy" type="positive" />
<QUALITY id="Q10" spans="1558~1588" text="i could fill up on those alone" type="positive" />
<QUALITY id="Q11" spans="1779~1783" text="free" type="positive" />
<QUALITY id="Q12" spans="1808~1817" text="delicious" type="positive" />
<PART_OF id="P0" fromID="F16" fromText="red enchilada sauce" toID="F6" toText="broth" />
<PART_OF id="P1" fromID="F6" fromText="broth" toID="F5" toText="soup" />
<PART_OF id="P2" fromID="F10" fromText="ground chicken pattie type of thing" toID="F8" toText="chicken taco" />
<OPINION id="O0" fromID="Q0" fromText="so tasty" toID="F0" toText="mango margarita" relationship="explicit" />
<OPINION id="O1" fromID="Q1" fromText="delicious as always" toID="F4" toText="rice" relationship="explicit" />
<OPINION id="O2" fromID="Q2" fromText="devine" toID="F5" toText="soup" relationship="explicit" />
<OPINION id="O3" fromID="Q5" fromText="has been her favorite for the past 10 years that we&apos;ve been eating there" toID="F9" toText="chicken taco" relationship="explicit" />
<OPINION id="O4" fromID="Q4" fromText="wasn&apos;t my favorite" toID="F8" toText="chicken taco" relationship="explicit" />
<OPINION id="O5" fromID="Q6" fromText="best hang over cure you can find in AZ" toID="F11" toText="salsa" relationship="implicit" />
<OPINION id="O6" fromID="Q7" fromText="tastiest" toID="F12" toText="salsa" relationship="explicit" />
<OPINION id="O7" fromID="Q9" fromText="crispy" toID="F13" toText="chips" relationship="explicit" />
<OPINION id="O8" fromID="Q8" fromText="light" toID="F13" toText="chips" relationship="explicit" />
<OPINION id="O9" fromID="Q12" fromText="delicious" toID="F15" toText="salsa" relationship="explicit" />
<COREFERENCE id="C0" fromID="F9" fromText="chicken taco" toID="F2" toText="chicken hard taco" />
<COREFERENCE id="C1" fromID="F5" fromText="soup" toID="F3" toText="tortilla soup" />
<COREFERENCE id="C3" fromID="A2" fromText="those" toID="F13" toText="chips" />
<COREFERENCE id="C4" fromID="F12" fromText="salsa" toID="F11" toText="salsa" />
</TAGS>
</yelp_reviews_1.1>