<?xml version="1.0" encoding="UTF-8" ?>

<yelp_reviews_1.1>
<TEXT><![CDATA[*This is really a 2.5 star restaurant but it gets the benefit of the doubt for being the only Mexican restaurant in reasonable walking distance from my work downtown, can't believe there aren't more Mexican restaurants centered downtown*

I have only eaten here for lunch - they have decent chips and salsa (mix the regular salsa with their separate hot sauce salsa) and their lunch prices are probably average...slightly on the high side for Mexican lunch, in my opinion.

They have a blue margarita for $2.50...it's pretty sweet (not my favorite), but good value for a drink.  

Service is usually good, typically they are attentive with drinks, chips, and bringing the bill.  

If you remember the Matador downtown, this is a step down in all aspects of a resaurant except for maybe speed of service where it's a tie.

All in all - this is Phoenix, AZ.  You should not settle for mediocre Mexican food at above average prices, but for lack of options, this is an acceptable option.]]></TEXT>
<TAGS>
<FOOD id="F0" spans="291~306" text="chips and salsa"  />
<FOOD id="F1" spans="316~329" text="regular salsa"  />
<FOOD id="F2" spans="350~365" text="hot sauce salsa"  />
<FOOD id="F3" spans="486~500" text="blue margarita"  />
<ANAPHORA id="A0" spans="513~515" text="it"  />
<QUALITY id="Q0" spans="284~290" text="decent" type="neutral" />
<QUALITY id="Q1" spans="518~530" text="pretty sweet" type="negative" />
<QUALITY id="Q2" spans="532~547" text="not my favorite" type="negative" />
<QUALITY id="Q3" spans="554~576" text="good value for a drink" type="positive" />
<PART_OF id="P0" fromID="F1" fromText="regular salsa" toID="F0" toText="chips and salsa" />
<PART_OF id="P1" fromID="F2" fromText="hot sauce salsa" toID="F0" toText="chips and salsa" />
<OPINION id="O0" fromID="Q0" fromText="decent" toID="F0" toText="chips and salsa" relationship="explicit" />
<OPINION id="O1" fromID="Q1" fromText="pretty sweet" toID="A0" toText="it" relationship="explicit" />
<OPINION id="O2" fromID="Q3" fromText="good value for a drink" toID="A0" toText="it" relationship="explicit" />
<OPINION id="O3" fromID="Q2" fromText="not my favorite" toID="A0" toText="it" relationship="explicit" />
<COREFERENCE id="C0" fromID="A0" fromText="it" toID="F3" toText="blue margarita" />
</TAGS>
</yelp_reviews_1.1>