<?xml version="1.0" encoding="UTF-8" ?>

<yelp_reviews_1.1>
<TEXT><![CDATA[Wonderful food, service & atmosphere at a decent price.  I had the carnitas - the meat was perfectly moist, tender and just enough spice.  Hubby had a chicken burrito - it was thoroughly enjoyed.  House margarita topped the meal wonderfully.  Waitress was very attentive and friendly.  A group of 10 people came in and the staff made sure they were seated promptly.  Couldn't ask for better service.]]></TEXT>
<TAGS>
<FOOD id="F0" spans="67~75" text="carnitas"  />
<FOOD id="F1" spans="82~86" text="meat"  />
<FOOD id="F2" spans="151~166" text="chicken burrito"  />
<FOOD id="F3" spans="197~212" text="House margarita"  />
<ANAPHORA id="A0" spans="169~171" text="it"  />
<QUALITY id="Q0" spans="91~106" text="perfectly moist" type="positive" />
<QUALITY id="Q1" spans="108~114" text="tender" type="positive" />
<QUALITY id="Q2" spans="119~136" text="just enough spice" type="positive" />
<QUALITY id="Q3" spans="176~194" text="thoroughly enjoyed" type="positive" />
<QUALITY id="Q4" spans="213~240" text="topped the meal wonderfully" type="positive" />
<PART_OF id="P0" fromID="F1" fromText="meat" toID="F0" toText="carnitas" />
<OPINION id="O0" fromID="Q0" fromText="perfectly moist" toID="F1" toText="meat" relationship="explicit" />
<OPINION id="O1" fromID="Q1" fromText="tender" toID="F1" toText="meat" relationship="explicit" />
<OPINION id="O2" fromID="Q2" fromText="just enough spice" toID="F1" toText="meat" relationship="explicit" />
<OPINION id="O3" fromID="Q3" fromText="thoroughly enjoyed" toID="A0" toText="it" relationship="implicit" />
<OPINION id="O4" fromID="Q4" fromText="topped the meal wonderfully" toID="F3" toText="House margarita" relationship="implicit" />
<COREFERENCE id="C0" fromID="A0" fromText="it" toID="F2" toText="chicken burrito" />
</TAGS>
</yelp_reviews_1.1>