<?xml version="1.0" encoding="UTF-8" ?>

<yelp_reviews_1.1>
<TEXT><![CDATA[So this first experience started off with a huge cockroach in the bathroom. Almost couldn't even sit down to go. (yuck) ok on to the rest. The chips and salsa were good with a little bit of spice. The Numero 15 is a cheese enchilada with a chicken taco rice and beans. The only flavor at this restaurant was in the salsa. It was so bland. I don't know that it was worth the $3 parking validation we came for. My friend and I love Mexican so we picked it on our way elsewhere, my suggestion go elsewhere.]]></TEXT>
<TAGS>
<FOOD id="F0" spans="143~158" text="chips and salsa"  />
<FOOD id="F1" spans="201~210" text="Numero 15"  />
<FOOD id="F2" spans="216~232" text="cheese enchilada"  />
<FOOD id="F3" spans="240~252" text="chicken taco"  />
<FOOD id="F4" spans="253~257" text="rice"  />
<FOOD id="F5" spans="262~267" text="beans"  />
<FOOD id="F6" spans="315~320" text="salsa"  />
<ANAPHORA id="A0" spans="322~324" text="It"  />
<QUALITY id="Q0" spans="164~168" text="good" type="positive" />
<QUALITY id="Q1" spans="174~195" text="a little bit of spice" type="neutral" />
<QUALITY id="Q2" spans="269~310" text="The only flavor at this restaurant was in" type="neutral" />
<QUALITY id="Q3" spans="329~337" text="so bland" type="negative" />
<PART_OF id="P0" fromID="F6" fromText="salsa" toID="F0" toText="chips and salsa" />
<PART_OF id="P1" fromID="F2" fromText="cheese enchilada" toID="F1" toText="Numero 15" />
<PART_OF id="P2" fromID="F3" fromText="chicken taco" toID="F1" toText="Numero 15" />
<PART_OF id="P3" fromID="F4" fromText="rice" toID="F1" toText="Numero 15" />
<PART_OF id="P4" fromID="F5" fromText="beans" toID="F1" toText="Numero 15" />
<OPINION id="O0" fromID="Q0" fromText="good" toID="F0" toText="chips and salsa" relationship="explicit" />
<OPINION id="O1" fromID="Q1" fromText="a little bit of spice" toID="F0" toText="chips and salsa" relationship="explicit" />
<OPINION id="O2" fromID="Q2" fromText="The only flavor at this restaurant was in" toID="F6" toText="salsa" relationship="implicit" />
<OPINION id="O3" fromID="Q3" fromText="so bland" toID="A0" toText="It" relationship="explicit" />
<COREFERENCE id="C0" fromID="A0" fromText="It" toID="F1" toText="Numero 15" />
</TAGS>
</yelp_reviews_1.1>