<?xml version="1.0" encoding="UTF-8" ?>

<yelp_reviews_1.1>
<TEXT><![CDATA[Not sure the food could be considered authentic. BUT, the carnitas yucitan were exactly what I wanted. 

They were very tasty with a perfect amount of spicy. 

Service was ok, and chips an salsa were average.]]></TEXT>
<TAGS>
<FOOD id="F0" spans="58~74" text="carnitas yucitan"  />
<FOOD id="F1" spans="180~194" text="chips an salsa"  />
<ANAPHORA id="A0" spans="105~109" text="They"  />
<QUALITY id="Q0" spans="115~125" text="very tasty" type="positive" />
<QUALITY id="Q1" spans="131~156" text="a perfect amount of spicy" type="positive" />
<QUALITY id="Q2" spans="200~207" text="average" type="neutral" />
<QUALITY id="Q3" spans="80~101" text="exactly what I wanted" type="positive" />
<OPINION id="O0" fromID="Q3" fromText="exactly what I wanted" toID="F0" toText="carnitas yucitan" relationship="implicit" />
<OPINION id="O1" fromID="Q0" fromText="very tasty" toID="A0" toText="They" relationship="explicit" />
<OPINION id="O2" fromID="Q1" fromText="a perfect amount of spicy" toID="A0" toText="They" relationship="explicit" />
<OPINION id="O3" fromID="Q2" fromText="average" toID="F1" toText="chips an salsa" relationship="explicit" />
<COREFERENCE id="C0" fromID="A0" fromText="They" toID="F0" toText="carnitas yucitan" />
</TAGS>
</yelp_reviews_1.1>