<?xml version="1.0" encoding="UTF-8" ?>

<yelp_reviews_1.1>
<TEXT><![CDATA[Visited this place right after checking in to the hotel right across the street for a conference. I was STARVING! A co-worker and I love Mexican food, so we decided to give this place a shot. We were greeted by a hostess, showed to our table, and not long after, the waitress came and got our drink and food order. We had to ask twice for chips and salsa. Salsa was a bit chunky...more like pico, and I don't care for chunks of tomato, so that turned me off. I ordered the chicken deep fried tacos. I really wasn't impressed. No flavor. The tortilla wasn't crispy enough. Not a good meat to veggie to tortilla ratio. Rice and beans were good though. Our flight had been delayed and it was pretty late, so when we were ready for our check, our waitress was no where to be found. I'm not sure that I'll ever try this place again if I'm ever back this way...]]></TEXT>
<TAGS>
<FOOD id="F0" spans="356~361" text="Salsa"  />
<FOOD id="F1" spans="428~434" text="tomato"  />
<FOOD id="F2" spans="473~497" text="chicken deep fried tacos"  />
<FOOD id="F3" spans="541~549" text="tortilla"  />
<FOOD id="F4" spans="583~587" text="meat"  />
<FOOD id="F5" spans="591~597" text="veggie"  />
<FOOD id="F6" spans="601~609" text="tortilla"  />
<FOOD id="F7" spans="617~621" text="Rice"  />
<FOOD id="F8" spans="626~631" text="beans"  />
<QUALITY id="Q0" spans="366~378" text="a bit chunky" type="negative" />
<QUALITY id="Q1" spans="381~395" text="more like pico" type="negative" />
<QUALITY id="Q2" spans="401~417" text="I don&apos;t care for" type="negative" />
<QUALITY id="Q3" spans="444~457" text="turned me off" type="negative" />
<QUALITY id="Q4" spans="499~524" text="I really wasn&apos;t impressed" type="negative" />
<QUALITY id="Q5" spans="526~535" text="No flavor" type="negative" />
<QUALITY id="Q6" spans="550~570" text="wasn&apos;t crispy enough" type="negative" />
<QUALITY id="Q7" spans="572~615" text="Not a good meat to veggie to tortilla ratio" type="negative" />
<QUALITY id="Q8" spans="637~641" text="good" type="positive" />
<PART_OF id="P0" fromID="F3" fromText="tortilla" toID="F2" toText="chicken deep fried tacos" />
<PART_OF id="P1" fromID="F1" fromText="tomato" toID="F0" toText="Salsa" />
<PART_OF id="P2" fromID="F4" fromText="meat" toID="F2" toText="chicken deep fried tacos" />
<PART_OF id="P3" fromID="F5" fromText="veggie" toID="F2" toText="chicken deep fried tacos" />
<PART_OF id="P4" fromID="F7" fromText="Rice" toID="F2" toText="chicken deep fried tacos" />
<PART_OF id="P5" fromID="F8" fromText="beans" toID="F2" toText="chicken deep fried tacos" />
<OPINION id="O0" fromID="Q1" fromText="more like pico" toID="F0" toText="Salsa" relationship="explicit" />
<OPINION id="O1" fromID="Q0" fromText="a bit chunky" toID="F0" toText="Salsa" relationship="explicit" />
<OPINION id="O2" fromID="Q2" fromText="I don&apos;t care for" toID="F1" toText="tomato" relationship="implicit" />
<OPINION id="O3" fromID="Q4" fromText="I really wasn&apos;t impressed" toID="F2" toText="chicken deep fried tacos" relationship="implicit" />
<OPINION id="O4" fromID="Q5" fromText="No flavor" toID="F2" toText="chicken deep fried tacos" relationship="explicit" />
<OPINION id="O5" fromID="Q6" fromText="wasn&apos;t crispy enough" toID="F3" toText="tortilla" relationship="explicit" />
<OPINION id="O6" fromID="Q7" fromText="Not a good meat to veggie to tortilla ratio" toID="F2" toText="chicken deep fried tacos" relationship="explicit" />
<OPINION id="O7" fromID="Q8" fromText="good" toID="F8" toText="beans" relationship="explicit" />
<OPINION id="O8" fromID="Q8" fromText="good" toID="F7" toText="Rice" relationship="explicit" />
<COREFERENCE id="C0" fromID="F6" fromText="tortilla" toID="F3" toText="tortilla" />
</TAGS>
</yelp_reviews_1.1>