<?xml version="1.0" encoding="UTF-8" ?>

<yelp_reviews_1.1>
<TEXT><![CDATA[Stopped here for lunch at 1:00 pm last Thursday with my hubby and was seated promptly. Being vertically challenged, I was pleased that the booth bench was high in relation to the table level, but it certainly could have had a lot more cushion.  

We were brought drinks, had orders took, and tortilla chips brought promptly. I really liked the chips. They were paper thin, very crispy, and were glistening with fresh, hot, fryer oil. The pico de gallo type salsa also tasted very fresh and home-made, but it could have done better with a few less chopped onion chunks in it. Upon request, we were also brought a bowl of more picante salsa, which had the flavor of roasted red chilies. Nice.

Our orders, both from the lunch menu, were also served quite quickly.  My husband had a cheese enchilada/chicken taco combo (~$6.25) which came with black beans (on request), rice, and a cabbage garnish. I didn't even see the taco since my husband devoured it so fast, but his enchilada was swimming in a mixture of cheese & red sauce which he said was pretty tasty. 

I had a chicken enchilada (~$6.75). There were nice chunks of breast in there that actually tasted like chicken, unlike some other mexican joints where the meats all have the same texture & flavor. The enchilada was drizzled with a nice green chili sauce. The spanish rice was a little bit nondescript, but was more edible than some other restaurants'.  Mine was also served with black beans as requested, and a cabbage garnish. There were also more big chunks of onion in the garnish. I'm not an onion hater, don't get me wrong, but I'm sure after this feast, nobody would want to be within four feet of me. If I was on lunch break from one of the nearby offices, I'd probably request they go easy on the onions, lest I offend my work-mates back at the office.

Although I arrived with a huge appetite, I was stuffed after devouring everything on my plate. The service was very good. Our waitress was quite attentive and quick. The food was delicious. The prices were reasonable.  I'd go again.]]></TEXT>
<TAGS>
<FOOD id="F0" spans="344~349" text="chips"  />
<FOOD id="F1" spans="457~462" text="salsa"  />
<FOOD id="F2" spans="625~638" text="picante salsa"  />
<FOOD id="F3" spans="780~815" text="cheese enchilada/chicken taco combo"  />
<FOOD id="F4" spans="841~852" text="black beans"  />
<FOOD id="F5" spans="867~871" text="rice"  />
<FOOD id="F6" spans="879~894" text="cabbage garnish"  />
<FOOD id="F7" spans="918~922" text="taco"  />
<FOOD id="F8" spans="969~978" text="enchilada"  />
<FOOD id="F9" spans="1008~1014" text="cheese"  />
<FOOD id="F10" spans="1017~1026" text="red sauce"  />
<FOOD id="F11" spans="1069~1086" text="chicken enchilada"  />
<FOOD id="F12" spans="1123~1129" text="breast"  />
<FOOD id="F13" spans="1263~1272" text="enchilada"  />
<FOOD id="F14" spans="1298~1315" text="green chili sauce"  />
<FOOD id="F15" spans="1321~1333" text="spanish rice"  />
<FOOD id="F16" spans="1473~1488" text="cabbage garnish"  />
<FOOD id="F17" spans="1441~1452" text="black beans"  />
<FOOD id="F18" spans="1525~1530" text="onion"  />
<FOOD id="F19" spans="1538~1545" text="garnish"  />
<ANAPHORA id="A0" spans="351~355" text="They"  />
<ANAPHORA id="A1" spans="505~507" text="it"  />
<ANAPHORA id="A2" spans="571~573" text="it"  />
<ANAPHORA id="A3" spans="1415~1419" text="Mine"  />
<ANAPHORA id="A4" spans="949~951" text="it"  />
<ANAPHORA id="A5" spans="1538~1545" text="garnish"  />
<QUALITY id="Q0" spans="508~567" text="could have done better with a few less chopped onion chunks" type="negative" />
<QUALITY id="Q1" spans="983~1026" text="swimming in a mixture of cheese &amp; red sauce" type="positive" />
<QUALITY id="Q2" spans="1277~1315" text="drizzled with a nice green chili sauce" type="positive" />
<QUALITY id="Q3" spans="929~959" text="my husband devoured it so fast" type="positive" />
<QUALITY id="Q4" spans="361~371" text="paper thin" type="positive" />
<QUALITY id="Q5" spans="373~384" text="very crispy" type="positive" />
<QUALITY id="Q6" spans="325~339" text="I really liked" type="positive" />
<QUALITY id="Q7" spans="395~432" text="glistening with fresh, hot, fryer oil" type="positive" />
<QUALITY id="Q8" spans="438~456" text="pico de gallo type" type="neutral" />
<QUALITY id="Q11" spans="646~683" text="had the flavor of roasted red chilies" type="positive" />
<QUALITY id="Q12" spans="685~689" text="Nice" type="positive" />
<QUALITY id="Q13" spans="1045~1057" text="pretty tasty" type="positive" />
<QUALITY id="Q14" spans="1144~1172" text="actually tasted like chicken" type="positive" />
<QUALITY id="Q15" spans="1338~1362" text="a little bit nondescript" type="neutral" />
<QUALITY id="Q16" spans="1372~1412" text="more edible than some other restaurants&apos;" type="neutral" />
<QUALITY id="Q9" spans="468~485" text="tasted very fresh" type="positive" />
<PART_OF id="P0" fromID="F4" fromText="black beans" toID="F3" toText="cheese enchilada/chicken taco combo" />
<PART_OF id="P1" fromID="F5" fromText="rice" toID="F3" toText="cheese enchilada/chicken taco combo" />
<PART_OF id="P2" fromID="F6" fromText="cabbage garnish" toID="F3" toText="cheese enchilada/chicken taco combo" />
<PART_OF id="P3" fromID="F8" fromText="enchilada" toID="F6" toText="cabbage garnish" />
<PART_OF id="P4" fromID="F9" fromText="cheese" toID="F8" toText="enchilada" />
<PART_OF id="P5" fromID="F10" fromText="red sauce" toID="F8" toText="enchilada" />
<PART_OF id="P6" fromID="F16" fromText="cabbage garnish" toID="A3" toText="Mine" />
<PART_OF id="P7" fromID="F12" fromText="breast" toID="F11" toText="chicken enchilada" />
<PART_OF id="P8" fromID="F18" fromText="onion" toID="F19" toText="garnish" />
<PART_OF id="P9" fromID="F14" fromText="green chili sauce" toID="F13" toText="enchilada" />
<PART_OF id="P10" fromID="F15" fromText="spanish rice" toID="F13" toText="enchilada" />
<PART_OF id="P11" fromID="F17" fromText="black beans" toID="A3" toText="Mine" />
<OPINION id="O0" fromID="Q6" fromText="I really liked" toID="F0" toText="chips" relationship="explicit" />
<OPINION id="O1" fromID="Q4" fromText="paper thin" toID="A0" toText="They" relationship="explicit" />
<OPINION id="O2" fromID="Q5" fromText="very crispy" toID="A0" toText="They" relationship="explicit" />
<OPINION id="O3" fromID="Q7" fromText="glistening with fresh, hot, fryer oil" toID="A0" toText="They" relationship="explicit" />
<OPINION id="O4" fromID="Q8" fromText="pico de gallo type" toID="F1" toText="salsa" relationship="explicit" />
<OPINION id="O8" fromID="Q9" fromText="tasted very fresh" toID="F1" toText="salsa" relationship="explicit" />
<OPINION id="O9" fromID="Q11" fromText="had the flavor of roasted red chilies" toID="F2" toText="picante salsa" relationship="explicit" />
<OPINION id="O10" fromID="Q0" fromText="could have done better with a few less chopped onion chunks" toID="A1" toText="it" relationship="implicit" />
<OPINION id="O11" fromID="Q13" fromText="pretty tasty" toID="F8" toText="enchilada" relationship="explicit" />
<OPINION id="O12" fromID="Q1" fromText="swimming in a mixture of cheese &amp; red sauce" toID="F8" toText="enchilada" relationship="explicit" />
<OPINION id="O13" fromID="Q3" fromText="my husband devoured it so fast" toID="A4" toText="it" relationship="implicit" />
<OPINION id="O14" fromID="Q15" fromText="a little bit nondescript" toID="F15" toText="spanish rice" relationship="explicit" />
<OPINION id="O15" fromID="Q16" fromText="more edible than some other restaurants&apos;" toID="F15" toText="spanish rice" relationship="explicit" />
<OPINION id="O16" fromID="Q14" fromText="actually tasted like chicken" toID="F12" toText="breast" relationship="explicit" />
<OPINION id="O17" fromID="Q2" fromText="drizzled with a nice green chili sauce" toID="F13" toText="enchilada" relationship="explicit" />
<COREFERENCE id="C0" fromID="A0" fromText="They" toID="F0" toText="chips" />
<COREFERENCE id="C1" fromID="A1" fromText="it" toID="F1" toText="salsa" />
<COREFERENCE id="C2" fromID="A3" fromText="Mine" toID="F13" toText="enchilada" />
<COREFERENCE id="C3" fromID="A5" fromText="garnish" toID="F16" toText="cabbage garnish" />
<COREFERENCE id="C4" fromID="F13" fromText="enchilada" toID="F11" toText="chicken enchilada" />
<COREFERENCE id="C5" fromID="A2" fromText="it" toID="A1" toText="it" />
<COREFERENCE id="C6" fromID="A4" fromText="it" toID="F7" toText="taco" />
</TAGS>
</yelp_reviews_1.1>