<?xml version="1.0" encoding="UTF-8" ?>

<yelp_reviews_1.1>
<TEXT><![CDATA[Every trip I make to Phoenix and stay downtown I plan at least one meal here. The green corn tamales are my favorite. And the home made salsa is to die for. A great happy hour and friendly staff makes for great casual dinning. I'll be back!]]></TEXT>
<TAGS>
<FOOD id="F0" spans="82~100" text="green corn tamales"  />
<FOOD id="F1" spans="136~141" text="salsa"  />
<QUALITY id="Q1" spans="105~116" text="my favorite" type="positive" />
<QUALITY id="Q2" spans="126~135" text="home made" type="positive" />
<QUALITY id="Q3" spans="145~155" text="to die for" type="positive" />
<OPINION id="O0" fromID="Q1" fromText="my favorite" toID="F0" toText="green corn tamales" relationship="implicit" />
<OPINION id="O1" fromID="Q2" fromText="home made" toID="F1" toText="salsa" relationship="explicit" />
<OPINION id="O2" fromID="Q3" fromText="to die for" toID="F1" toText="salsa" relationship="explicit" />
</TAGS>
</yelp_reviews_1.1>