<?xml version="1.0" encoding="UTF-8" ?>

<yelp_reviews_1.1>
<TEXT><![CDATA[A co-worker and I found ourselves in downtown Phoenix trying to catch a view of President Obama leaving the Phoenix Convention Center after his speech to the VFW convention.  After just missing the president leaving, we wandered over to the Arizona Center and settled on Mi Amigo's for lunch.  The service was excellent. Our waitress was Rebeca. The food was so-so. There are a lot of Mexican restaurants in Phoenix, and this one doesn't top the list, but if you are in downtown Phoenix, and confined to that area, it's not bad.  Another Yelper complained about the salsa being weird, but if the standard salsa is not your choice, ask for the smooth hot salsa.  It's excellent!! You have to ask for it.]]></TEXT>
<TAGS>
<FOOD id="F0" spans="643~659" text="smooth hot salsa"  />
<ANAPHORA id="A0" spans="662~664" text="It"  />
<QUALITY id="Q0" spans="667~676" text="excellent" type="positive" />
<QUALITY id="Q1" spans="631~638" text="ask for" type="positive" />
<OPINION id="O0" fromID="Q0" fromText="excellent" toID="A0" toText="It" relationship="explicit" />
<OPINION id="O1" fromID="Q1" fromText="ask for" toID="F0" toText="smooth hot salsa" relationship="explicit" />
<COREFERENCE id="C0" fromID="A0" fromText="It" toID="F0" toText="smooth hot salsa" />
</TAGS>
</yelp_reviews_1.1>