<?xml version="1.0" encoding="UTF-8" ?>

<yelp_reviews_1.1>
<TEXT><![CDATA[LOVE the Big girl beer here
LOVE the table Guacamole
LOVE the pork toquittos
The SALSA good 2
and then go to the movies or vice a versa]]></TEXT>
<TAGS>
<FOOD id="F0" spans="9~22" text="Big girl beer"  />
<FOOD id="F1" spans="37~52" text="table Guacamole"  />
<FOOD id="F3" spans="62~76" text="pork toquittos"  />
<FOOD id="F4" spans="81~86" text="SALSA"  />
<QUALITY id="Q0" spans="0~4" text="LOVE" type="positive" />
<QUALITY id="Q1" spans="28~32" text="LOVE" type="positive" />
<QUALITY id="Q2" spans="53~57" text="LOVE" type="positive" />
<QUALITY id="Q3" spans="87~91" text="good" type="positive" />
<OPINION id="O0" fromID="Q0" fromText="LOVE" toID="F0" toText="Big girl beer" relationship="implicit" />
<OPINION id="O1" fromID="Q1" fromText="LOVE" toID="F1" toText="table Guacamole" relationship="implicit" />
<OPINION id="O2" fromID="Q2" fromText="LOVE" toID="F3" toText="pork toquittos" relationship="implicit" />
<OPINION id="O3" fromID="Q3" fromText="good" toID="F4" toText="SALSA" relationship="explicit" />
</TAGS>
</yelp_reviews_1.1>