<?xml version="1.0" encoding="UTF-8" ?>

<yelp_reviews_1.1>
<TEXT><![CDATA[I've been expecting this place to get better whenever I go there, but each time has brought a bad experience. The first time, I had a horribly rude waitress and slow service. The food was mediocre. The second time, I had a great meal with the enchiladas and good service, but my significant other had to ask to take the food back once, and almost a second time, too! For a Mexican food place in the middle of Phoenix, one would expect authentic and flavorful cuisine,  but this place is far from it and overpriced to add.]]></TEXT>
<TAGS>
<FOOD id="F0" spans="243~253" text="enchiladas"  />
<ANAPHORA id="A0" spans="229~233" text="meal"  />
<QUALITY id="Q0" spans="223~228" text="great" type="positive" />
<OPINION id="O0" fromID="Q0" fromText="great" toID="A0" toText="meal" relationship="explicit" />
<COREFERENCE id="C0" fromID="F0" fromText="enchiladas" toID="A0" toText="meal" />
<COREFERENCE id="C1" fromID="A0" fromText="meal" toID="F0" toText="enchiladas" />
</TAGS>
</yelp_reviews_1.1>