<?xml version="1.0" encoding="UTF-8" ?>

<yelp_reviews_1.1>
<TEXT><![CDATA[Amazing prices, amazing food, amazing margaritas! I'm the biggest judge when it comes to margaritas and I have to say that this margaritas are great! The happy hour is fantastic $2.50margaritas!! Tonight I'm trying the seafood enchilada and is really really good! Def coming back here!]]></TEXT>
<TAGS>
<FOOD id="F0" spans="38~48" text="margaritas"  />
<FOOD id="F1" spans="128~138" text="margaritas"  />
<FOOD id="F2" spans="219~236" text="seafood enchilada"  />
<QUALITY id="Q0" spans="30~37" text="amazing" type="positive" />
<QUALITY id="Q1" spans="143~148" text="great" type="positive" />
<QUALITY id="Q2" spans="244~262" text="really really good" type="positive" />
<OPINION id="O0" fromID="Q0" fromText="amazing" toID="F0" toText="margaritas" relationship="explicit" />
<OPINION id="O1" fromID="Q1" fromText="great" toID="F1" toText="margaritas" relationship="explicit" />
<OPINION id="O2" fromID="Q2" fromText="really really good" toID="F2" toText="seafood enchilada" relationship="explicit" />
<COREFERENCE id="C0" fromID="F1" fromText="margaritas" toID="F0" toText="margaritas" />
</TAGS>
</yelp_reviews_1.1>