<?xml version="1.0" encoding="UTF-8" ?>

<yelp_reviews_1.1>
<TEXT><![CDATA[A pretty decent place for a quick lunch during work hours. Their food is pretty consistent and their service is always top notch.
I've ordered their taco salad, beef tacos, fish tacos, and enchiladas. All pretty tasty and not too spicy. I love their chips and salsa. Since I work in the area, I will always be stopping by for a quick lunch grub.]]></TEXT>
<TAGS>
<FOOD id="F0" spans="149~159" text="taco salad"  />
<FOOD id="F1" spans="161~171" text="beef tacos"  />
<FOOD id="F2" spans="173~183" text="fish tacos"  />
<FOOD id="F3" spans="189~199" text="enchiladas"  />
<FOOD id="F4" spans="250~265" text="chips and salsa"  />
<ANAPHORA id="A0" spans="201~204" text="All"  />
<QUALITY id="Q0" spans="205~217" text="pretty tasty" type="positive" />
<QUALITY id="Q1" spans="222~235" text="not too spicy" type="neutral" />
<QUALITY id="Q2" spans="237~243" text="I love" type="positive" />
<OPINION id="O0" fromID="Q0" fromText="pretty tasty" toID="A0" toText="All" relationship="explicit" />
<OPINION id="O1" fromID="Q1" fromText="not too spicy" toID="A0" toText="All" relationship="explicit" />
<OPINION id="O2" fromID="Q2" fromText="I love" toID="F4" toText="chips and salsa" relationship="explicit" />
<COREFERENCE id="C0" fromID="A0" fromText="All" toID="F3" toText="enchiladas" />
<COREFERENCE id="C1" fromID="A0" fromText="All" toID="F0" toText="taco salad" />
<COREFERENCE id="C2" fromID="A0" fromText="All" toID="F1" toText="beef tacos" />
<COREFERENCE id="C3" fromID="A0" fromText="All" toID="F2" toText="fish tacos" />
</TAGS>
</yelp_reviews_1.1>