<?xml version="1.0" encoding="UTF-8" ?>

<yelp_reviews_1.1>
<TEXT><![CDATA[It's a casual spot with great happy hour prices. I had the margarita for only $2.50. Get it frozen or on ice. The food was pretty standard for a casual family joint. Nothing spectacular but it wasn't bad. Don't expect super authentic Mexican food, just something to fill your tummy while you enjoy happy hour.
The space was nice and bright. Comfortable space and seating. Servers and host were friendly.]]></TEXT>
<TAGS>
<FOOD id="F0" spans="59~68" text="margarita"  />
<QUALITY id="Q0" spans="73~83" text="only $2.50" type="positive" />
<QUALITY id="Q1" spans="85~108" text="Get it frozen or on ice" type="neutral" />
<OPINION id="O0" fromID="Q0" fromText="only $2.50" toID="F0" toText="margarita" relationship="explicit" />
<OPINION id="O1" fromID="Q1" fromText="Get it frozen or on ice" toID="F0" toText="margarita" relationship="implicit" />
</TAGS>
</yelp_reviews_1.1>