<?xml version="1.0" encoding="UTF-8" ?>

<yelp_reviews_1.1>
<TEXT><![CDATA[Great service, ok food, average chips and salsa. 

FOOD 
The chips and salsa are very average. Large tortilla chips and a pretty mild salsa with huge tomatoes in it. 
I've had tacos, enchiladas, burritos and cheese quesos here. As pointed out in a previous review, the food here is very Americanized Mexican food. Everything is pretty bland and mild for Mexi-food. Bean and rice are your stereotypical refried bean and orange Mexi rice. The cheeses are a little greasy. 

SERVICE 
Our waitress was fantastic. She gets 5 stars. We had plenty of chips and salsa, and our drinks were never empty. She was friendly but not overly pushy. 

AMBIANCE 
If you're looking for quiet and romantic, don't come here. The restaurant is very open and the acoustics are awful. The decor is simple with Mexican flare, but not terribly gaudy. 

OVERALL
Great place for a quick downtown lunch if you don't mind Americanized Mexi-food that could be cheaper.]]></TEXT>
<TAGS>
<FOOD id="F0" spans="61~76" text="chips and salsa"  />
<FOOD id="F1" spans="101~115" text="tortilla chips"  />
<FOOD id="F2" spans="134~139" text="salsa"  />
<FOOD id="F3" spans="150~158" text="tomatoes"  />
<FOOD id="F4" spans="176~181" text="tacos"  />
<FOOD id="F5" spans="183~193" text="enchiladas"  />
<FOOD id="F6" spans="195~203" text="burritos"  />
<FOOD id="F7" spans="208~221" text="cheese quesos"  />
<FOOD id="F8" spans="365~369" text="Bean"  />
<FOOD id="F9" spans="374~378" text="rice"  />
<FOOD id="F10" spans="402~414" text="refried bean"  />
<FOOD id="F11" spans="419~435" text="orange Mexi rice"  />
<FOOD id="F12" spans="441~448" text="cheeses"  />
<FOOD id="F13" spans="32~47" text="chips and salsa"  />
<ANAPHORA id="A0" spans="314~324" text="Everything"  />
<QUALITY id="Q0" spans="24~31" text="average" type="neutral" />
<QUALITY id="Q1" spans="81~93" text="very average" type="neutral" />
<QUALITY id="Q2" spans="95~100" text="Large" type="neutral" />
<QUALITY id="Q3" spans="122~133" text="pretty mild" type="negative" />
<QUALITY id="Q4" spans="145~149" text="huge" type="negative" />
<QUALITY id="Q5" spans="328~340" text="pretty bland" type="neutral" />
<QUALITY id="Q6" spans="345~349" text="mild" type="negative" />
<QUALITY id="Q7" spans="388~401" text="stereotypical" type="negative" />
<QUALITY id="Q8" spans="453~468" text="a little greasy" type="negative" />
<PART_OF id="P0" fromID="F1" fromText="tortilla chips" toID="F0" toText="chips and salsa" />
<PART_OF id="P1" fromID="F2" fromText="salsa" toID="F0" toText="chips and salsa" />
<PART_OF id="P2" fromID="F3" fromText="tomatoes" toID="F2" toText="salsa" />
<OPINION id="O0" fromID="Q1" fromText="very average" toID="F0" toText="chips and salsa" relationship="explicit" />
<OPINION id="O1" fromID="Q2" fromText="Large" toID="F1" toText="tortilla chips" relationship="explicit" />
<OPINION id="O2" fromID="Q3" fromText="pretty mild" toID="F2" toText="salsa" relationship="explicit" />
<OPINION id="O3" fromID="Q4" fromText="huge" toID="F3" toText="tomatoes" relationship="explicit" />
<OPINION id="O4" fromID="Q5" fromText="pretty bland" toID="A0" toText="Everything" relationship="explicit" />
<OPINION id="O5" fromID="Q6" fromText="mild" toID="A0" toText="Everything" relationship="explicit" />
<OPINION id="O6" fromID="Q7" fromText="stereotypical" toID="F10" toText="refried bean" relationship="explicit" />
<OPINION id="O7" fromID="Q7" fromText="stereotypical" toID="F11" toText="orange Mexi rice" relationship="explicit" />
<OPINION id="O8" fromID="Q8" fromText="a little greasy" toID="F12" toText="cheeses" relationship="explicit" />
<COREFERENCE id="C0" fromID="A0" fromText="Everything" toID="F4" toText="tacos" />
<COREFERENCE id="C1" fromID="A0" fromText="Everything" toID="F5" toText="enchiladas" />
<COREFERENCE id="C2" fromID="A0" fromText="Everything" toID="F6" toText="burritos" />
<COREFERENCE id="C3" fromID="A0" fromText="Everything" toID="F7" toText="cheese quesos" />
<COREFERENCE id="C4" fromID="F11" fromText="orange Mexi rice" toID="F9" toText="rice" />
<COREFERENCE id="C5" fromID="F10" fromText="refried bean" toID="F8" toText="Bean" />
<COREFERENCE id="C6" fromID="F0" fromText="chips and salsa" toID="F13" toText="chips and salsa" />
</TAGS>
</yelp_reviews_1.1>