<?xml version="1.0" encoding="UTF-8" ?>

<yelp_reviews_1.1>
<TEXT><![CDATA[(Let me preface this review by saying that, being from Houston, I'm accustomed to eating authentic salsa, tacos, tamales, etc. My taste for Mexican food is most likely biased to a certain method or seasoning used around here.) 

My waitress was quick to take my drink order once I was seated, and was attentive and sweet. I drank a "Blue Amigo", their house marg that is $2.50 all day every day. It was a bit sweet for my taste, but still okay. 

Chips were great, but their "salsa" is what I know as pico de gallo. Luckily, I love pico, so it was all good. 

On to the food - I ordered the Número Tres, which is 2 beef or chicken tacos (I chose beef), rice, beans, and a cheese enchilada. First impression...this place makes a mean cheese enchilada. Like, GOOOOD. Their red gravy was probably the best I've ever had. Rice, delicious. Refried beans, amazing. Beef tacos...yuck. I can't help but think that the beef in these tacos tasted like dog food smells. It was more of a shredded beef...bland...and just had an overall odd taste. I only ate about 3/4 of a taco and called it a night. I'm used to well-seasoned ground beef tacos, and these were just bizarre, in my opinion. 

Overall, great place! I would visit again next time I'm in Phoenix, bull I'll probably stay away from the beef.]]></TEXT>
<TAGS>
<FOOD id="F0" spans="333~343" text="Blue Amigo"  />
<FOOD id="F1" spans="447~452" text="Chips"  />
<FOOD id="F2" spans="476~481" text="salsa"  />
<FOOD id="F3" spans="653~657" text="rice"  />
<FOOD id="F4" spans="672~688" text="cheese enchilada"  />
<FOOD id="F5" spans="615~636" text="beef or chicken tacos"  />
<FOOD id="F6" spans="659~664" text="beans"  />
<FOOD id="F7" spans="771~780" text="red gravy"  />
<FOOD id="F8" spans="859~869" text="Beef tacos"  />
<FOOD id="F9" spans="835~848" text="Refried beans"  />
<FOOD id="F10" spans="910~914" text="beef"  />
<FOOD id="F11" spans="924~929" text="tacos"  />
<FOOD id="F12" spans="591~602" text="Número Tres"  />
<FOOD id="F13" spans="733~749" text="cheese enchilada"  />
<FOOD id="F14" spans="818~822" text="Rice"  />
<FOOD id="F15" spans="1061~1065" text="taco"  />
<ANAPHORA id="A0" spans="396~398" text="It"  />
<ANAPHORA id="A1" spans="541~543" text="it"  />
<ANAPHORA id="A2" spans="959~961" text="It"  />
<ANAPHORA id="A3" spans="1138~1143" text="these"  />
<QUALITY id="Q0" spans="433~443" text="still okay" type="positive" />
<QUALITY id="Q1" spans="403~427" text="a bit sweet for my taste" type="positive" />
<QUALITY id="Q2" spans="458~463" text="great" type="positive" />
<QUALITY id="Q3" spans="486~514" text="what I know as pico de gallo" type="neutral" />
<QUALITY id="Q4" spans="548~556" text="all good" type="positive" />
<QUALITY id="Q5" spans="966~989" text="more of a shredded beef" type="negative" />
<QUALITY id="Q6" spans="930~957" text="tasted like dog food smells" type="negative" />
<QUALITY id="Q7" spans="1004~1033" text="just had an overall odd taste" type="negative" />
<QUALITY id="Q8" spans="992~997" text="bland" type="negative" />
<QUALITY id="Q9" spans="728~732" text="mean" type="neutral" />
<QUALITY id="Q10" spans="785~816" text="probably the best I&apos;ve ever had" type="positive" />
<QUALITY id="Q11" spans="757~763" text="GOOOOD" type="positive" />
<QUALITY id="Q12" spans="824~833" text="delicious" type="positive" />
<QUALITY id="Q13" spans="850~857" text="amazing" type="positive" />
<QUALITY id="Q14" spans="872~876" text="yuck" type="negative" />
<QUALITY id="Q15" spans="1035~1055" text="I only ate about 3/4" type="negative" />
<QUALITY id="Q16" spans="1154~1161" text="bizarre" type="negative" />
<PART_OF id="P0" fromID="F5" fromText="beef or chicken tacos" toID="F12" toText="Número Tres" />
<PART_OF id="P1" fromID="F3" fromText="rice" toID="F12" toText="Número Tres" />
<PART_OF id="P2" fromID="F6" fromText="beans" toID="F12" toText="Número Tres" />
<PART_OF id="P3" fromID="F4" fromText="cheese enchilada" toID="F12" toText="Número Tres" />
<PART_OF id="P4" fromID="F7" fromText="red gravy" toID="F13" toText="cheese enchilada" />
<PART_OF id="P5" fromID="F10" fromText="beef" toID="F11" toText="tacos" />
<OPINION id="O0" fromID="Q0" fromText="still okay" toID="A0" toText="It" relationship="explicit" />
<OPINION id="O1" fromID="Q1" fromText="a bit sweet for my taste" toID="A0" toText="It" relationship="explicit" />
<OPINION id="O2" fromID="Q2" fromText="great" toID="F1" toText="Chips" relationship="explicit" />
<OPINION id="O3" fromID="Q3" fromText="what I know as pico de gallo" toID="F2" toText="salsa" relationship="implicit" />
<OPINION id="O4" fromID="Q4" fromText="all good" toID="A1" toText="it" relationship="explicit" />
<OPINION id="O5" fromID="Q9" fromText="mean" toID="F13" toText="cheese enchilada" relationship="explicit" />
<OPINION id="O6" fromID="Q11" fromText="GOOOOD" toID="F13" toText="cheese enchilada" relationship="explicit" />
<OPINION id="O7" fromID="Q10" fromText="probably the best I&apos;ve ever had" toID="F7" toText="red gravy" relationship="explicit" />
<OPINION id="O8" fromID="Q12" fromText="delicious" toID="F14" toText="Rice" relationship="explicit" />
<OPINION id="O9" fromID="Q13" fromText="amazing" toID="F9" toText="Refried beans" relationship="explicit" />
<OPINION id="O10" fromID="Q14" fromText="yuck" toID="F8" toText="Beef tacos" relationship="explicit" />
<OPINION id="O11" fromID="Q6" fromText="tasted like dog food smells" toID="F10" toText="beef" relationship="explicit" />
<OPINION id="O12" fromID="Q7" fromText="just had an overall odd taste" toID="A2" toText="It" relationship="explicit" />
<OPINION id="O13" fromID="Q8" fromText="bland" toID="A2" toText="It" relationship="explicit" />
<OPINION id="O14" fromID="Q5" fromText="more of a shredded beef" toID="A2" toText="It" relationship="explicit" />
<OPINION id="O15" fromID="Q15" fromText="I only ate about 3/4" toID="F15" toText="taco" relationship="implicit" />
<OPINION id="O16" fromID="Q16" fromText="bizarre" toID="A3" toText="these" relationship="explicit" />
<COREFERENCE id="C0" fromID="A0" fromText="It" toID="F0" toText="Blue Amigo" />
<COREFERENCE id="C1" fromID="A1" fromText="it" toID="F2" toText="salsa" />
<COREFERENCE id="C2" fromID="F14" fromText="Rice" toID="F3" toText="rice" />
<COREFERENCE id="C3" fromID="F8" fromText="Beef tacos" toID="F5" toText="beef or chicken tacos" />
<COREFERENCE id="C4" fromID="F9" fromText="Refried beans" toID="F6" toText="beans" />
<COREFERENCE id="C5" fromID="F13" fromText="cheese enchilada" toID="F4" toText="cheese enchilada" />
<COREFERENCE id="C6" fromID="A2" fromText="It" toID="F10" toText="beef" />
<COREFERENCE id="C7" fromID="F11" fromText="tacos" toID="F8" toText="Beef tacos" />
<COREFERENCE id="C8" fromID="F15" fromText="taco" toID="F11" toText="tacos" />
<COREFERENCE id="C9" fromID="A3" fromText="these" toID="F8" toText="Beef tacos" />
</TAGS>
</yelp_reviews_1.1>