<?xml version="1.0" encoding="UTF-8" ?>

<yelp_reviews_1.1>
<TEXT><![CDATA[I really like this place and have been here eons apart on a few occasions, most recently this past weekend. The staff is friendly and quick. The food is delish, with just the right portions (big but not insanely huge) The blue margarita was good if a bit sour. I am usually not one to eat chips and salsa, but theirs is really good and I devoured it all. The restroom was clean and tidy.]]></TEXT>
<TAGS>
<FOOD id="F0" spans="222~236" text="blue margarita"  />
<FOOD id="F1" spans="289~304" text="chips and salsa"  />
<ANAPHORA id="A0" spans="310~316" text="theirs"  />
<ANAPHORA id="A1" spans="347~349" text="it"  />
<QUALITY id="Q0" spans="241~245" text="good" type="positive" />
<QUALITY id="Q1" spans="249~259" text="a bit sour" type="positive" />
<QUALITY id="Q2" spans="320~331" text="really good" type="positive" />
<QUALITY id="Q3" spans="336~353" text="I devoured it all" type="positive" />
<OPINION id="O0" fromID="Q0" fromText="good" toID="F0" toText="blue margarita" relationship="explicit" />
<OPINION id="O1" fromID="Q1" fromText="a bit sour" toID="F0" toText="blue margarita" relationship="explicit" />
<OPINION id="O2" fromID="Q2" fromText="really good" toID="A0" toText="theirs" relationship="explicit" />
<OPINION id="O3" fromID="Q3" fromText="I devoured it all" toID="A1" toText="it" relationship="implicit" />
<COREFERENCE id="C0" fromID="A0" fromText="theirs" toID="F1" toText="chips and salsa" />
<COREFERENCE id="C1" fromID="A1" fromText="it" toID="A0" toText="theirs" />
</TAGS>
</yelp_reviews_1.1>