<?xml version="1.0" encoding="UTF-8" ?>

<yelp_reviews_1.1>
<TEXT><![CDATA[Nasty margarita and awful service. Came in on a Thursday night before a movie and it was not good. Maybe it's because we sat at the bar? I'm not sure, but no one wanted to help us. The house margarita was so gross, couldn't drink it. This place is like the Chili's of mexican food.]]></TEXT>
<TAGS>
<FOOD id="F0" spans="6~15" text="margarita"  />
<FOOD id="F1" spans="185~200" text="house margarita"  />
<ANAPHORA id="A0" spans="230~232" text="it"  />
<QUALITY id="Q0" spans="0~5" text="Nasty" type="negative" />
<QUALITY id="Q1" spans="205~213" text="so gross" type="negative" />
<QUALITY id="Q2" spans="215~229" text="couldn&apos;t drink" type="negative" />
<OPINION id="O0" fromID="Q0" fromText="Nasty" toID="F0" toText="margarita" relationship="explicit" />
<OPINION id="O1" fromID="Q1" fromText="so gross" toID="F1" toText="house margarita" relationship="explicit" />
<OPINION id="O2" fromID="Q2" fromText="couldn&apos;t drink" toID="A0" toText="it" relationship="implicit" />
<COREFERENCE id="C0" fromID="F1" fromText="house margarita" toID="F0" toText="margarita" />
<COREFERENCE id="C1" fromID="A0" fromText="it" toID="F1" toText="house margarita" />
</TAGS>
</yelp_reviews_1.1>