<?xml version="1.0" encoding="UTF-8" ?>

<yelp_reviews_1.1>
<TEXT><![CDATA[Your basic Mexican restaurant.  Frankly, it would be a disappointment as a destination in and of itself, but it is a nice alternative for downtown Phoenix business luncheons or meeting friends before a Diamondback/Suns game. It would also work well for parents of the burgeoning number of ASU students downtown. You could meet junior at the Arizona Center without having to embarrass him/her with your presence on campus. 

The restaurant has ample seating capacity for when events nearby bring in the crowds.  Seating outside is limited.  Service on this Saturday was slow, which seems to be a common occurrence. Chips and salsa were served promptly.  The chips are of the light white corn variety, but suffer from a stale mass produced quality.  The salsa was good, but our table requested an alternative sauce with a bit more zest.  It was much tastier and had almost an enchilada sauce quality.  

Food served was uniformly consistent.  Not spectacular, but nothing to complain about.  We had an assortment of tacos and enchiladas.  The happiest diners at our table were the two youngsters who ordered cheese crisps from the kid's menu.

Not a Mexican restaurant to get excited about given the many alternatives around Phoenix, but a decent offering with lots of seating capacity in an area where restaurants tend to have no customers or too many to handle.]]></TEXT>
<TAGS>
<FOOD id="F0" spans="657~662" text="chips"  />
<FOOD id="F1" spans="752~757" text="salsa"  />
<FOOD id="F2" spans="795~812" text="alternative sauce"  />
<FOOD id="F3" spans="1106~1119" text="cheese crisps"  />
<FOOD id="F4" spans="1014~1019" text="tacos"  />
<FOOD id="F5" spans="1024~1034" text="enchiladas"  />
<FOOD id="F6" spans="614~629" text="Chips and salsa"  />
<ANAPHORA id="A0" spans="836~838" text="It"  />
<QUALITY id="Q0" spans="667~698" text="of the light white corn variety" type="neutral" />
<QUALITY id="Q1" spans="704~745" text="suffer from a stale mass produced quality" type="negative" />
<QUALITY id="Q2" spans="762~766" text="good" type="positive" />
<QUALITY id="Q3" spans="843~855" text="much tastier" type="positive" />
<QUALITY id="Q4" spans="860~897" text="had almost an enchilada sauce quality" type="positive" />
<QUALITY id="Q5" spans="1037~1105" text="The happiest diners at our table were the two youngsters who ordered" type="positive" />
<OPINION id="O0" fromID="Q1" fromText="suffer from a stale mass produced quality" toID="F0" toText="chips" relationship="explicit" />
<OPINION id="O1" fromID="Q0" fromText="of the light white corn variety" toID="F0" toText="chips" relationship="explicit" />
<OPINION id="O2" fromID="Q2" fromText="good" toID="F1" toText="salsa" relationship="explicit" />
<OPINION id="O3" fromID="Q3" fromText="much tastier" toID="A0" toText="It" relationship="explicit" />
<OPINION id="O4" fromID="Q4" fromText="had almost an enchilada sauce quality" toID="A0" toText="It" relationship="explicit" />
<OPINION id="O5" fromID="Q5" fromText="The happiest diners at our table were the two youngsters who ordered" toID="F3" toText="cheese crisps" relationship="implicit" />
<COREFERENCE id="C0" fromID="A0" fromText="It" toID="F2" toText="alternative sauce" />
</TAGS>
</yelp_reviews_1.1>