<?xml version="1.0" encoding="UTF-8" ?>

<yelp_reviews_1.1>
<TEXT><![CDATA[Ok Mexican food.  Stopped in for lunch and ordered the number three which is a two taco and cheese enchilada plate. Food was ok, but nothing I would go back for.]]></TEXT>
<TAGS>
<FOOD id="F0" spans="55~67" text="number three"  />
<FOOD id="F1" spans="83~87" text="taco"  />
<FOOD id="F2" spans="92~108" text="cheese enchilada"  />
<FOOD id="F3" spans="116~120" text="Food"  />
<ANAPHORA id="A0" spans="116~120" text="Food"  />
<QUALITY id="Q0" spans="125~127" text="ok" type="neutral" />
<QUALITY id="Q1" spans="133~160" text="nothing I would go back for" type="neutral" />
<PART_OF id="P0" fromID="F1" fromText="taco" toID="F0" toText="number three" />
<PART_OF id="P1" fromID="F2" fromText="cheese enchilada" toID="F0" toText="number three" />
<OPINION id="O0" fromID="Q0" fromText="ok" toID="F3" toText="Food" relationship="explicit" />
<OPINION id="O1" fromID="Q1" fromText="nothing I would go back for" toID="F3" toText="Food" relationship="implicit" />
<COREFERENCE id="C0" fromID="A0" fromText="Food" toID="F0" toText="number three" />
</TAGS>
</yelp_reviews_1.1>