<?xml version="1.0" encoding="UTF-8" ?>

<yelp_reviews_1.1>
<TEXT><![CDATA[2.5/5 potential

i think they have good ideas. or maybe i ordered the wrong thing. i got this chicken parmesan type dish, only made mexican style. it came with a well cooked spaghetti in a bright cilantro pesto, the the chicken was sauced with chipotle rather than marinara. then it came with a small side salad and avocado. pretty decent, no?

problem is the chicken wasn't well cooked, it was kinda burnt and dry, the pasta was a little too salty, etc. i also tried a taco and it was greasy and the shell was kinda stale. 

anyways, i think the ideas here are good, just need better execution.]]></TEXT>
<TAGS>
<FOOD id="F0" spans="94~120" text="chicken parmesan type dish"  />
<FOOD id="F1" spans="174~183" text="spaghetti"  />
<FOOD id="F2" spans="196~210" text="cilantro pesto"  />
<FOOD id="F3" spans="220~227" text="chicken"  />
<FOOD id="F4" spans="244~252" text="chipotle"  />
<FOOD id="F5" spans="301~311" text="side salad"  />
<FOOD id="F6" spans="316~323" text="avocado"  />
<FOOD id="F7" spans="360~367" text="chicken"  />
<FOOD id="F8" spans="420~425" text="pasta"  />
<FOOD id="F9" spans="470~474" text="taco"  />
<FOOD id="F10" spans="501~506" text="shell"  />
<ANAPHORA id="A0" spans="147~149" text="it"  />
<ANAPHORA id="A1" spans="388~390" text="it"  />
<ANAPHORA id="A2" spans="479~481" text="it"  />
<ANAPHORA id="A3" spans="280~282" text="it"  />
<QUALITY id="Q0" spans="162~173" text="well cooked" type="positive" />
<QUALITY id="Q1" spans="189~195" text="bright" type="neutral" />
<QUALITY id="Q3" spans="232~252" text="sauced with chipotle" type="neutral" />
<QUALITY id="Q4" spans="368~386" text="wasn&apos;t well cooked" type="negative" />
<QUALITY id="Q5" spans="395~406" text="kinda burnt" type="negative" />
<QUALITY id="Q6" spans="411~414" text="dry" type="negative" />
<QUALITY id="Q7" spans="430~448" text="a little too salty" type="negative" />
<QUALITY id="Q8" spans="486~492" text="greasy" type="negative" />
<QUALITY id="Q9" spans="511~522" text="kinda stale" type="negative" />
<PART_OF id="P0" fromID="F1" fromText="spaghetti" toID="A0" toText="it" />
<PART_OF id="P1" fromID="F2" fromText="cilantro pesto" toID="A0" toText="it" />
<PART_OF id="P2" fromID="F1" fromText="spaghetti" toID="F0" toText="chicken parmesan type dish" />
<PART_OF id="P3" fromID="F3" fromText="chicken" toID="F0" toText="chicken parmesan type dish" />
<PART_OF id="P4" fromID="F4" fromText="chipotle" toID="F3" toText="chicken" />
<PART_OF id="P5" fromID="F5" fromText="side salad" toID="A3" toText="it" />
<PART_OF id="P6" fromID="F6" fromText="avocado" toID="A3" toText="it" />
<PART_OF id="P7" fromID="F10" fromText="shell" toID="F9" toText="taco" />
<OPINION id="O0" fromID="Q0" fromText="well cooked" toID="F1" toText="spaghetti" relationship="explicit" />
<OPINION id="O1" fromID="Q1" fromText="bright" toID="F2" toText="cilantro pesto" relationship="explicit" />
<OPINION id="O2" fromID="Q3" fromText="sauced with chipotle" toID="F3" toText="chicken" relationship="explicit" />
<OPINION id="O3" fromID="Q4" fromText="wasn&apos;t well cooked" toID="F7" toText="chicken" relationship="explicit" />
<OPINION id="O4" fromID="Q5" fromText="kinda burnt" toID="A1" toText="it" relationship="explicit" />
<OPINION id="O5" fromID="Q6" fromText="dry" toID="A1" toText="it" relationship="explicit" />
<OPINION id="O6" fromID="Q7" fromText="a little too salty" toID="F8" toText="pasta" relationship="explicit" />
<OPINION id="O7" fromID="Q8" fromText="greasy" toID="A2" toText="it" relationship="explicit" />
<OPINION id="O8" fromID="Q9" fromText="kinda stale" toID="F10" toText="shell" relationship="explicit" />
<COREFERENCE id="C0" fromID="A0" fromText="it" toID="F0" toText="chicken parmesan type dish" />
<COREFERENCE id="C1" fromID="F8" fromText="pasta" toID="F1" toText="spaghetti" />
<COREFERENCE id="C2" fromID="F7" fromText="chicken" toID="F3" toText="chicken" />
<COREFERENCE id="C3" fromID="A3" fromText="it" toID="A0" toText="it" />
<COREFERENCE id="C4" fromID="A1" fromText="it" toID="F7" toText="chicken" />
<COREFERENCE id="C5" fromID="A2" fromText="it" toID="F9" toText="taco" />
</TAGS>
</yelp_reviews_1.1>