<?xml version="1.0" encoding="UTF-8" ?>

<yelp_reviews_1.1>
<TEXT><![CDATA[SUPER FAST service. We only had 45 minutes to eat and were in and out of there in just over a half an hour. Shrimp fajitas - perfectly seasoned, large shrimp. The onions and peppers had a good char on them and were still sizzling when they got to me. The refried beans were flavorful. The house salsa is chunky and fresh and the waitress kept it coming. Good happy hour drinks and prices as well.]]></TEXT>
<TAGS>
<FOOD id="F0" spans="108~122" text="Shrimp fajitas"  />
<FOOD id="F1" spans="151~157" text="shrimp"  />
<FOOD id="F2" spans="163~169" text="onions"  />
<FOOD id="F3" spans="174~181" text="peppers"  />
<FOOD id="F4" spans="255~268" text="refried beans"  />
<FOOD id="F5" spans="289~300" text="house salsa"  />
<ANAPHORA id="A0" spans="201~205" text="them"  />
<QUALITY id="Q0" spans="125~143" text="perfectly seasoned" type="positive" />
<QUALITY id="Q1" spans="145~150" text="large" type="positive" />
<QUALITY id="Q2" spans="182~205" text="had a good char on them" type="positive" />
<QUALITY id="Q3" spans="210~249" text="were still sizzling when they got to me" type="positive" />
<QUALITY id="Q4" spans="274~283" text="flavorful" type="positive" />
<QUALITY id="Q5" spans="304~310" text="chunky" type="positive" />
<QUALITY id="Q6" spans="315~320" text="fresh" type="positive" />
<PART_OF id="P0" fromID="F1" fromText="shrimp" toID="F0" toText="Shrimp fajitas" />
<PART_OF id="P1" fromID="F2" fromText="onions" toID="F0" toText="Shrimp fajitas" />
<PART_OF id="P2" fromID="F3" fromText="peppers" toID="F0" toText="Shrimp fajitas" />
<OPINION id="O0" fromID="Q0" fromText="perfectly seasoned" toID="F0" toText="Shrimp fajitas" relationship="explicit" />
<OPINION id="O1" fromID="Q1" fromText="large" toID="F1" toText="shrimp" relationship="explicit" />
<OPINION id="O2" fromID="Q2" fromText="had a good char on them" toID="F2" toText="onions" relationship="explicit" />
<OPINION id="O3" fromID="Q2" fromText="had a good char on them" toID="F3" toText="peppers" relationship="explicit" />
<OPINION id="O5" fromID="Q3" fromText="were still sizzling when they got to me" toID="F2" toText="onions" relationship="explicit" />
<OPINION id="O6" fromID="Q3" fromText="were still sizzling when they got to me" toID="F3" toText="peppers" relationship="explicit" />
<OPINION id="O7" fromID="Q4" fromText="flavorful" toID="F4" toText="refried beans" relationship="explicit" />
<OPINION id="O8" fromID="Q5" fromText="chunky" toID="F5" toText="house salsa" relationship="explicit" />
<OPINION id="O9" fromID="Q6" fromText="fresh" toID="F5" toText="house salsa" relationship="explicit" />
<COREFERENCE id="C0" fromID="A0" fromText="them" toID="F2" toText="onions" />
<COREFERENCE id="C1" fromID="A0" fromText="them" toID="F3" toText="peppers" />
</TAGS>
</yelp_reviews_1.1>