<?xml version="1.0" encoding="UTF-8" ?>

<yelp_reviews_1.1>
<TEXT><![CDATA[I really like this place. This had been at the Arizona Center forever when other restaurants have come and gone. My favorite things are the deep fried tacos and the chips and salsa. Margaritas are good too.]]></TEXT>
<TAGS>
<FOOD id="F0" spans="140~156" text="deep fried tacos"  />
<FOOD id="F1" spans="165~180" text="chips and salsa"  />
<FOOD id="F2" spans="182~192" text="Margaritas"  />
<QUALITY id="Q1" spans="197~201" text="good" type="positive" />
<QUALITY id="Q2" spans="113~131" text="My favorite things" type="positive" />
<OPINION id="O3" fromID="Q2" fromText="My favorite things" toID="F0" toText="deep fried tacos" relationship="implicit" />
<OPINION id="O4" fromID="Q2" fromText="My favorite things" toID="F1" toText="chips and salsa" relationship="implicit" />
<OPINION id="O5" fromID="Q1" fromText="good" toID="F2" toText="Margaritas" relationship="explicit" />
</TAGS>
</yelp_reviews_1.1>