<?xml version="1.0" encoding="UTF-8" ?>

<yelp_reviews_1.1>
<TEXT><![CDATA[Horrible and fake! This is by far the WORST Mexican food that I have ever experienced.
At first glance I was disappointed by the menu, then the chips and salsa came. Chips, bland but texturally good. Salsa, canned, fake and simply unacceptable. This is the point where I should have ran for the exit.
I reluctantly ordered an asada taco only to be asked "you mean a steak taco?" My second cue to run for the door. 
Then the food came. The beans are either freeze dried or frozen and oddly nutty. I perceive this at their very poor attempt to shine up a ball of fecal matter. The rice, meh, but edible. The asada or "steak" at this MEXICAN restaurant, a saucy mess.
I'll spare you all the rest of this mess of a meal. 
Oh, my official Tip for this restaurant:
If you must eat here, come for happy hour, have 8-10 of their margaritas then order something. Hopefully by this time you'll be too inebriated to know what you're eating.]]></TEXT>
<TAGS>
<FOOD id="F0" spans="200~205" text="Salsa"  />
<FOOD id="F1" spans="144~159" text="chips and salsa"  />
<FOOD id="F2" spans="166~171" text="Chips"  />
<FOOD id="F3" spans="326~336" text="asada taco"  />
<FOOD id="F4" spans="366~376" text="steak taco"  />
<FOOD id="F5" spans="439~444" text="beans"  />
<FOOD id="F6" spans="579~583" text="rice"  />
<FOOD id="F7" spans="606~611" text="asada"  />
<FOOD id="F8" spans="821~831" text="margaritas"  />
<ANAPHORA id="A0" spans="615~622" text="&quot;steak&quot;"  />
<QUALITY id="Q0" spans="173~178" text="bland" type="negative" />
<QUALITY id="Q1" spans="183~198" text="texturally good" type="positive" />
<QUALITY id="Q2" spans="207~213" text="canned" type="negative" />
<QUALITY id="Q3" spans="215~219" text="fake" type="negative" />
<QUALITY id="Q4" spans="224~243" text="simply unacceptable" type="negative" />
<QUALITY id="Q7" spans="449~478" text="either freeze dried or frozen" type="negative" />
<QUALITY id="Q8" spans="483~494" text="oddly nutty" type="negative" />
<QUALITY id="Q9" spans="496~573" text="I perceive this at their very poor attempt to shine up a ball of fecal matter" type="negative" />
<QUALITY id="Q10" spans="585~588" text="meh" type="negative" />
<QUALITY id="Q11" spans="594~600" text="edible" type="neutral" />
<QUALITY id="Q12" spans="651~663" text="a saucy mess" type="negative" />
</TAGS>
</yelp_reviews_1.1>