<?xml version="1.0" encoding="UTF-8" ?>

<yelp_reviews_1.1>
<TEXT><![CDATA[A rip off! Grilled fish tacos contained as much fish as a small anchovy. Don't know how they kept it from falling through the grill. The chicken taco soup should be called chicken cumin soup. My last visit.]]></TEXT>
<TAGS>
<FOOD id="F0" spans="11~29" text="Grilled fish tacos"  />
<FOOD id="F1" spans="48~52" text="fish"  />
<FOOD id="F2" spans="137~154" text="chicken taco soup"  />
<ANAPHORA id="A0" spans="98~100" text="it"  />
<QUALITY id="Q0" spans="30~71" text="contained as much fish as a small anchovy" type="negative" />
<QUALITY id="Q1" spans="73~131" text="Don&apos;t know how they kept it from falling through the grill" type="negative" />
<QUALITY id="Q2" spans="155~190" text="should be called chicken cumin soup" type="negative" />
<PART_OF id="P0" fromID="F1" fromText="fish" toID="F0" toText="Grilled fish tacos" />
<OPINION id="O0" fromID="Q0" fromText="contained as much fish as a small anchovy" toID="F0" toText="Grilled fish tacos" relationship="explicit" />
<OPINION id="O1" fromID="Q1" fromText="Don&apos;t know how they kept it from falling through the grill" toID="A0" toText="it" relationship="implicit" />
<OPINION id="O2" fromID="Q2" fromText="should be called chicken cumin soup" toID="F2" toText="chicken taco soup" relationship="implicit" />
<COREFERENCE id="C0" fromID="A0" fromText="it" toID="F0" toText="Grilled fish tacos" />
</TAGS>
</yelp_reviews_1.1>