<?xml version="1.0" encoding="UTF-8" ?>

<yelp_reviews_1.1>
<TEXT><![CDATA[So good! It's hard to find good mexican food here in Arizona, I'm from California where it runs rampant, but they have delicious food. The staff is really helpful and nice, and don't harass you. The food is always quick, I proabably eat here 2-3 times a month. I moved here a year ago and they had the best "chicken en mole" enchilada which was seasonal, I can't wait for them to bring it back!. Outdoor seating in the ARizona center, I love to grab a beer and quick lunch then head over to the movies on my days off. I definately recommend it!]]></TEXT>
<TAGS>
<FOOD id="F0" spans="307~334" text="&quot;chicken en mole&quot; enchilada"  />
<ANAPHORA id="A0" spans="386~388" text="it"  />
<QUALITY id="Q0" spans="298~306" text="the best" type="positive" />
<QUALITY id="Q1" spans="355~393" text="I can&apos;t wait for them to bring it back" type="positive" />
<OPINION id="O0" fromID="Q0" fromText="the best" toID="F0" toText="&quot;chicken en mole&quot; enchilada" relationship="explicit" />
<OPINION id="O1" fromID="Q1" fromText="I can&apos;t wait for them to bring it back" toID="A0" toText="it" relationship="implicit" />
<COREFERENCE id="C0" fromID="A0" fromText="it" toID="F0" toText="&quot;chicken en mole&quot; enchilada" />
</TAGS>
</yelp_reviews_1.1>