<?xml version="1.0" encoding="UTF-8" ?>

<yelp_reviews_1.1>
<TEXT><![CDATA[The chips and salsa were pretty good.  The salsa a little on the spicy side, which I like.  The chips were too big though.

I ordered the "numero tres", which had 2 beef tacos and a cheese enchilada.  Both were tasty.  The beef could have used more seasoning or smoething for more flavor.

The service was great, although when I went in around 6pm on a Tuesday it was slow.]]></TEXT>
<TAGS>
<FOOD id="F0" spans="4~19" text="chips and salsa"  />
<FOOD id="F1" spans="43~48" text="salsa"  />
<FOOD id="F2" spans="96~101" text="chips"  />
<FOOD id="F3" spans="139~150" text="numero tres"  />
<FOOD id="F4" spans="165~175" text="beef tacos"  />
<FOOD id="F5" spans="182~198" text="cheese enchilada"  />
<FOOD id="F6" spans="223~227" text="beef"  />
<ANAPHORA id="A0" spans="201~205" text="Both"  />
<QUALITY id="Q0" spans="25~36" text="pretty good" type="positive" />
<QUALITY id="Q1" spans="49~89" text="a little on the spicy side, which I like" type="positive" />
<QUALITY id="Q2" spans="107~114" text="too big" type="negative" />
<QUALITY id="Q3" spans="228~287" text="could have used more seasoning or smoething for more flavor" type="neutral" />
<QUALITY id="Q4" spans="211~216" text="tasty" type="positive" />
<PART_OF id="P0" fromID="F1" fromText="salsa" toID="F0" toText="chips and salsa" />
<PART_OF id="P1" fromID="F2" fromText="chips" toID="F0" toText="chips and salsa" />
<PART_OF id="P2" fromID="F4" fromText="beef tacos" toID="F3" toText="numero tres" />
<PART_OF id="P3" fromID="F5" fromText="cheese enchilada" toID="F3" toText="numero tres" />
<PART_OF id="P4" fromID="F6" fromText="beef" toID="F4" toText="beef tacos" />
</TAGS>
</yelp_reviews_1.1>