<?xml version="1.0" encoding="UTF-8" ?>

<yelp_reviews_1.1>
<TEXT><![CDATA[authentic? i couldn't say. better selection than new england offers? definitely. okay so maybe that's not a high compliment for a mexican grill in the heart of the southwest, but after a very long day of walking around I stopped in (lone woman too) was quickly seated and served so fast i actually told the waitress "don't worry there's no rush".  i got a green corn tamale which i've never had (and i do consider myself well traveled in the food world) and some really fresh chunky salsa that i downed in about a minute. refried beans and rice were very standard and not worth the extra money ($1.75 EACH) to add on to the $5 tamale, but what the hell. 

i've had hundreds of sopapillas in my life and i've never seen the type of sopapilla i was served for dessert, so i'm sort of at a loss for words on that. except of course that it could have used a lot more honey and powdered sugar. 

for me this was the best option in a neighborhood of uno's, hooters, and other generic american bar food. mi amigo's was just what i was looking for.]]></TEXT>
<TAGS>
<FOOD id="F0" spans="522~535" text="refried beans"  />
<FOOD id="F1" spans="540~544" text="rice"  />
<FOOD id="F2" spans="356~373" text="green corn tamale"  />
<FOOD id="F3" spans="483~488" text="salsa"  />
<FOOD id="F4" spans="731~740" text="sopapilla"  />
<ANAPHORA id="A0" spans="833~835" text="it"  />
<QUALITY id="Q0" spans="463~475" text="really fresh" type="positive" />
<QUALITY id="Q1" spans="476~482" text="chunky" type="neutral" />
<QUALITY id="Q2" spans="494~520" text="i downed in about a minute" type="positive" />
<QUALITY id="Q3" spans="550~563" text="very standard" type="neutral" />
<QUALITY id="Q4" spans="568~593" text="not worth the extra money" type="negative" />
<QUALITY id="Q5" spans="836~887" text="could have used a lot more honey and powdered sugar" type="negative" />
<OPINION id="O0" fromID="Q0" fromText="really fresh" toID="F3" toText="salsa" relationship="explicit" />
<OPINION id="O1" fromID="Q1" fromText="chunky" toID="F3" toText="salsa" relationship="explicit" />
<OPINION id="O2" fromID="Q2" fromText="i downed in about a minute" toID="F3" toText="salsa" relationship="implicit" />
<OPINION id="O3" fromID="Q3" fromText="very standard" toID="F0" toText="refried beans" relationship="explicit" />
<OPINION id="O4" fromID="Q3" fromText="very standard" toID="F1" toText="rice" relationship="explicit" />
<OPINION id="O5" fromID="Q4" fromText="not worth the extra money" toID="F0" toText="refried beans" relationship="explicit" />
<OPINION id="O6" fromID="Q4" fromText="not worth the extra money" toID="F1" toText="rice" relationship="explicit" />
<COREFERENCE id="C0" fromID="A0" fromText="it" toID="F4" toText="sopapilla" />
</TAGS>
</yelp_reviews_1.1>