<?xml version="1.0" encoding="UTF-8" ?>

<yelp_reviews_1.1>
<TEXT><![CDATA[The service here is what gets it 3 stars.  However, the food itself is kind of mehh.  I had the chimichanga and it was slightly over fried.  It came with rice and beans, which were also slightly disappointing.

The dessert was phenomenal, though.  Fried ice cream and flan.  The flan was amazing, the fried ice cream came in vanilla caramel chocolate and strawberry.  Very, very good.  The prices are also decent and again, the service is amazing.]]></TEXT>
<TAGS>
<FOOD id="F0" spans="96~107" text="chimichanga"  />
<FOOD id="F1" spans="154~158" text="rice"  />
<FOOD id="F2" spans="163~168" text="beans"  />
<FOOD id="F3" spans="248~263" text="Fried ice cream"  />
<FOOD id="F4" spans="268~272" text="flan"  />
<FOOD id="F5" spans="279~283" text="flan"  />
<FOOD id="F6" spans="301~316" text="fried ice cream"  />
<FOOD id="F7" spans="325~350" text="vanilla caramel chocolate"  />
<FOOD id="F8" spans="355~365" text="strawberry"  />
<ANAPHORA id="A0" spans="112~114" text="it"  />
<ANAPHORA id="A1" spans="141~143" text="It"  />
<ANAPHORA id="A2" spans="215~222" text="dessert"  />
<QUALITY id="Q0" spans="119~138" text="slightly over fried" type="positive" />
<QUALITY id="Q1" spans="186~208" text="slightly disappointing" type="negative" />
<QUALITY id="Q2" spans="288~295" text="amazing" type="positive" />
<QUALITY id="Q3" spans="368~383" text="Very, very good" type="positive" />
<PART_OF id="P0" fromID="F1" fromText="rice" toID="A1" toText="It" />
<PART_OF id="P1" fromID="F2" fromText="beans" toID="A1" toText="It" />
<PART_OF id="P2" fromID="F7" fromText="vanilla caramel chocolate" toID="F6" toText="fried ice cream" />
<PART_OF id="P3" fromID="F8" fromText="strawberry" toID="F6" toText="fried ice cream" />
<OPINION id="O0" fromID="Q0" fromText="slightly over fried" toID="A0" toText="it" relationship="explicit" />
<OPINION id="O1" fromID="Q1" fromText="slightly disappointing" toID="F1" toText="rice" relationship="explicit" />
<OPINION id="O2" fromID="Q1" fromText="slightly disappointing" toID="F2" toText="beans" relationship="explicit" />
<OPINION id="O3" fromID="Q2" fromText="amazing" toID="F5" toText="flan" relationship="explicit" />
<OPINION id="O4" fromID="Q3" fromText="Very, very good" toID="F6" toText="fried ice cream" relationship="explicit" />
<COREFERENCE id="C0" fromID="A0" fromText="it" toID="F0" toText="chimichanga" />
<COREFERENCE id="C1" fromID="A1" fromText="It" toID="F0" toText="chimichanga" />
<COREFERENCE id="C2" fromID="F6" fromText="fried ice cream" toID="F3" toText="Fried ice cream" />
<COREFERENCE id="C3" fromID="F5" fromText="flan" toID="F4" toText="flan" />
<COREFERENCE id="C4" fromID="A2" fromText="dessert" toID="F3" toText="Fried ice cream" />
<COREFERENCE id="C5" fromID="A2" fromText="dessert" toID="F4" toText="flan" />
</TAGS>
</yelp_reviews_1.1>