<?xml version="1.0" encoding="UTF-8" ?>

<yelp_reviews_1.1>
<TEXT><![CDATA[I've had their food before and it was very good and last night wasn't exactly an exception.  My issue is that my 8 year old had their chicken fingers, which I tried and were quite tasty.  After our meal my son stated he felt ill, and this morning woke up with a mild case of food poisoning.  I will be avoiding this place for the foreeable future.  This is unfortunate, as their enchiladas are delicious but I simply will not risk my son getting sick again.  Sorry Mi Amigos, your apparent lack of food preparation cleanliness has lost you customer.]]></TEXT>
<TAGS>
<FOOD id="F0" spans="134~149" text="chicken fingers"  />
<FOOD id="F1" spans="379~389" text="enchiladas"  />
<QUALITY id="Q0" spans="174~185" text="quite tasty" type="positive" />
<QUALITY id="Q1" spans="394~403" text="delicious" type="positive" />
<OPINION id="O0" fromID="Q0" fromText="quite tasty" toID="F0" toText="chicken fingers" relationship="explicit" />
<OPINION id="O1" fromID="Q1" fromText="delicious" toID="F1" toText="enchiladas" relationship="explicit" />
</TAGS>
</yelp_reviews_1.1>