<?xml version="1.0" encoding="UTF-8" ?>

<yelp_reviews_1.1>
<TEXT><![CDATA[Interesting place. Wanted a quick bite to eat before heading to the movies. Was seated pretty quickly. No muss no fuss I presume.

I had the tortilla soup and the grilled chicken tacos. Everything was just meh. Not truly flavorful, nothing truly distinct. I had hoped for more, but I came up kind of short. The waiter was super sweet and attentive, so I did appreciate that!

Would I be back.. probably not.]]></TEXT>
<TAGS>
<FOOD id="F0" spans="141~154" text="tortilla soup"  />
<FOOD id="F1" spans="163~184" text="grilled chicken tacos"  />
<ANAPHORA id="A0" spans="186~196" text="Everything"  />
<QUALITY id="Q0" spans="201~209" text="just meh" type="negative" />
<QUALITY id="Q1" spans="211~230" text="Not truly flavorful" type="negative" />
<QUALITY id="Q2" spans="232~254" text="nothing truly distinct" type="negative" />
<OPINION id="O0" fromID="Q0" fromText="just meh" toID="A0" toText="Everything" relationship="implicit" />
<OPINION id="O1" fromID="Q1" fromText="Not truly flavorful" toID="A0" toText="Everything" relationship="explicit" />
<OPINION id="O2" fromID="Q2" fromText="nothing truly distinct" toID="A0" toText="Everything" relationship="explicit" />
<COREFERENCE id="C0" fromID="A0" fromText="Everything" toID="F1" toText="grilled chicken tacos" />
<COREFERENCE id="C1" fromID="A0" fromText="Everything" toID="F0" toText="tortilla soup" />
</TAGS>
</yelp_reviews_1.1>