<?xml version="1.0" encoding="UTF-8" ?>

<yelp_reviews_1.1>
<TEXT><![CDATA[Wow! I headed to Mi Amigo's with a group of friends in search of amazing (and cheap) margaritas. What I found was a restaurant that serves up $2.50 margaritas (the "blue amigo") and has amazing food! You HAVE to try the Chile Relleno. Seriously. It was the best Mexican dish I've ever had! Definitely check this place out when in Phoenix!]]></TEXT>
<TAGS>
<FOOD id="F0" spans="220~233" text="Chile Relleno"  />
<ANAPHORA id="A0" spans="246~248" text="It"  />
<QUALITY id="Q0" spans="200~215" text="You HAVE to try" type="positive" />
<QUALITY id="Q1" spans="253~288" text="the best Mexican dish I&apos;ve ever had" type="positive" />
<OPINION id="O0" fromID="Q0" fromText="You HAVE to try" toID="F0" toText="Chile Relleno" relationship="implicit" />
<OPINION id="O1" fromID="Q1" fromText="the best Mexican dish I&apos;ve ever had" toID="A0" toText="It" relationship="explicit" />
<COREFERENCE id="C0" fromID="A0" fromText="It" toID="F0" toText="Chile Relleno" />
</TAGS>
</yelp_reviews_1.1>