<?xml version="1.0" encoding="UTF-8" ?>

<yelp_reviews_1.1>
<TEXT><![CDATA[I went here to grab lunch and a beer between classes. The service wasn't all that great. I don't think the waitress ever told me her name. I ordered the fish tacos and a tall beer. They start you off with chips and salsa. The chips were really good but the salsa could have been better. The fish tacos were just okay. They needed something more. The food came out quickly which was a plus. As others have mentioned, this place definitely has potential but needs a bit of work. I definitely will go back in the future during my lunch break.]]></TEXT>
<TAGS>
<FOOD id="F0" spans="153~163" text="fish tacos"  />
<FOOD id="F1" spans="205~220" text="chips and salsa"  />
<FOOD id="F2" spans="226~231" text="chips"  />
<FOOD id="F3" spans="257~262" text="salsa"  />
<FOOD id="F4" spans="291~301" text="fish tacos"  />
<ANAPHORA id="A0" spans="318~322" text="They"  />
<QUALITY id="Q0" spans="237~248" text="really good" type="positive" />
<QUALITY id="Q1" spans="263~285" text="could have been better" type="neutral" />
<QUALITY id="Q2" spans="307~316" text="just okay" type="neutral" />
<QUALITY id="Q3" spans="323~344" text="needed something more" type="negative" />
<PART_OF id="P0" fromID="F2" fromText="chips" toID="F1" toText="chips and salsa" />
<PART_OF id="P1" fromID="F3" fromText="salsa" toID="F1" toText="chips and salsa" />
<OPINION id="O0" fromID="Q0" fromText="really good" toID="F2" toText="chips" relationship="explicit" />
<OPINION id="O1" fromID="Q1" fromText="could have been better" toID="F3" toText="salsa" relationship="implicit" />
<OPINION id="O2" fromID="Q2" fromText="just okay" toID="F4" toText="fish tacos" relationship="explicit" />
<OPINION id="O3" fromID="Q3" fromText="needed something more" toID="A0" toText="They" relationship="implicit" />
<COREFERENCE id="C0" fromID="A0" fromText="They" toID="F4" toText="fish tacos" />
</TAGS>
</yelp_reviews_1.1>