<?xml version="1.0" encoding="UTF-8" ?>

<yelp_reviews_1.1>
<TEXT><![CDATA[I'm not a fan of mexican restaurants that have crappy salsa and chips. Sorry, it's just a standard by which I live by. The chips were nothing special and did not taste freshly made (closer to store bought which wouldn't be a surprise). The salsa was 95% water which is a bummer. We had to ask for extra because there wasn't much substance. 

I ordered the sampler platter dish which came with a little bit of everything. The taquitos were yummy, but that was about it. I smothered most things with guacamole to make it edible and left about half the plate. My friend had the tacos and seemed just fine with them.

The service was awesome until we were looking for the check to leave. Then we had a hard time finding our waiter. If you like Taco Del Mar you'll be satisfied, however I expected a LOT more out of a mexican restaurant in Phoenix.]]></TEXT>
<TAGS>
<FOOD id="F0" spans="54~69" text="salsa and chips"  />
<FOOD id="F1" spans="123~128" text="chips"  />
<FOOD id="F2" spans="240~245" text="salsa"  />
<FOOD id="F3" spans="356~371" text="sampler platter"  />
<FOOD id="F4" spans="425~433" text="taquitos"  />
<FOOD id="F5" spans="575~580" text="tacos"  />
<ANAPHORA id="A0" spans="516~518" text="it"  />
<ANAPHORA id="A1" spans="607~611" text="them"  />
<QUALITY id="Q0" spans="421~467" text="The taquitos were yummy, but that was about it" type="negative" />
<QUALITY id="Q1" spans="47~53" text="crappy" type="negative" />
<QUALITY id="Q2" spans="134~149" text="nothing special" type="neutral" />
<QUALITY id="Q3" spans="154~180" text="did not taste freshly made" type="negative" />
<QUALITY id="Q4" spans="182~233" text="closer to store bought which wouldn&apos;t be a surprise" type="negative" />
<QUALITY id="Q5" spans="250~277" text="95% water which is a bummer" type="negative" />
<QUALITY id="Q6" spans="279~338" text="We had to ask for extra because there wasn&apos;t much substance" type="negative" />
<QUALITY id="Q7" spans="469~525" text="I smothered most things with guacamole to make it edible" type="negative" />
<QUALITY id="Q8" spans="530~555" text="left about half the plate" type="negative" />
<QUALITY id="Q9" spans="585~611" text="seemed just fine with them" type="neutral" />
<PART_OF id="P0" fromID="F1" fromText="chips" toID="F0" toText="salsa and chips" />
<PART_OF id="P1" fromID="F2" fromText="salsa" toID="F0" toText="salsa and chips" />
<PART_OF id="P3" fromID="F4" fromText="taquitos" toID="F3" toText="sampler platter" />
<OPINION id="O0" fromID="Q1" fromText="crappy" toID="F0" toText="salsa and chips" relationship="explicit" />
<OPINION id="O1" fromID="Q2" fromText="nothing special" toID="F1" toText="chips" relationship="explicit" />
<OPINION id="O2" fromID="Q3" fromText="did not taste freshly made" toID="F1" toText="chips" relationship="explicit" />
<OPINION id="O3" fromID="Q4" fromText="closer to store bought which wouldn&apos;t be a surprise" toID="F1" toText="chips" relationship="explicit" />
<OPINION id="O4" fromID="Q5" fromText="95% water which is a bummer" toID="F2" toText="salsa" relationship="implicit" />
<OPINION id="O5" fromID="Q6" fromText="We had to ask for extra because there wasn&apos;t much substance" toID="F2" toText="salsa" relationship="implicit" />
<OPINION id="O6" fromID="Q7" fromText="I smothered most things with guacamole to make it edible" toID="F3" toText="sampler platter" relationship="implicit" />
<OPINION id="O8" fromID="Q0" fromText="The taquitos were yummy, but that was about it" toID="F4" toText="taquitos" relationship="explicit" />
<OPINION id="O9" fromID="Q8" fromText="left about half the plate" toID="A0" toText="it" relationship="implicit" />
<OPINION id="O10" fromID="Q9" fromText="seemed just fine with them" toID="A1" toText="them" relationship="explicit" />
<COREFERENCE id="C0" fromID="A1" fromText="them" toID="F5" toText="tacos" />
<COREFERENCE id="C1" fromID="A0" fromText="it" toID="F4" toText="taquitos" />
</TAGS>
</yelp_reviews_1.1>