<?xml version="1.0" encoding="UTF-8" ?>

<yelp_reviews_1.1>
<TEXT><![CDATA[Place kind of reminds me of a bigger version of Taco Bell. Rice is too bland and the beans are ok. I did order the Sonora carnitas and they did have a nice flavor. It seemed it needed to be cooked more and needed a little more seasoning.  The service was good and the prices are reasonable. This place has potential. But it's not there yet.]]></TEXT>
<TAGS>
<FOOD id="F0" spans="59~63" text="Rice"  />
<FOOD id="F1" spans="85~90" text="beans"  />
<FOOD id="F2" spans="115~130" text="Sonora carnitas"  />
<ANAPHORA id="A0" spans="135~139" text="they"  />
<ANAPHORA id="A1" spans="174~176" text="it"  />
<QUALITY id="Q0" spans="67~76" text="too bland" type="negative" />
<QUALITY id="Q1" spans="95~97" text="ok" type="neutral" />
<QUALITY id="Q2" spans="144~162" text="have a nice flavor" type="positive" />
<QUALITY id="Q3" spans="177~201" text="needed to be cooked more" type="negative" />
<QUALITY id="Q4" spans="206~236" text="needed a little more seasoning" type="negative" />
<OPINION id="O0" fromID="Q0" fromText="too bland" toID="F0" toText="Rice" relationship="explicit" />
<OPINION id="O1" fromID="Q1" fromText="ok" toID="F1" toText="beans" relationship="explicit" />
<OPINION id="O2" fromID="Q2" fromText="have a nice flavor" toID="A0" toText="they" relationship="explicit" />
<OPINION id="O3" fromID="Q3" fromText="needed to be cooked more" toID="A1" toText="it" relationship="explicit" />
<OPINION id="O4" fromID="Q4" fromText="needed a little more seasoning" toID="A1" toText="it" relationship="explicit" />
<COREFERENCE id="C0" fromID="A0" fromText="they" toID="F2" toText="Sonora carnitas" />
<COREFERENCE id="C1" fromID="A1" fromText="it" toID="A0" toText="they" />
</TAGS>
</yelp_reviews_1.1>