<?xml version="1.0" encoding="UTF-8" ?>

<yelp_reviews_1.1>
<TEXT><![CDATA[Don't eat the fish tacos, my wife was up all night with intestinal distress. We told the waitress they tasted fishey. She assured us it was the highest quality Mahi Mahi. Rice and beans are average. I had the carnie asaida, it was good. It was a piece of beef 9"by 6" and 1/4" thick, rice and beans. Nothing special.]]></TEXT>
<TAGS>
<FOOD id="F0" spans="14~24" text="fish tacos"  />
<FOOD id="F1" spans="171~175" text="Rice"  />
<FOOD id="F2" spans="180~185" text="beans"  />
<FOOD id="F3" spans="209~222" text="carnie asaida"  />
<FOOD id="F4" spans="255~259" text="beef"  />
<FOOD id="F5" spans="284~288" text="rice"  />
<FOOD id="F6" spans="293~298" text="beans"  />
<ANAPHORA id="A0" spans="224~226" text="it"  />
<ANAPHORA id="A1" spans="98~102" text="they"  />
<ANAPHORA id="A2" spans="237~239" text="It"  />
<QUALITY id="Q0" spans="0~9" text="Don&apos;t eat" type="negative" />
<QUALITY id="Q1" spans="103~116" text="tasted fishey" type="negative" />
<QUALITY id="Q2" spans="190~197" text="average" type="neutral" />
<QUALITY id="Q3" spans="231~235" text="good" type="positive" />
<QUALITY id="Q4" spans="300~315" text="Nothing special" type="neutral" />
<PART_OF id="P0" fromID="F4" fromText="beef" toID="A0" toText="it" />
<PART_OF id="P1" fromID="F5" fromText="rice" toID="A2" toText="It" />
<PART_OF id="P2" fromID="F6" fromText="beans" toID="A0" toText="it" />
<OPINION id="O0" fromID="Q0" fromText="Don&apos;t eat" toID="F0" toText="fish tacos" relationship="implicit" />
<OPINION id="O1" fromID="Q1" fromText="tasted fishey" toID="A1" toText="they" relationship="explicit" />
<OPINION id="O2" fromID="Q2" fromText="average" toID="F1" toText="Rice" relationship="explicit" />
<OPINION id="O3" fromID="Q2" fromText="average" toID="F2" toText="beans" relationship="explicit" />
<OPINION id="O4" fromID="Q3" fromText="good" toID="A0" toText="it" relationship="explicit" />
<OPINION id="O5" fromID="Q4" fromText="Nothing special" toID="A2" toText="It" relationship="explicit" />
<COREFERENCE id="C0" fromID="A1" fromText="they" toID="F0" toText="fish tacos" />
<COREFERENCE id="C1" fromID="A0" fromText="it" toID="F3" toText="carnie asaida" />
<COREFERENCE id="C2" fromID="A2" fromText="It" toID="A0" toText="it" />
<COREFERENCE id="C3" fromID="F5" fromText="rice" toID="F1" toText="Rice" />
<COREFERENCE id="C4" fromID="F6" fromText="beans" toID="F2" toText="beans" />
</TAGS>
</yelp_reviews_1.1>