<?xml version="1.0" encoding="UTF-8" ?>

<yelp_reviews_1.1>
<TEXT><![CDATA[This place is ok if you are so starving you don't care what you eat. The chips and salsa are great, but everything else is pretty bland. I am a fan of tamales and I would definitely not order it again. They do make some pretty good chicken tacos, but you only receive 2 small tacos and its about $12... no thanks! I would prefer Taco Bell over Mi Amigos. The staff is very nice and the service is good, too bad the food does not match.]]></TEXT>
<TAGS>
<FOOD id="F0" spans="73~88" text="chips and salsa"  />
<FOOD id="F1" spans="151~158" text="tamales"  />
<FOOD id="F2" spans="232~245" text="chicken tacos"  />
<FOOD id="F3" spans="276~281" text="tacos"  />
<ANAPHORA id="A0" spans="286~288" text="it"  />
<ANAPHORA id="A1" spans="192~194" text="it"  />
<QUALITY id="Q0" spans="163~200" text="I would definitely not order it again" type="negative" />
<QUALITY id="Q1" spans="93~98" text="great" type="positive" />
<QUALITY id="Q2" spans="220~231" text="pretty good" type="positive" />
<QUALITY id="Q3" spans="270~275" text="small" type="negative" />
<QUALITY id="Q4" spans="290~299" text="about $12" type="negative" />
<OPINION id="O0" fromID="Q1" fromText="great" toID="F0" toText="chips and salsa" relationship="explicit" />
<OPINION id="O1" fromID="Q0" fromText="I would definitely not order it again" toID="A1" toText="it" relationship="implicit" />
<OPINION id="O2" fromID="Q2" fromText="pretty good" toID="F2" toText="chicken tacos" relationship="explicit" />
<OPINION id="O3" fromID="Q3" fromText="small" toID="F3" toText="tacos" relationship="explicit" />
<OPINION id="O4" fromID="Q4" fromText="about $12" toID="A0" toText="it" relationship="explicit" />
<COREFERENCE id="C0" fromID="A1" fromText="it" toID="F1" toText="tamales" />
<COREFERENCE id="C1" fromID="F3" fromText="tacos" toID="F2" toText="chicken tacos" />
<COREFERENCE id="C2" fromID="A0" fromText="it" toID="F3" toText="tacos" />
</TAGS>
</yelp_reviews_1.1>