<?xml version="1.0" encoding="UTF-8" ?>

<yelp_reviews_1.1>
<TEXT><![CDATA[We have eaten here many time and the food is usually good. Today it was horrible. Everything was cold. Cheese was not even melted in my sins burrito. My food was very greased and cold.]]></TEXT>
<TAGS>
<FOOD id="F0" spans="103~109" text="Cheese"  />
<FOOD id="F1" spans="141~148" text="burrito"  />
<ANAPHORA id="A0" spans="153~157" text="food"  />
<QUALITY id="Q0" spans="110~129" text="was not even melted" type="negative" />
<QUALITY id="Q1" spans="162~174" text="very greased" type="negative" />
<QUALITY id="Q2" spans="179~183" text="cold" type="negative" />
<PART_OF id="P0" fromID="F0" fromText="Cheese" toID="F1" toText="burrito" />
<OPINION id="O0" fromID="Q0" fromText="was not even melted" toID="F0" toText="Cheese" relationship="explicit" />
<OPINION id="O1" fromID="Q1" fromText="very greased" toID="A0" toText="food" relationship="explicit" />
<OPINION id="O2" fromID="Q2" fromText="cold" toID="A0" toText="food" relationship="explicit" />
<COREFERENCE id="C0" fromID="A0" fromText="food" toID="F1" toText="burrito" />
</TAGS>
</yelp_reviews_1.1>