<?xml version="1.0" encoding="UTF-8" ?>

<yelp_reviews_1.1>
<TEXT><![CDATA[The husband and I used to like coming to Mi Amigos when we first started dating b/c we would see a lot of movies, you know go on movie dates, these dates are pretty funny b/c you don't have to actually talk to your date for a good duration of the date-- it's so brilliant!   But this is also why "dinner and a movie" is so popular.  

So we would have some dinners at Mi Amigo's until the frightful night.  The night we ate at Mi Amigos and I ordered the tamale for the first time (usually I stick with tacos at Mexican food restaurants and I just love tacos).  It was delicious and I enjoyed every last bit of that tamale.  We go to the movie, he drops me off at home, I go to bed and am up at 4am with the taste of tamales in my mouth.  I feel like I might have indigestion, but NO. NO NO NO NO NO NO NO NO NO NO NO NO NO NO NO NO-- I had my very first date with food poisoning.  

You know the drill on this so I won't go into detail.  I can't give the place one star b/c of all the other times we went and had 2-3 star  food and decent service.  So I gave 2 stars but told you all that I got food poisoning here.  It really should be 1.5 stars.  The  worst part is I can never eat another tamale again, ever.  .]]></TEXT>
<TAGS>
<FOOD id="F0" spans="455~461" text="tamale"  />
<FOOD id="F1" spans="616~622" text="tamale"  />
<FOOD id="F2" spans="1193~1199" text="tamale"  />
<ANAPHORA id="A0" spans="562~564" text="It"  />
<QUALITY id="Q0" spans="569~578" text="delicious" type="positive" />
<QUALITY id="Q3" spans="583~607" text="I enjoyed every last bit" type="positive" />
<QUALITY id="Q4" spans="1169~1212" text="I can never eat another tamale again, ever." type="negative" />
<OPINION id="O0" fromID="Q0" fromText="delicious" toID="A0" toText="It" relationship="explicit" />
<OPINION id="O1" fromID="Q3" fromText="I enjoyed every last bit" toID="F1" toText="tamale" relationship="explicit" />
<OPINION id="O2" fromID="Q4" fromText="I can never eat another tamale again, ever." toID="F2" toText="tamale" relationship="implicit" />
<COREFERENCE id="C0" fromID="A0" fromText="It" toID="F0" toText="tamale" />
<COREFERENCE id="C1" fromID="F1" fromText="tamale" toID="A0" toText="It" />
</TAGS>
</yelp_reviews_1.1>