<?xml version="1.0" encoding="UTF-8" ?>

<yelp_reviews_1.1>
<TEXT><![CDATA[Chips and Salsa were decent. The Grilled
Fish Tacos were really excellent. Price was reasonable.]]></TEXT>
<TAGS>
<FOOD id="F0" spans="0~15" text="Chips and Salsa"  />
<FOOD id="F2" spans="33~51" text="Grilled Fish Tacos"  />
<QUALITY id="Q0" spans="21~27" text="decent" type="neutral" />
<QUALITY id="Q1" spans="57~73" text="really excellent" type="positive" />
<OPINION id="O0" fromID="Q0" fromText="decent" toID="F0" toText="Chips and Salsa" relationship="explicit" />
<OPINION id="O1" fromID="Q1" fromText="really excellent" toID="F2" toText="Grilled Fish Tacos" relationship="explicit" />
</TAGS>
</yelp_reviews_1.1>