<?xml version="1.0" encoding="UTF-8" ?>

<yelp_reviews_1.1>
<TEXT><![CDATA[We had a large (20 or so) group go to Mi Amigo's before a Rattler's game. They knew we were coming and assigned us a very competent server. There were probably 12 different checks and some moving around of people and Laura handled it all perfectly.

Three of us at my table tried items off the $2.50 Happy Hour menu. The beef taco and cheese enchilada were a sweet deal at $5. Really nice flavor on the enchilada sauce. The folks who ordered the guacamole (prepared at your table) also enjoyed their food.

Finally, $2.95 for a bottle of Dos Equis Amber is a good deal but $2.95 for the big glass is a great deal!]]></TEXT>
<TAGS>
<FOOD id="F0" spans="321~330" text="beef taco"  />
<FOOD id="F1" spans="335~351" text="cheese enchilada"  />
<FOOD id="F2" spans="403~418" text="enchilada sauce"  />
<FOOD id="F3" spans="446~455" text="guacamole"  />
<FOOD id="F4" spans="538~553" text="Dos Equis Amber"  />
<FOOD id="F5" spans="587~596" text="big glass"  />
<ANAPHORA id="A1" spans="494~504" text="their food"  />
<QUALITY id="Q0" spans="420~493" text="The folks who ordered the guacamole (prepared at your table) also enjoyed" type="positive" />
<QUALITY id="Q1" spans="359~369" text="sweet deal" type="positive" />
<QUALITY id="Q2" spans="377~395" text="Really nice flavor" type="positive" />
<QUALITY id="Q3" spans="559~568" text="good deal" type="positive" />
<QUALITY id="Q4" spans="587~590" text="big" type="positive" />
<QUALITY id="Q5" spans="602~612" text="great deal" type="positive" />
<PART_OF id="P0" fromID="F2" fromText="enchilada sauce" toID="F1" toText="cheese enchilada" />
<OPINION id="O0" fromID="Q1" fromText="sweet deal" toID="F0" toText="beef taco" relationship="explicit" />
<OPINION id="O1" fromID="Q1" fromText="sweet deal" toID="F1" toText="cheese enchilada" relationship="explicit" />
<OPINION id="O2" fromID="Q2" fromText="Really nice flavor" toID="F2" toText="enchilada sauce" relationship="explicit" />
<OPINION id="O3" fromID="Q0" fromText="The folks who ordered the guacamole (prepared at your table) also enjoyed" toID="A1" toText="their food" relationship="explicit" />
<OPINION id="O4" fromID="Q3" fromText="good deal" toID="F4" toText="Dos Equis Amber" relationship="explicit" />
<OPINION id="O5" fromID="Q5" fromText="great deal" toID="F5" toText="big glass" relationship="explicit" />
<COREFERENCE id="C0" fromID="A1" fromText="their food" toID="F3" toText="guacamole" />
</TAGS>
</yelp_reviews_1.1>