<?xml version="1.0" encoding="UTF-8" ?>

<yelp_reviews_1.1>
<TEXT><![CDATA[Where this isn't the gourmet Mexican fiesta heaven you're probably just dying to try. It wasn't re-fried bean heck either. The atmosphere leaves a lot to be desired, it's very typical American Grill meets what it thinks Mexico should look like complete with booths and tacky wall colors.  But they will make semi-fresh guacamole at your table and bring you a mountain of chips that you can't refuse. 

They were also pretty knowledgeable about what was gluten free on their menu. Stay away from the yellow rice, but try the white, it's delicious.]]></TEXT>
<TAGS>
<FOOD id="F0" spans="319~328" text="guacamole"  />
<FOOD id="F1" spans="371~376" text="chips"  />
<FOOD id="F2" spans="499~510" text="yellow rice"  />
<FOOD id="F3" spans="524~529" text="white"  />
<ANAPHORA id="A0" spans="531~533" text="it"  />
<QUALITY id="Q0" spans="308~318" text="semi-fresh" type="positive" />
<QUALITY id="Q1" spans="357~370" text="a mountain of" type="positive" />
<QUALITY id="Q2" spans="382~398" text="you can&apos;t refuse" type="positive" />
<QUALITY id="Q3" spans="480~494" text="Stay away from" type="negative" />
<QUALITY id="Q4" spans="516~519" text="try" type="positive" />
<QUALITY id="Q5" spans="536~545" text="delicious" type="positive" />
<OPINION id="O0" fromID="Q0" fromText="semi-fresh" toID="F0" toText="guacamole" relationship="explicit" />
<OPINION id="O1" fromID="Q1" fromText="a mountain of" toID="F1" toText="chips" relationship="explicit" />
<OPINION id="O2" fromID="Q2" fromText="you can&apos;t refuse" toID="F1" toText="chips" relationship="implicit" />
<OPINION id="O3" fromID="Q3" fromText="Stay away from" toID="F2" toText="yellow rice" relationship="implicit" />
<OPINION id="O4" fromID="Q4" fromText="try" toID="F3" toText="white" relationship="implicit" />
<OPINION id="O5" fromID="Q5" fromText="delicious" toID="A0" toText="it" relationship="explicit" />
<COREFERENCE id="C0" fromID="A0" fromText="it" toID="F3" toText="white" />
</TAGS>
</yelp_reviews_1.1>