<?xml version="1.0" encoding="UTF-8" ?>

<yelp_reviews_1.1>
<TEXT><![CDATA[Loved the food and drink! 

The nachos with muchaca under the appetizer menu was GINORMOUS, it was so much food between the two of us, we could not finish it. The blue type margaritas that are presently on special for $2 a piece, all day, are fantastic.

Our server was super cool and on top of her game and for a total of four drinks and the increadibly large appitizer, we paid $27. How can you beat that?!]]></TEXT>
<TAGS>
<FOOD id="F0" spans="32~51" text="nachos with muchaca"  />
<FOOD id="F1" spans="163~183" text="blue type margaritas"  />
<ANAPHORA id="A0" spans="92~94" text="it"  />
<QUALITY id="Q0" spans="81~90" text="GINORMOUS" type="positive" />
<QUALITY id="Q1" spans="99~111" text="so much food" type="positive" />
<QUALITY id="Q2" spans="135~154" text="we could not finish" type="positive" />
<QUALITY id="Q3" spans="243~252" text="fantastic" type="positive" />
<OPINION id="O0" fromID="Q0" fromText="GINORMOUS" toID="F0" toText="nachos with muchaca" relationship="explicit" />
<OPINION id="O1" fromID="Q1" fromText="so much food" toID="A0" toText="it" relationship="explicit" />
<OPINION id="O2" fromID="Q1" fromText="so much food" toID="A0" toText="it" relationship="explicit" />
<OPINION id="O3" fromID="Q3" fromText="fantastic" toID="F1" toText="blue type margaritas" relationship="explicit" />
<COREFERENCE id="C0" fromID="A0" fromText="it" toID="F0" toText="nachos with muchaca" />
</TAGS>
</yelp_reviews_1.1>