<?xml version="1.0" encoding="UTF-8" ?>

<yelp_reviews_1.1>
<TEXT><![CDATA[Went here just before a movie. The service was fast but that's it. I ordered the mango and shrimp quesadilla. My friend ordered nachos. The food was not good. I and my friend could not finish our food and we had stomach aches immediately after.]]></TEXT>
<TAGS>
<FOOD id="F0" spans="81~108" text="mango and shrimp quesadilla"  />
<FOOD id="F1" spans="128~134" text="nachos"  />
<FOOD id="F2" spans="136~144" text="The food"  />
<ANAPHORA id="A1" spans="196~200" text="food"  />
<ANAPHORA id="A2" spans="140~144" text="food"  />
<QUALITY id="Q0" spans="149~157" text="not good" type="negative" />
<QUALITY id="Q1" spans="159~191" text="I and my friend could not finish" type="negative" />
<QUALITY id="Q2" spans="205~243" text="we had stomach aches immediately after" type="negative" />
<OPINION id="O0" fromID="Q0" fromText="not good" toID="F2" toText="The food" relationship="explicit" />
<OPINION id="O1" fromID="Q1" fromText="I and my friend could not finish" toID="A1" toText="food" relationship="implicit" />
<OPINION id="O2" fromID="Q2" fromText="we had stomach aches immediately after" toID="A1" toText="food" relationship="implicit" />
<COREFERENCE id="C0" fromID="A2" fromText="food" toID="F0" toText="mango and shrimp quesadilla" />
<COREFERENCE id="C1" fromID="A1" fromText="food" toID="F1" toText="nachos" />
</TAGS>
</yelp_reviews_1.1>