<?xml version="1.0" encoding="UTF-8" ?>

<yelp_reviews_1.1>
<TEXT><![CDATA[I was attending a conference at a nearby hotel and wandered in for lunch one day. I had a chicken burrito that left me disappointed: cubes of white chicken meat in a watery green sauce that had little flavor and no heat, wrapped in a non-descript tortilla, with rice and beans.

Service was good, price was reasonable, but the food wasn't even remotely interesting and that's a pity.]]></TEXT>
<TAGS>
<FOOD id="F0" spans="90~105" text="chicken burrito"  />
<FOOD id="F2" spans="142~160" text="white chicken meat"  />
<FOOD id="F3" spans="173~184" text="green sauce"  />
<FOOD id="F4" spans="247~255" text="tortilla"  />
<FOOD id="F5" spans="262~266" text="rice"  />
<FOOD id="F6" spans="271~276" text="beans"  />
<QUALITY id="Q0" spans="111~131" text="left me disappointed" type="negative" />
<QUALITY id="Q1" spans="166~172" text="watery" type="negative" />
<QUALITY id="Q2" spans="190~207" text="had little flavor" type="negative" />
<QUALITY id="Q3" spans="212~219" text="no heat" type="negative" />
<QUALITY id="Q4" spans="234~246" text="non-descript" type="negative" />
<PART_OF id="P0" fromID="F2" fromText="white chicken meat" toID="F0" toText="chicken burrito" />
<PART_OF id="P1" fromID="F3" fromText="green sauce" toID="F0" toText="chicken burrito" />
<PART_OF id="P2" fromID="F4" fromText="tortilla" toID="F0" toText="chicken burrito" />
<PART_OF id="P3" fromID="F5" fromText="rice" toID="F0" toText="chicken burrito" />
<PART_OF id="P4" fromID="F6" fromText="beans" toID="F0" toText="chicken burrito" />
<OPINION id="O0" fromID="Q0" fromText="left me disappointed" toID="F0" toText="chicken burrito" relationship="explicit" />
<OPINION id="O1" fromID="Q1" fromText="watery" toID="F3" toText="green sauce" relationship="explicit" />
<OPINION id="O2" fromID="Q2" fromText="had little flavor" toID="F3" toText="green sauce" relationship="explicit" />
<OPINION id="O3" fromID="Q3" fromText="no heat" toID="F3" toText="green sauce" relationship="explicit" />
<OPINION id="O4" fromID="Q4" fromText="non-descript" toID="F4" toText="tortilla" relationship="explicit" />
</TAGS>
</yelp_reviews_1.1>