<?xml version="1.0" encoding="UTF-8" ?>

<yelp_reviews_1.1>
<TEXT><![CDATA[Ventured off to Mi Amigo's with mi amigos for lunch today and had an A-OK pleasant experience. Big place, nice size menu and pretty decent speed on bringing the food out ( i was clock watching , since it was just a lunch break). Lunch prices are very reasonable. I had the veggie burrito. Very tasty and very filing. Zucchini, spinach, carrots,, peppers, rice etc.. loved the variety of the ingredients. Mi amigos enjoyed their dishes as well. ( yes you get free chips and salsa to start- i know you were thinking about it). 
They have happy hour 3-6 and indoor/outdoor seating as well. 

Overall..pretty average food....not bad and not the greatest. Will it stop the rumbling in yo' tummy without breaking your budget? Word.]]></TEXT>
<TAGS>
<FOOD id="F0" spans="273~287" text="veggie burrito"  />
<FOOD id="F1" spans="317~325" text="Zucchini"  />
<FOOD id="F2" spans="327~334" text="spinach"  />
<FOOD id="F3" spans="336~343" text="carrots"  />
<FOOD id="F4" spans="346~353" text="peppers"  />
<FOOD id="F5" spans="355~359" text="rice"  />
<FOOD id="F6" spans="463~478" text="chips and salsa"  />
<QUALITY id="Q0" spans="289~299" text="Very tasty" type="positive" />
<QUALITY id="Q1" spans="366~402" text="loved the variety of the ingredients" type="positive" />
<QUALITY id="Q2" spans="304~315" text="very filing" type="positive" />
<QUALITY id="Q3" spans="458~462" text="free" type="positive" />
<PART_OF id="P0" fromID="F1" fromText="Zucchini" toID="F0" toText="veggie burrito" />
<PART_OF id="P1" fromID="F2" fromText="spinach" toID="F0" toText="veggie burrito" />
<PART_OF id="P2" fromID="F3" fromText="carrots" toID="F0" toText="veggie burrito" />
<PART_OF id="P3" fromID="F4" fromText="peppers" toID="F0" toText="veggie burrito" />
<PART_OF id="P4" fromID="F5" fromText="rice" toID="F0" toText="veggie burrito" />
<OPINION id="O0" fromID="Q0" fromText="Very tasty" toID="F0" toText="veggie burrito" relationship="explicit" />
<OPINION id="O1" fromID="Q2" fromText="very filing" toID="F0" toText="veggie burrito" relationship="explicit" />
<OPINION id="O2" fromID="Q1" fromText="loved the variety of the ingredients" toID="F0" toText="veggie burrito" relationship="implicit" />
<OPINION id="O3" fromID="Q3" fromText="free" toID="F6" toText="chips and salsa" relationship="explicit" />
</TAGS>
</yelp_reviews_1.1>