<?xml version="1.0" encoding="UTF-8" ?>

<yelp_reviews_1.1>
<TEXT><![CDATA[Gotta give this place a 5 star rating for the food AND the staff. We've eaten at all their stores--even the ones they ill advisedly closed. All are superb. The food is just about the best--we like the pork taquitos. the green corn tomales, and the chili pablamos rellenos (not your grandmother's chilli rellenos). The wait staff and management make you feel like this is YOUR place. They used to make a fantastic queso fundido--encourage them, maybe they will restart.  Dos Equis prices during happy hour are worth the visit--goes great with the hot bean dip!

Do it, you'll love it.]]></TEXT>
<TAGS>
<FOOD id="F0" spans="201~214" text="pork taquitos"  />
<FOOD id="F1" spans="220~238" text="green corn tomales"  />
<FOOD id="F2" spans="248~271" text="chili pablamos rellenos"  />
<FOOD id="F3" spans="470~479" text="Dos Equis"  />
<QUALITY id="Q0" spans="189~196" text="we like" type="positive" />
<QUALITY id="Q1" spans="273~311" text="not your grandmother&apos;s chilli rellenos" type="positive" />
<QUALITY id="Q2" spans="480~524" text="prices during happy hour are worth the visit" type="positive" />
<QUALITY id="Q3" spans="526~558" text="goes great with the hot bean dip" type="positive" />
<OPINION id="O0" fromID="Q0" fromText="we like" toID="F0" toText="pork taquitos" relationship="explicit" />
<OPINION id="O1" fromID="Q0" fromText="we like" toID="F1" toText="green corn tomales" relationship="explicit" />
<OPINION id="O2" fromID="Q0" fromText="we like" toID="F2" toText="chili pablamos rellenos" relationship="explicit" />
<OPINION id="O3" fromID="Q1" fromText="not your grandmother&apos;s chilli rellenos" toID="F2" toText="chili pablamos rellenos" relationship="implicit" />
<OPINION id="O4" fromID="Q2" fromText="prices during happy hour are worth the visit" toID="F3" toText="Dos Equis" relationship="explicit" />
<OPINION id="O5" fromID="Q3" fromText="goes great with the hot bean dip" toID="F3" toText="Dos Equis" relationship="explicit" />
</TAGS>
</yelp_reviews_1.1>