<?xml version="1.0" encoding="UTF-8" ?>

<yelp_reviews_1.1>
<TEXT><![CDATA[Delicious! Love the fresh flour tortillas!! Definitely not store bought! The Cadillac margarita is excellent addition to the have with the chicken fajitas! The bean dip here is very good big enough for 4 people to share. Love the salsa because I like spicy and it has kick to it! The bizarre thing is you can get right in on the weekend because it's more of a lunch spot being downtown. I would recommend it! Nice quiet atmosphere for a weekend night.]]></TEXT>
<TAGS>
<FOOD id="F0" spans="26~41" text="flour tortillas"  />
<FOOD id="F1" spans="77~95" text="Cadillac margarita"  />
<FOOD id="F2" spans="160~168" text="bean dip"  />
<FOOD id="F3" spans="230~235" text="salsa"  />
<ANAPHORA id="A0" spans="261~263" text="it"  />
<QUALITY id="Q0" spans="11~15" text="Love" type="positive" />
<QUALITY id="Q1" spans="20~25" text="fresh" type="positive" />
<QUALITY id="Q2" spans="44~71" text="Definitely not store bought" type="positive" />
<QUALITY id="Q3" spans="99~154" text="excellent addition to the have with the chicken fajitas" type="positive" />
<QUALITY id="Q4" spans="177~186" text="very good" type="positive" />
<QUALITY id="Q5" spans="187~219" text="big enough for 4 people to share" type="positive" />
<QUALITY id="Q7" spans="221~225" text="Love" type="positive" />
<QUALITY id="Q8" spans="236~278" text="because I like spicy and it has kick to it" type="positive" />
<OPINION id="O0" fromID="Q0" fromText="Love" toID="F0" toText="flour tortillas" relationship="explicit" />
<OPINION id="O1" fromID="Q1" fromText="fresh" toID="F0" toText="flour tortillas" relationship="explicit" />
<OPINION id="O2" fromID="Q2" fromText="Definitely not store bought" toID="F0" toText="flour tortillas" relationship="explicit" />
<OPINION id="O3" fromID="Q3" fromText="excellent addition to the have with the chicken fajitas" toID="F1" toText="Cadillac margarita" relationship="explicit" />
<OPINION id="O4" fromID="Q4" fromText="very good" toID="F2" toText="bean dip" relationship="explicit" />
<OPINION id="O5" fromID="Q5" fromText="big enough for 4 people to share" toID="F2" toText="bean dip" relationship="explicit" />
<OPINION id="O6" fromID="Q7" fromText="Love" toID="F3" toText="salsa" relationship="explicit" />
<OPINION id="O7" fromID="Q8" fromText="because I like spicy and it has kick to it" toID="F3" toText="salsa" relationship="implicit" />
<COREFERENCE id="C0" fromID="A0" fromText="it" toID="F3" toText="salsa" />
</TAGS>
</yelp_reviews_1.1>