<?xml version="1.0" encoding="UTF-8" ?>

<yelp_reviews_1.1>
<TEXT><![CDATA[Honestly, this place isn't anything exceptionally special. I expected it to be a bit more upscale for the Arizona Center, but it reminded me of your run-of-the-mill Mexican places you can find everywhere. 
Now don't get me wrong, it was delicious for a lunchtime choice and I'm glad I went because it was tasty but I just wouldn't go back.
For one, the salsa was very chunky. Chunky in a way that it was all tomato, cilantro, onions, etc. But the chips served with were interesting in the fact that they were always hot out of the oven and were long tomale-like shapes rather than poured out of a bag.
I got the Lunch Special #18 and my friends got #20 and #22. Whichever is the chulopa, get that one! Mine was just an enchilada with rice and beans and although it was the cheaper option on the menu, it wasn't exciting. 
I would recommend this place is you're craving just some basic Mexican food and don't have a long lunch hour. I would ALSO suggest this place for HH. I didn't get to drink but they're specials looked bomb!]]></TEXT>
<TAGS>
<FOOD id="F0" spans="353~358" text="salsa"  />
<FOOD id="F1" spans="408~414" text="tomato"  />
<FOOD id="F2" spans="416~424" text="cilantro"  />
<FOOD id="F3" spans="426~432" text="onions"  />
<FOOD id="F4" spans="447~452" text="chips"  />
<FOOD id="F5" spans="679~686" text="chulopa"  />
<FOOD id="F6" spans="719~748" text="enchilada with rice and beans"  />
<FOOD id="F7" spans="612~629" text="Lunch Special #18"  />
<ANAPHORA id="A0" spans="397~399" text="it"  />
<ANAPHORA id="A1" spans="499~503" text="they"  />
<ANAPHORA id="A2" spans="762~764" text="it"  />
<ANAPHORA id="A3" spans="801~803" text="it"  />
<ANAPHORA id="A4" spans="702~706" text="Mine"  />
<QUALITY id="Q0" spans="363~374" text="very chunky" type="negative" />
<QUALITY id="Q1" spans="376~437" text="Chunky in a way that it was all tomato, cilantro, onions, etc" type="negative" />
<QUALITY id="Q2" spans="509~535" text="always hot out of the oven" type="positive" />
<QUALITY id="Q5" spans="545~568" text="long tomale-like shapes" type="neutral" />
<QUALITY id="Q7" spans="769~799" text="the cheaper option on the menu" type="positive" />
<QUALITY id="Q8" spans="804~819" text="wasn&apos;t exciting" type="negative" />
<QUALITY id="Q3" spans="470~481" text="interesting" type="neutral" />
<QUALITY id="Q4" spans="688~700" text="get that one" type="positive" />
<PART_OF id="P0" fromID="F1" fromText="tomato" toID="A0" toText="it" />
<PART_OF id="P1" fromID="F2" fromText="cilantro" toID="F0" toText="salsa" />
<PART_OF id="P2" fromID="F3" fromText="onions" toID="F0" toText="salsa" />
<OPINION id="O0" fromID="Q0" fromText="very chunky" toID="F0" toText="salsa" relationship="explicit" />
<OPINION id="O1" fromID="Q1" fromText="Chunky in a way that it was all tomato, cilantro, onions, etc" toID="F0" toText="salsa" relationship="implicit" />
<OPINION id="O2" fromID="Q3" fromText="interesting" toID="F4" toText="chips" relationship="explicit" />
<OPINION id="O3" fromID="Q2" fromText="always hot out of the oven" toID="A1" toText="they" relationship="explicit" />
<OPINION id="O4" fromID="Q5" fromText="long tomale-like shapes" toID="A1" toText="they" relationship="explicit" />
<OPINION id="O7" fromID="Q4" fromText="get that one" toID="F5" toText="chulopa" relationship="implicit" />
<OPINION id="O8" fromID="Q7" fromText="the cheaper option on the menu" toID="A2" toText="it" relationship="explicit" />
<OPINION id="O9" fromID="Q8" fromText="wasn&apos;t exciting" toID="A3" toText="it" relationship="explicit" />
<COREFERENCE id="C0" fromID="A0" fromText="it" toID="F0" toText="salsa" />
<COREFERENCE id="C1" fromID="A1" fromText="they" toID="F4" toText="chips" />
<COREFERENCE id="C2" fromID="A2" fromText="it" toID="F6" toText="enchilada with rice and beans" />
<COREFERENCE id="C3" fromID="A3" fromText="it" toID="A2" toText="it" />
<COREFERENCE id="C4" fromID="A2" fromText="it" toID="F7" toText="Lunch Special #18" />
<COREFERENCE id="C5" fromID="A4" fromText="Mine" toID="F7" toText="Lunch Special #18" />
</TAGS>
</yelp_reviews_1.1>