<?xml version="1.0" encoding="UTF-8" ?>

<yelp_reviews_1.1>
<TEXT><![CDATA[The chips were very watery. I ordered the guacamole made at my table. They brought it out in a salad bowl, not very classy of mexicanish! The server was courteous which is always a must for me. As I'm writing I'm tasting the guacamole. Very bland! I had to add the weak "hot sauce" they have to it for some semblance of flavor. The shrimp tacos are mediocre at best. I was going to give this place 3 stars but after eating the shrimp tacos I went down one more star.]]></TEXT>
<TAGS>
<FOOD id="F0" spans="4~9" text="chips"  />
<FOOD id="F1" spans="42~51" text="guacamole"  />
<FOOD id="F2" spans="225~234" text="guacamole"  />
<FOOD id="F3" spans="271~280" text="hot sauce"  />
<FOOD id="F4" spans="332~344" text="shrimp tacos"  />
<FOOD id="F5" spans="427~439" text="shrimp tacos"  />
<ANAPHORA id="A0" spans="83~85" text="it"  />
<ANAPHORA id="A1" spans="295~297" text="it"  />
<QUALITY id="Q0" spans="270~281" text="&quot;hot sauce&quot;" type="negative" />
<QUALITY id="Q1" spans="15~26" text="very watery" type="negative" />
<QUALITY id="Q2" spans="107~136" text="not very classy of mexicanish" type="negative" />
<QUALITY id="Q3" spans="236~246" text="Very bland" type="neutral" />
<QUALITY id="Q4" spans="248~326" text="I had to add the weak &quot;hot sauce&quot; they have to it for some semblance of flavor" type="negative" />
<QUALITY id="Q5" spans="349~365" text="mediocre at best" type="negative" />
<QUALITY id="Q6" spans="410~465" text="after eating the shrimp tacos I went down one more star" type="negative" />
<OPINION id="O0" fromID="Q1" fromText="very watery" toID="F0" toText="chips" relationship="explicit" />
<OPINION id="O1" fromID="Q3" fromText="Very bland" toID="F2" toText="guacamole" relationship="explicit" />
<OPINION id="O2" fromID="Q4" fromText="I had to add the weak &quot;hot sauce&quot; they have to it for some semblance of flavor" toID="A1" toText="it" relationship="implicit" />
<OPINION id="O3" fromID="Q5" fromText="mediocre at best" toID="F4" toText="shrimp tacos" relationship="explicit" />
<OPINION id="O4" fromID="Q6" fromText="after eating the shrimp tacos I went down one more star" toID="F5" toText="shrimp tacos" relationship="implicit" />
<COREFERENCE id="C0" fromID="A0" fromText="it" toID="F1" toText="guacamole" />
<COREFERENCE id="C1" fromID="A1" fromText="it" toID="F2" toText="guacamole" />
<COREFERENCE id="C2" fromID="F5" fromText="shrimp tacos" toID="F4" toText="shrimp tacos" />
</TAGS>
</yelp_reviews_1.1>