<?xml version="1.0" encoding="UTF-8" ?>

<yelp_reviews_1.1>
<TEXT><![CDATA[The prices are the only thing keeping this from being a 5.

Their service is scary fast and perfectly attentive.  This place is a favorite of everybody I work with.

I just had the fajitas this last time.  I don't know if I'll ever order anything else.  It was SO GOOD.  It could feed two people easily!  I might have ordered something made for two people.  I'm kinda embarrassed.  I didn't finish it though.  I couldn't.

I haven't found an issue with any of their food, and the cheap margaritas make a late lunch into a more enjoyable experience.]]></TEXT>
<TAGS>
<FOOD id="F0" spans="181~188" text="fajitas"  />
<FOOD id="F1" spans="486~496" text="margaritas"  />
<ANAPHORA id="A0" spans="254~256" text="It"  />
<ANAPHORA id="A1" spans="271~273" text="It"  />
<ANAPHORA id="A2" spans="398~400" text="it"  />
<QUALITY id="Q0" spans="206~251" text="I don&apos;t know if I&apos;ll ever order anything else" type="positive" />
<QUALITY id="Q1" spans="261~268" text="SO GOOD" type="positive" />
<QUALITY id="Q2" spans="274~302" text="could feed two people easily" type="positive" />
<QUALITY id="Q5" spans="382~397" text="I didn&apos;t finish" type="neutral" />
<QUALITY id="Q6" spans="480~485" text="cheap" type="positive" />
<QUALITY id="Q7" spans="497~547" text="make a late lunch into a more enjoyable experience" type="positive" />
<OPINION id="O0" fromID="Q0" fromText="I don&apos;t know if I&apos;ll ever order anything else" toID="F0" toText="fajitas" relationship="implicit" />
<OPINION id="O1" fromID="Q1" fromText="SO GOOD" toID="A0" toText="It" relationship="explicit" />
<OPINION id="O2" fromID="Q2" fromText="could feed two people easily" toID="A1" toText="It" relationship="implicit" />
<OPINION id="O3" fromID="Q5" fromText="I didn&apos;t finish" toID="A2" toText="it" relationship="implicit" />
<OPINION id="O4" fromID="Q6" fromText="cheap" toID="F1" toText="margaritas" relationship="explicit" />
<OPINION id="O5" fromID="Q7" fromText="make a late lunch into a more enjoyable experience" toID="F1" toText="margaritas" relationship="explicit" />
<COREFERENCE id="C0" fromID="A0" fromText="It" toID="F0" toText="fajitas" />
<COREFERENCE id="C1" fromID="A2" fromText="it" toID="A1" toText="It" />
<COREFERENCE id="C2" fromID="A1" fromText="It" toID="A0" toText="It" />
</TAGS>
</yelp_reviews_1.1>