<?xml version="1.0" encoding="UTF-8" ?>

<yelp_reviews_1.1>
<TEXT><![CDATA[My coworker and I came here when we were in town for a conference. The service was good, waitress was attentive and got us everything we needed. She had a chile relleno and i had the spinach, avocado, shrimp salad. I thought the salad was good, it comes with raspberry viniagrette that's pretty sweet, so I picked some of the shrimp off to eat them on the side since they were salty. The salad was pretty simple and small. If you're going to get a salad and you're hungry, I suggest ordering something else to go with it because it might not fill you up.

We also got a fried ice cream. We split it and really enjoyed it- it came out quickly and with two spoons. 

I personally did not care for the chips and salsa. The salsa was okay, but thick, and the chips were very thin and broke easily. 

Mi Amigo's is a very affordable Mexican option downtown. We had a good experience with the service, but none of the food really wowed me. We could walk from our hotel and that was a nice touch, too.]]></TEXT>
<TAGS>
<FOOD id="F0" spans="183~213" text="spinach, avocado, shrimp salad"  />
<FOOD id="F1" spans="229~234" text="salad"  />
<FOOD id="F2" spans="259~280" text="raspberry viniagrette"  />
<FOOD id="F3" spans="326~332" text="shrimp"  />
<FOOD id="F4" spans="388~393" text="salad"  />
<FOOD id="F5" spans="448~453" text="salad"  />
<FOOD id="F6" spans="570~585" text="fried ice cream"  />
<FOOD id="F7" spans="699~714" text="chips and salsa"  />
<FOOD id="F8" spans="720~725" text="salsa"  />
<FOOD id="F9" spans="755~760" text="chips"  />
<ANAPHORA id="A0" spans="245~247" text="it"  />
<ANAPHORA id="A1" spans="367~371" text="they"  />
<ANAPHORA id="A2" spans="618~620" text="it"  />
<ANAPHORA id="A3" spans="518~520" text="it"  />
<ANAPHORA id="A4" spans="529~531" text="it"  />
<QUALITY id="Q0" spans="239~243" text="good" type="positive" />
<QUALITY id="Q1" spans="288~300" text="pretty sweet" type="positive" />
<QUALITY id="Q2" spans="377~382" text="salty" type="neutral" />
<QUALITY id="Q3" spans="398~411" text="pretty simple" type="neutral" />
<QUALITY id="Q5" spans="416~421" text="small" type="neutral" />
<QUALITY id="Q6" spans="473~517" text="I suggest ordering something else to go with" type="neutral" />
<QUALITY id="Q7" spans="532~553" text="might not fill you up" type="neutral" />
<QUALITY id="Q8" spans="603~617" text="really enjoyed" type="positive" />
<QUALITY id="Q9" spans="665~694" text="I personally did not care for" type="negative" />
<QUALITY id="Q10" spans="730~734" text="okay" type="neutral" />
<QUALITY id="Q12" spans="740~745" text="thick" type="negative" />
<QUALITY id="Q13" spans="766~775" text="very thin" type="negative" />
<QUALITY id="Q14" spans="780~792" text="broke easily" type="negative" />
<PART_OF id="P0" fromID="F2" fromText="raspberry viniagrette" toID="A0" toText="it" />
<PART_OF id="P1" fromID="F8" fromText="salsa" toID="F7" toText="chips and salsa" />
<PART_OF id="P2" fromID="F9" fromText="chips" toID="F7" toText="chips and salsa" />
<OPINION id="O0" fromID="Q0" fromText="good" toID="F1" toText="salad" relationship="explicit" />
<OPINION id="O1" fromID="Q1" fromText="pretty sweet" toID="F2" toText="raspberry viniagrette" relationship="explicit" />
<OPINION id="O2" fromID="Q2" fromText="salty" toID="A1" toText="they" relationship="explicit" />
<OPINION id="O3" fromID="Q3" fromText="pretty simple" toID="F4" toText="salad" relationship="explicit" />
<OPINION id="O4" fromID="Q5" fromText="small" toID="F4" toText="salad" relationship="explicit" />
<OPINION id="O5" fromID="Q6" fromText="I suggest ordering something else to go with" toID="A3" toText="it" relationship="implicit" />
<OPINION id="O6" fromID="Q7" fromText="might not fill you up" toID="A4" toText="it" relationship="explicit" />
<OPINION id="O7" fromID="Q8" fromText="really enjoyed" toID="A2" toText="it" relationship="explicit" />
<OPINION id="O8" fromID="Q9" fromText="I personally did not care for" toID="F7" toText="chips and salsa" relationship="implicit" />
<OPINION id="O9" fromID="Q10" fromText="okay" toID="F8" toText="salsa" relationship="explicit" />
<OPINION id="O10" fromID="Q12" fromText="thick" toID="F8" toText="salsa" relationship="explicit" />
<OPINION id="O11" fromID="Q14" fromText="broke easily" toID="F9" toText="chips" relationship="explicit" />
<OPINION id="O12" fromID="Q13" fromText="very thin" toID="F9" toText="chips" relationship="explicit" />
<COREFERENCE id="C0" fromID="F1" fromText="salad" toID="F0" toText="spinach, avocado, shrimp salad" />
<COREFERENCE id="C1" fromID="A0" fromText="it" toID="F1" toText="salad" />
<COREFERENCE id="C2" fromID="A1" fromText="they" toID="F3" toText="shrimp" />
<COREFERENCE id="C3" fromID="F5" fromText="salad" toID="F4" toText="salad" />
<COREFERENCE id="C4" fromID="A2" fromText="it" toID="F6" toText="fried ice cream" />
<COREFERENCE id="C5" fromID="A3" fromText="it" toID="F5" toText="salad" />
<COREFERENCE id="C6" fromID="A4" fromText="it" toID="A3" toText="it" />
</TAGS>
</yelp_reviews_1.1>