<?xml version="1.0" encoding="UTF-8" ?>

<yelp_reviews_1.1>
<TEXT><![CDATA[Very pleasant surprise! They use lard for only a couple of items and you can get them without lard. The salsa and veggies were bomb. The tortilla my burrito was wrapped in was fresh and wad easily cut through. Our server was attentive, quick, and appeared happy. I couldn't leave this place without yelping. From this experience, I think it deserves it.]]></TEXT>
<TAGS>
<FOOD id="F0" spans="104~109" text="salsa"  />
<FOOD id="F2" spans="114~121" text="veggies"  />
<FOOD id="F3" spans="137~145" text="tortilla"  />
<FOOD id="F4" spans="149~156" text="burrito"  />
<QUALITY id="Q0" spans="127~131" text="bomb" type="positive" />
<QUALITY id="Q1" spans="176~181" text="fresh" type="positive" />
<QUALITY id="Q2" spans="190~208" text="easily cut through" type="positive" />
<PART_OF id="P0" fromID="F3" fromText="tortilla" toID="F4" toText="burrito" />
<OPINION id="O0" fromID="Q0" fromText="bomb" toID="F0" toText="salsa" relationship="explicit" />
<OPINION id="O1" fromID="Q0" fromText="bomb" toID="F2" toText="veggies" relationship="explicit" />
<OPINION id="O2" fromID="Q1" fromText="fresh" toID="F3" toText="tortilla" relationship="explicit" />
<OPINION id="O3" fromID="Q2" fromText="easily cut through" toID="F3" toText="tortilla" relationship="explicit" />
</TAGS>
</yelp_reviews_1.1>