<?xml version="1.0" encoding="UTF-8" ?>

<yelp_reviews_1.1>
<TEXT><![CDATA[I had the fish taco platter.  It was good and had both green and purple cabbage.  The tacos came with white rice and black beans (which I love).  I found the salsa hotter than I expected.  The tea was fresh and cold.  

The only thing I would have improved is to have more flavorful fish.  It was a bit bland.  Overall an A-OK place to eat.]]></TEXT>
<TAGS>
<FOOD id="F0" spans="10~27" text="fish taco platter"  />
<FOOD id="F2" spans="55~79" text="green and purple cabbage"  />
<FOOD id="F3" spans="86~91" text="tacos"  />
<FOOD id="F4" spans="102~112" text="white rice"  />
<FOOD id="F5" spans="117~128" text="black beans"  />
<FOOD id="F6" spans="158~163" text="salsa"  />
<FOOD id="F7" spans="193~196" text="tea"  />
<FOOD id="F8" spans="283~287" text="fish"  />
<ANAPHORA id="A0" spans="30~32" text="It"  />
<ANAPHORA id="A1" spans="290~292" text="It"  />
<QUALITY id="Q0" spans="37~41" text="good" type="positive" />
<QUALITY id="Q1" spans="130~142" text="which I love" type="positive" />
<QUALITY id="Q2" spans="164~186" text="hotter than I expected" type="positive" />
<QUALITY id="Q3" spans="201~206" text="fresh" type="positive" />
<QUALITY id="Q4" spans="211~215" text="cold" type="positive" />
<QUALITY id="Q6" spans="297~308" text="a bit bland" type="negative" />
<QUALITY id="Q7" spans="220~282" text="The only thing I would have improved is to have more flavorful" type="negative" />
<PART_OF id="P0" fromID="F2" fromText="green and purple cabbage" toID="F0" toText="fish taco platter" />
<PART_OF id="P1" fromID="F2" fromText="green and purple cabbage" toID="A0" toText="It" />
<PART_OF id="P2" fromID="F4" fromText="white rice" toID="F3" toText="tacos" />
<PART_OF id="P3" fromID="F5" fromText="black beans" toID="F3" toText="tacos" />
<PART_OF id="P4" fromID="F8" fromText="fish" toID="F0" toText="fish taco platter" />
<OPINION id="O0" fromID="Q0" fromText="good" toID="A0" toText="It" relationship="explicit" />
<OPINION id="O1" fromID="Q1" fromText="which I love" toID="F5" toText="black beans" relationship="implicit" />
<OPINION id="O2" fromID="Q2" fromText="hotter than I expected" toID="F6" toText="salsa" relationship="explicit" />
<OPINION id="O3" fromID="Q3" fromText="fresh" toID="F7" toText="tea" relationship="explicit" />
<OPINION id="O4" fromID="Q4" fromText="cold" toID="F7" toText="tea" relationship="explicit" />
<OPINION id="O5" fromID="Q7" fromText="The only thing I would have improved is to have more flavorful" toID="F8" toText="fish" relationship="implicit" />
<OPINION id="O6" fromID="Q6" fromText="a bit bland" toID="A1" toText="It" relationship="explicit" />
<COREFERENCE id="C0" fromID="A0" fromText="It" toID="F0" toText="fish taco platter" />
<COREFERENCE id="C1" fromID="A1" fromText="It" toID="F8" toText="fish" />
</TAGS>
</yelp_reviews_1.1>