<?xml version="1.0" encoding="UTF-8" ?>

<yelp_reviews_1.1>
<TEXT><![CDATA[I really don't have much to say about this place. I didn't hate it, but didn't love it. 

I do have to say that if you can get in before 6 PM to take advantage of their happy hour pricing, do it. The margarita's I ordered were okay, but not worth the $7.25 a piece I paid for them. 

I ordered the tortilla soup and the crispy shredded beef taco (a la carte). The soup was so-so. A little salty and way too many kernels of corn for my taste. Of course one kernel of corn is too many for me.  And for the tortillas, there was none in the soup. They gave me little crispy shreds to dump in. Eh....

As for the taco. It was good, and the size was perfect for me. But one could argue that it wasn't big enough for the price you pay for it. 

Finally the service was okay. The waitress was very nice and attentive. The food did come out super quick. 

So yeah...that's about it.]]></TEXT>
<TAGS>
<FOOD id="F0" spans="200~211" text="margarita&apos;s"  />
<FOOD id="F1" spans="298~311" text="tortilla soup"  />
<FOOD id="F2" spans="320~345" text="crispy shredded beef taco"  />
<FOOD id="F3" spans="364~368" text="soup"  />
<FOOD id="F4" spans="423~427" text="corn"  />
<FOOD id="F5" spans="466~470" text="corn"  />
<FOOD id="F6" spans="504~513" text="tortillas"  />
<FOOD id="F7" spans="537~541" text="soup"  />
<FOOD id="F8" spans="608~612" text="taco"  />
<ANAPHORA id="A0" spans="614~616" text="It"  />
<ANAPHORA id="A1" spans="685~687" text="it"  />
<QUALITY id="Q0" spans="227~231" text="okay" type="neutral" />
<QUALITY id="Q1" spans="237~280" text="not worth the $7.25 a piece I paid for them" type="negative" />
<QUALITY id="Q2" spans="373~378" text="so-so" type="neutral" />
<QUALITY id="Q3" spans="380~394" text="A little salty" type="negative" />
<QUALITY id="Q4" spans="399~440" text="way too many kernels of corn for my taste" type="negative" />
<QUALITY id="Q5" spans="474~489" text="too many for me" type="negative" />
<QUALITY id="Q6" spans="525~541" text="none in the soup" type="negative" />
<QUALITY id="Q7" spans="543~587" text="They gave me little crispy shreds to dump in" type="negative" />
<QUALITY id="Q8" spans="621~625" text="good" type="positive" />
<QUALITY id="Q9" spans="631~658" text="the size was perfect for me" type="positive" />
<QUALITY id="Q10" spans="664~734" text="one could argue that it wasn&apos;t big enough for the price you pay for it" type="negative" />
<PART_OF id="P0" fromID="F4" fromText="corn" toID="F3" toText="soup" />
<PART_OF id="P1" fromID="F6" fromText="tortillas" toID="F7" toText="soup" />
<OPINION id="O0" fromID="Q0" fromText="okay" toID="F0" toText="margarita&apos;s" relationship="explicit" />
<OPINION id="O1" fromID="Q1" fromText="not worth the $7.25 a piece I paid for them" toID="F0" toText="margarita&apos;s" relationship="explicit" />
<OPINION id="O2" fromID="Q2" fromText="so-so" toID="F3" toText="soup" relationship="explicit" />
<OPINION id="O3" fromID="Q3" fromText="A little salty" toID="F3" toText="soup" relationship="explicit" />
<OPINION id="O4" fromID="Q4" fromText="way too many kernels of corn for my taste" toID="F3" toText="soup" relationship="explicit" />
<OPINION id="O5" fromID="Q5" fromText="too many for me" toID="F5" toText="corn" relationship="explicit" />
<OPINION id="O6" fromID="Q6" fromText="none in the soup" toID="F6" toText="tortillas" relationship="explicit" />
<OPINION id="O7" fromID="Q7" fromText="They gave me little crispy shreds to dump in" toID="F6" toText="tortillas" relationship="explicit" />
<OPINION id="O8" fromID="Q8" fromText="good" toID="A0" toText="It" relationship="explicit" />
<OPINION id="O9" fromID="Q9" fromText="the size was perfect for me" toID="A0" toText="It" relationship="explicit" />
<OPINION id="O10" fromID="Q10" fromText="one could argue that it wasn&apos;t big enough for the price you pay for it" toID="A1" toText="it" relationship="implicit" />
<COREFERENCE id="C0" fromID="F3" fromText="soup" toID="F1" toText="tortilla soup" />
<COREFERENCE id="C1" fromID="F5" fromText="corn" toID="F4" toText="corn" />
<COREFERENCE id="C2" fromID="F7" fromText="soup" toID="F3" toText="soup" />
<COREFERENCE id="C3" fromID="A0" fromText="It" toID="F8" toText="taco" />
<COREFERENCE id="C4" fromID="A1" fromText="it" toID="A0" toText="It" />
</TAGS>
</yelp_reviews_1.1>