<?xml version="1.0" encoding="UTF-8" ?>

<yelp_reviews_1.1>
<TEXT><![CDATA[I went a few weeks ago during Phoenix Comic Con.  It was far enough away to not be swarmed with people.  We were really hungry so the free chips and salsa brought out was nice.  I got the chicken chimichanga plate.  It was okay.  It was fulfilling and plenty of food.   The price is similar to what you get other places downtown.   The server bumped this rating from 3 stars to 4 stars.  She was pleasant and efficient.  I appreciated that she brought out the checks quickly because we want to get back to our event.]]></TEXT>
<TAGS>
<FOOD id="F0" spans="139~154" text="chips and salsa"  />
<FOOD id="F2" spans="188~213" text="chicken chimichanga plate"  />
<ANAPHORA id="A0" spans="216~218" text="It"  />
<ANAPHORA id="A1" spans="230~232" text="It"  />
<QUALITY id="Q0" spans="134~138" text="free" type="positive" />
<QUALITY id="Q1" spans="171~175" text="nice" type="positive" />
<QUALITY id="Q2" spans="223~227" text="okay" type="neutral" />
<QUALITY id="Q3" spans="237~247" text="fulfilling" type="positive" />
<QUALITY id="Q4" spans="252~266" text="plenty of food" type="positive" />
<OPINION id="O0" fromID="Q0" fromText="free" toID="F0" toText="chips and salsa" relationship="explicit" />
<OPINION id="O1" fromID="Q1" fromText="nice" toID="F0" toText="chips and salsa" relationship="explicit" />
<OPINION id="O2" fromID="Q2" fromText="okay" toID="A0" toText="It" relationship="explicit" />
<OPINION id="O3" fromID="Q3" fromText="fulfilling" toID="A1" toText="It" relationship="explicit" />
<OPINION id="O4" fromID="Q4" fromText="plenty of food" toID="A1" toText="It" relationship="explicit" />
<COREFERENCE id="C0" fromID="A0" fromText="It" toID="F2" toText="chicken chimichanga plate" />
<COREFERENCE id="C1" fromID="A1" fromText="It" toID="A0" toText="It" />
</TAGS>
</yelp_reviews_1.1>