<?xml version="1.0" encoding="UTF-8" ?>

<yelp_reviews_1.1>
<TEXT><![CDATA[Before a Suns game we were looking for a place to eat.  Chose this one and sat on the cute little patio at the Arizona Center.  Food was just 'ok' (I've definitely had better Mexican in the valley) but happy hour is GREAT with $2.50 margaritas that were quite tasty!  Try the Blue Amigo.  I see us coming back for drinks and snacks but not a full meal.]]></TEXT>
<TAGS>
<FOOD id="F0" spans="233~243" text="margaritas"  />
<FOOD id="F1" spans="276~286" text="Blue Amigo"  />
<QUALITY id="Q0" spans="254~265" text="quite tasty" type="positive" />
<QUALITY id="Q1" spans="268~271" text="Try" type="positive" />
<OPINION id="O0" fromID="Q0" fromText="quite tasty" toID="F0" toText="margaritas" relationship="explicit" />
<OPINION id="O1" fromID="Q1" fromText="Try" toID="F1" toText="Blue Amigo" relationship="implicit" />
</TAGS>
</yelp_reviews_1.1>