<?xml version="1.0" encoding="UTF-8" ?>

<yelp_reviews_1.1>
<TEXT><![CDATA[Let me start by saying that this struck me as a very white-washed mexican food restaurant. In other words, intended for the typical white American who is unfamiliar with quality mexican faire.

I appreciated the provision of chips and salsa, and the gentleman who brought them was VERY considerate and kind to have brought individual salsa cups for each of the five of us.

But it was like pulling teeth to get more.

I ordered the pork taquitos from the appetizer menu. $6.25 for six cigarette sized items that were undoubtedly frozen ten minutes prior.

The items that others at the table ordered appeared to be tasty, and one fellow patron literally cleared the plate.

If I were in the area with out of town guests who wanted mexican, and they were not well versed in the faire, I'd take them here.

Otherwise we'd go elsewhere.]]></TEXT>
<TAGS>
<FOOD id="F0" spans="225~240" text="chips and salsa"  />
<FOOD id="F1" spans="432~445" text="pork taquitos"  />
<ANAPHORA id="A0" spans="501~506" text="items"  />
<QUALITY id="Q0" spans="485~500" text="cigarette sized" type="negative" />
<QUALITY id="Q1" spans="517~553" text="undoubtedly frozen ten minutes prior" type="negative" />
<OPINION id="O0" fromID="Q0" fromText="cigarette sized" toID="A0" toText="items" relationship="explicit" />
<OPINION id="O1" fromID="Q1" fromText="undoubtedly frozen ten minutes prior" toID="A0" toText="items" relationship="explicit" />
<COREFERENCE id="C0" fromID="A0" fromText="items" toID="F1" toText="pork taquitos" />
</TAGS>
</yelp_reviews_1.1>