<?xml version="1.0" encoding="UTF-8" ?>

<yelp_reviews_1.1>
<TEXT><![CDATA[Once again, I ordered carne asada expecting the meat to be flavorful, well seasoned and cooked to perfection.  Once again, it was a chewy, mediocre seasoned piece of meat. I hedged my bet and order a couple of enchiladas ala carte.  At least those were tasty.

Service was kind of roller coastery.  The server took my drink order immediately and gave me a few minutes to peruse the menu.  Food came relatively promptly.

When she brought the bill, well she decided it was time to do a deep cleaning of the bar area while I sat and played solitaire on my phone.  Finally she came by only because she was dropping an order off at the table behind me.

The place was 3/4 empty, but I can attribute this to being 8pm on a Sunday night in downtown Phoenix.  In fact most of the mall was deserted and restaurants closed.

I end with one suggestion.  Lower the freekin light that is hanging over the table.  Nothing worse that having to catch the glint of a halogen bulb burning your eyes while you eat.]]></TEXT>
<TAGS>
<FOOD id="F0" spans="22~33" text="carne asada"  />
<FOOD id="F1" spans="210~220" text="enchiladas"  />
<ANAPHORA id="A0" spans="123~125" text="it"  />
<ANAPHORA id="A1" spans="242~247" text="those"  />
<QUALITY id="Q0" spans="132~137" text="chewy" type="negative" />
<QUALITY id="Q1" spans="139~156" text="mediocre seasoned" type="negative" />
<QUALITY id="Q2" spans="157~170" text="piece of meat" type="negative" />
<QUALITY id="Q3" spans="253~258" text="tasty" type="positive" />
<OPINION id="O0" fromID="Q0" fromText="chewy" toID="A0" toText="it" relationship="explicit" />
<OPINION id="O1" fromID="Q1" fromText="mediocre seasoned" toID="A0" toText="it" relationship="explicit" />
<OPINION id="O2" fromID="Q2" fromText="piece of meat" toID="A0" toText="it" relationship="implicit" />
<OPINION id="O3" fromID="Q3" fromText="tasty" toID="A1" toText="those" relationship="explicit" />
<COREFERENCE id="C0" fromID="A0" fromText="it" toID="F0" toText="carne asada" />
<COREFERENCE id="C1" fromID="A1" fromText="those" toID="F1" toText="enchiladas" />
</TAGS>
</yelp_reviews_1.1>