<?xml version="1.0" encoding="UTF-8" ?>

<yelp_reviews_1.1>
<TEXT><![CDATA[The weather was muy caliente.  Mi padre y mi esposa were mucho thirsty and in need of cervezas frias! This place quenched our thirst and sated our hunger pangs as well with their grande chips y salsa which were muy delicioso! And it was happy hour to boot, which was good because our cervezas cost us fewer pesos! Muy bueno! I glanced at the menu, and it was overwhelmingly huge with lots to choose from.  But since our primary reason for stopping was to cool off on a hot Phoenix afternoon, we'll have to come back at a later date to try the food.]]></TEXT>
<TAGS>
<FOOD id="F0" spans="186~199" text="chips y salsa"  />
<FOOD id="F1" spans="284~292" text="cervezas"  />
<QUALITY id="Q0" spans="179~185" text="grande" type="positive" />
<QUALITY id="Q1" spans="211~224" text="muy delicioso" type="positive" />
<QUALITY id="Q2" spans="293~312" text="cost us fewer pesos" type="positive" />
<OPINION id="O0" fromID="Q0" fromText="grande" toID="F0" toText="chips y salsa" relationship="explicit" />
<OPINION id="O1" fromID="Q1" fromText="muy delicioso" toID="F0" toText="chips y salsa" relationship="explicit" />
<OPINION id="O2" fromID="Q2" fromText="cost us fewer pesos" toID="F1" toText="cervezas" relationship="explicit" />
</TAGS>
</yelp_reviews_1.1>