<?xml version="1.0" encoding="UTF-8" ?>

<yelp_reviews_1.1>
<TEXT><![CDATA[I thought the food was excellent, unfortunately the service was not.  For our business lunch, the four of us waited loooooooooooooong periods, first to order, then for the food to arrive, then even to pay our bill.  And even though the bill was a simple "divide total by four", one member of our group got exactly twice her fourth...so the total didn't add up.  More waiting.  The waitress was nice enough when we saw her, but made no effort to apologize for their foibles.

But back to the food.  The salsa was outstanding...my seafood enchiladas were suberb.  Because of the quality of the meal, I'm willing to give them another chance and hope that my first experience was just an aberration.]]></TEXT>
<TAGS>
<FOOD id="F0" spans="502~507" text="salsa"  />
<FOOD id="F1" spans="529~547" text="seafood enchiladas"  />
<QUALITY id="Q0" spans="512~523" text="outstanding" type="positive" />
<QUALITY id="Q1" spans="553~559" text="suberb" type="positive" />
<OPINION id="O0" fromID="Q0" fromText="outstanding" toID="F0" toText="salsa" relationship="explicit" />
<OPINION id="O1" fromID="Q1" fromText="suberb" toID="F1" toText="seafood enchiladas" relationship="explicit" />
</TAGS>
</yelp_reviews_1.1>