<?xml version="1.0" encoding="UTF-8" ?>

<yelp_reviews_1.1>
<TEXT><![CDATA[Went for lunch on a Thursday with some co-workers.
One was from Florida the other Canada. 
They both really liked it. 
It was the third visit by one of them. My first.

I ordered the Chili Rellano. A large Pablano pepper stuffed with chunks of chicken and typical fillings. It was dipped and fried in a panko bread crumb -like batter which I really liked compared to the "traditional" egg batter. It was thin and light. Great tasting to. 
Service was excellent. I was never left wanting for a refill of my tasty beverage and they kept the salsa and hot sauces full as well as the tortilla chips. The chips were good too. They were light and tasted fresh. Not the out-of-a-bag corn chips.
I will be back.]]></TEXT>
<TAGS>
<FOOD id="F0" spans="183~196" text="Chili Rellano"  />
<FOOD id="F1" spans="206~220" text="Pablano pepper"  />
<FOOD id="F2" spans="244~251" text="chicken"  />
<FOOD id="F3" spans="327~333" text="batter"  />
<FOOD id="F4" spans="600~605" text="chips"  />
<ANAPHORA id="A0" spans="274~276" text="It"  />
<ANAPHORA id="A1" spans="397~399" text="It"  />
<ANAPHORA id="A2" spans="621~625" text="They"  />
<QUALITY id="Q0" spans="200~205" text="large" type="positive" />
<QUALITY id="Q1" spans="340~395" text="I really liked compared to the &quot;traditional&quot; egg batter" type="positive" />
<QUALITY id="Q2" spans="404~408" text="thin" type="positive" />
<QUALITY id="Q3" spans="413~418" text="light" type="positive" />
<QUALITY id="Q4" spans="420~433" text="Great tasting" type="positive" />
<QUALITY id="Q5" spans="611~615" text="good" type="positive" />
<QUALITY id="Q6" spans="631~636" text="light" type="positive" />
<QUALITY id="Q7" spans="641~653" text="tasted fresh" type="positive" />
<QUALITY id="Q8" spans="655~686" text="Not the out-of-a-bag corn chips" type="positive" />
<QUALITY id="Q9" spans="303~326" text="panko bread crumb -like" type="neutral" />
<PART_OF id="P0" fromID="F1" fromText="Pablano pepper" toID="F0" toText="Chili Rellano" />
<PART_OF id="P1" fromID="F2" fromText="chicken" toID="F0" toText="Chili Rellano" />
<OPINION id="O0" fromID="Q0" fromText="large" toID="F1" toText="Pablano pepper" relationship="explicit" />
<OPINION id="O1" fromID="Q9" fromText="panko bread crumb -like" toID="F3" toText="batter" relationship="explicit" />
<OPINION id="O2" fromID="Q1" fromText="I really liked compared to the &quot;traditional&quot; egg batter" toID="F3" toText="batter" relationship="implicit" />
<OPINION id="O3" fromID="Q2" fromText="thin" toID="A1" toText="It" relationship="explicit" />
<OPINION id="O4" fromID="Q3" fromText="light" toID="A1" toText="It" relationship="explicit" />
<OPINION id="O5" fromID="Q4" fromText="Great tasting" toID="A1" toText="It" relationship="explicit" />
<OPINION id="O6" fromID="Q5" fromText="good" toID="F4" toText="chips" relationship="explicit" />
<OPINION id="O7" fromID="Q6" fromText="light" toID="A2" toText="They" relationship="explicit" />
<OPINION id="O8" fromID="Q7" fromText="tasted fresh" toID="A2" toText="They" relationship="explicit" />
<OPINION id="O9" fromID="Q8" fromText="Not the out-of-a-bag corn chips" toID="A2" toText="They" relationship="implicit" />
<COREFERENCE id="C0" fromID="A0" fromText="It" toID="F1" toText="Pablano pepper" />
<COREFERENCE id="C1" fromID="A1" fromText="It" toID="F3" toText="batter" />
<COREFERENCE id="C2" fromID="A2" fromText="They" toID="F4" toText="chips" />
</TAGS>
</yelp_reviews_1.1>