<?xml version="1.0" encoding="UTF-8" ?>

<yelp_reviews_1.1>
<TEXT><![CDATA[went there for a working lunch with the marketing department. ordered a salad. started eating, it was okay- tasted like a crappy hooters chicken salad. THEN I NOTICED... a small pearly yellow orange bean looking thing in the salad. i poked it with my fork and then lifted it to my nose to smell it. IT WAS A CHEWED UP PEACH JELLY BELLY JELLYBEAN! IN MY SALAD! i was disgusted. told the waiter, showed it to him and he LAUGHED, as if that was a funny joke between buddies. 

can you picture the fat lady in the back mixing up my salad and a chewed up jellybean from her bag falls into my plate and she just keeps going or doesn't notice?!?! i had to actually request that the salad be taken off of my bill - they were still going to charge me for it.

they offered nothing else, no manager came over to talk to me, nothing... as if it was just another customer complaint. lol NEVER GOING BACK THERE!]]></TEXT>
<TAGS>
<FOOD id="F0" spans="72~77" text="salad"  />
<FOOD id="F1" spans="353~358" text="SALAD"  />
<ANAPHORA id="A0" spans="95~97" text="it"  />
<QUALITY id="Q0" spans="102~106" text="okay" type="neutral" />
<QUALITY id="Q1" spans="108~150" text="tasted like a crappy hooters chicken salad" type="negative" />
<QUALITY id="Q2" spans="299~358" text="IT WAS A CHEWED UP PEACH JELLY BELLY JELLYBEAN! IN MY SALAD" type="negative" />
<QUALITY id="Q3" spans="360~375" text="i was disgusted" type="negative" />
<OPINION id="O0" fromID="Q0" fromText="okay" toID="A0" toText="it" relationship="explicit" />
<OPINION id="O1" fromID="Q1" fromText="tasted like a crappy hooters chicken salad" toID="A0" toText="it" relationship="explicit" />
<OPINION id="O2" fromID="Q2" fromText="IT WAS A CHEWED UP PEACH JELLY BELLY JELLYBEAN! IN MY SALAD" toID="F1" toText="SALAD" relationship="explicit" />
<OPINION id="O3" fromID="Q3" fromText="i was disgusted" toID="F1" toText="SALAD" relationship="implicit" />
<COREFERENCE id="C0" fromID="A0" fromText="it" toID="F0" toText="salad" />
</TAGS>
</yelp_reviews_1.1>