<?xml version="1.0" encoding="UTF-8" ?>

<yelp_reviews_1.1>
<TEXT><![CDATA[Best salsa in Phoenix!  

I love Mi Amigo's!  The salsa and chips are always fresh and there's always plenty of it on your table.  I tried almost everything and it's all good.  But my favorite is the chicken chimichanga or mini chimi platter - so delicious!]]></TEXT>
<TAGS>
<FOOD id="F0" spans="5~10" text="salsa"  />
<FOOD id="F1" spans="50~65" text="salsa and chips"  />
<FOOD id="F2" spans="200~219" text="chicken chimichanga"  />
<FOOD id="F3" spans="223~241" text="mini chimi platter"  />
<ANAPHORA id="A0" spans="112~114" text="it"  />
<QUALITY id="Q0" spans="0~4" text="Best" type="positive" />
<QUALITY id="Q1" spans="70~82" text="always fresh" type="positive" />
<QUALITY id="Q2" spans="87~111" text="there&apos;s always plenty of" type="positive" />
<QUALITY id="Q4" spans="181~192" text="my favorite" type="positive" />
<QUALITY id="Q5" spans="244~256" text="so delicious" type="positive" />
<PART_OF id="P0" fromID="F0" fromText="salsa" toID="F1" toText="salsa and chips" />
<OPINION id="O0" fromID="Q0" fromText="Best" toID="F0" toText="salsa" relationship="explicit" />
<OPINION id="O1" fromID="Q1" fromText="always fresh" toID="F1" toText="salsa and chips" relationship="explicit" />
<OPINION id="O2" fromID="Q2" fromText="there&apos;s always plenty of" toID="A0" toText="it" relationship="explicit" />
<OPINION id="O3" fromID="Q4" fromText="my favorite" toID="F2" toText="chicken chimichanga" relationship="implicit" />
<OPINION id="O4" fromID="Q4" fromText="my favorite" toID="F3" toText="mini chimi platter" relationship="explicit" />
<OPINION id="O5" fromID="Q5" fromText="so delicious" toID="F2" toText="chicken chimichanga" relationship="explicit" />
<OPINION id="O6" fromID="Q5" fromText="so delicious" toID="F3" toText="mini chimi platter" relationship="explicit" />
<COREFERENCE id="C0" fromID="A0" fromText="it" toID="F1" toText="salsa and chips" />
</TAGS>
</yelp_reviews_1.1>