<?xml version="1.0" encoding="UTF-8" ?>

<yelp_reviews_1.1>
<TEXT><![CDATA[Not the best mexican food ever but not bad.  I had the ceviche tacos which were surprisingly full of shrimp and scallops for the price.  It's close by work so can't complain.  But if you want authenticity, not the place. But still good.]]></TEXT>
<TAGS>
<FOOD id="F0" spans="55~68" text="ceviche tacos"  />
<FOOD id="F1" spans="101~107" text="shrimp"  />
<FOOD id="F2" spans="112~120" text="scallops"  />
<QUALITY id="Q0" spans="80~134" text="surprisingly full of shrimp and scallops for the price" type="positive" />
<PART_OF id="P0" fromID="F1" fromText="shrimp" toID="F0" toText="ceviche tacos" />
<PART_OF id="P1" fromID="F2" fromText="scallops" toID="F0" toText="ceviche tacos" />
<OPINION id="O0" fromID="Q0" fromText="surprisingly full of shrimp and scallops for the price" toID="F0" toText="ceviche tacos" relationship="explicit" />
</TAGS>
</yelp_reviews_1.1>