<?xml version="1.0" encoding="UTF-8" ?>

<yelp_reviews_1.1>
<TEXT><![CDATA[Staying as airline crew at the Sheraton hotel across the street, I asked the front desk person to recommend me a good Mexican restaurant.  He recommended the "Canyon Café" which is in the same exact mall/movie complex as this place, "Mi Amigo's " .  I reviewed the Canyon Café's menu and didn't care for it since it's more of a Fusion restaurant, not real Mexican food.  I told the hostess that I wanted more authentic food and she told me to try "Mi Amigo's" . I walked 100 feet to this place.  I have to say the server was a sweetheart...very friendly, welcoming - THAT's the ONLY thing I liked about this place, aside from the Cadillac Margarita for $5.75.  I ordered the tortilla soup.  OKish; free chips and salsa - the chips were awesome, the salsa mediocre.  The worst disappointment was my main course - I ordered the Red Beef Tamales.  These are the worst tamales that I remember eating.  I can make them better myself at home!! And I am an awful cook!  I was joined by one of our flight attendants and he joined me at my table.  He pretty much reached the same concensus as I.  Sorry, but I really, really was looking forward to a nice, hot tasty Mexican meal.  I was in Arizona for crying out loud, not in North Dakota or Maine, where Mexican food may not be as widespread.   PLEASE get your menu and most importantly your ingredients in order!  My colleagues at my airline stay across the street at the Sheraton and would appreciate a nice Mexican meal on our work trips.   Thanks !!]]></TEXT>
<TAGS>
<FOOD id="F0" spans="675~688" text="tortilla soup"  />
<FOOD id="F1" spans="703~718" text="chips and salsa"  />
<FOOD id="F2" spans="725~730" text="chips"  />
<FOOD id="F3" spans="749~754" text="salsa"  />
<FOOD id="F4" spans="826~842" text="Red Beef Tamales"  />
<FOOD id="F5" spans="630~648" text="Cadillac Margarita"  />
<FOOD id="F6" spans="865~872" text="tamales"  />
<ANAPHORA id="A0" spans="798~809" text="main course"  />
<ANAPHORA id="A1" spans="845~850" text="These"  />
<ANAPHORA id="A2" spans="909~913" text="them"  />
<QUALITY id="Q0" spans="691~696" text="OKish" type="neutral" />
<QUALITY id="Q1" spans="698~702" text="free" type="positive" />
<QUALITY id="Q2" spans="736~743" text="awesome" type="positive" />
<QUALITY id="Q3" spans="755~763" text="mediocre" type="neutral" />
<QUALITY id="Q5" spans="766~790" text="The worst disappointment" type="negative" />
<QUALITY id="Q6" spans="855~895" text="the worst tamales that I remember eating" type="negative" />
<QUALITY id="Q7" spans="898~935" text="I can make them better myself at home" type="negative" />
<PART_OF id="P0" fromID="F2" fromText="chips" toID="F1" toText="chips and salsa" />
<PART_OF id="P1" fromID="F3" fromText="salsa" toID="F1" toText="chips and salsa" />
<OPINION id="O0" fromID="Q0" fromText="OKish" toID="F0" toText="tortilla soup" relationship="explicit" />
<OPINION id="O1" fromID="Q1" fromText="free" toID="F1" toText="chips and salsa" relationship="explicit" />
<OPINION id="O2" fromID="Q2" fromText="awesome" toID="F2" toText="chips" relationship="explicit" />
<OPINION id="O3" fromID="Q3" fromText="mediocre" toID="F3" toText="salsa" relationship="explicit" />
<OPINION id="O4" fromID="Q5" fromText="The worst disappointment" toID="A0" toText="main course" relationship="explicit" />
<OPINION id="O5" fromID="Q6" fromText="the worst tamales that I remember eating" toID="A1" toText="These" relationship="explicit" />
<OPINION id="O6" fromID="Q7" fromText="I can make them better myself at home" toID="A2" toText="them" relationship="implicit" />
<COREFERENCE id="C0" fromID="A1" fromText="These" toID="F4" toText="Red Beef Tamales" />
<COREFERENCE id="C1" fromID="A0" fromText="main course" toID="F4" toText="Red Beef Tamales" />
<COREFERENCE id="C2" fromID="A2" fromText="them" toID="F6" toText="tamales" />
</TAGS>
</yelp_reviews_1.1>