<?xml version="1.0" encoding="UTF-8" ?>

<yelp_reviews_1.1>
<TEXT><![CDATA[If you are a tourist, this is not "authentic" az mexican food, but will hit the spot.  We usually get the lunch flauta plate.  Good Deal for A-OK Eats.]]></TEXT>
<TAGS>
<FOOD id="F0" spans="106~124" text="lunch flauta plate"  />
<QUALITY id="Q0" spans="127~136" text="Good Deal" type="positive" />
<QUALITY id="Q1" spans="141~150" text="A-OK Eats" type="neutral" />
<OPINION id="O0" fromID="Q1" fromText="A-OK Eats" toID="F0" toText="lunch flauta plate" relationship="explicit" />
<OPINION id="O1" fromID="Q0" fromText="Good Deal" toID="F0" toText="lunch flauta plate" relationship="explicit" />
</TAGS>
</yelp_reviews_1.1>