<?xml version="1.0" encoding="UTF-8" ?>

<yelp_reviews_1.1>
<TEXT><![CDATA[Heading to catch a flick at The Arizona Center. Decided to checked out Mi Amigo's. To start with, it took about 5 minutes before anyone bother to talk to us. Once we did get to order, we opted to share the tortilla soup and the chicken fajitas. The tortilla soup was really bad. It tasted like a mix of chili powder and salt. We ended up sending it back. The chicken fajitas were actually ok, but not great. 

The real downer was the service. Waitstaff appeared to be fairly apathetic about the place. Limited interested in actually taking our order, bringing out food, etc..

Overall, there are much better choices. You should look elsewhere if you are hungry for Mexican food.]]></TEXT>
<TAGS>
<FOOD id="F0" spans="206~219" text="tortilla soup"  />
<FOOD id="F1" spans="228~243" text="chicken fajitas"  />
<FOOD id="F2" spans="249~262" text="tortilla soup"  />
<FOOD id="F3" spans="359~374" text="chicken fajitas"  />
<ANAPHORA id="A0" spans="279~281" text="It"  />
<ANAPHORA id="A1" spans="346~348" text="it"  />
<QUALITY id="Q0" spans="267~277" text="really bad" type="negative" />
<QUALITY id="Q1" spans="282~324" text="tasted like a mix of chili powder and salt" type="negative" />
<QUALITY id="Q2" spans="326~353" text="We ended up sending it back" type="negative" />
<QUALITY id="Q3" spans="380~391" text="actually ok" type="neutral" />
<QUALITY id="Q4" spans="397~406" text="not great" type="negative" />
<OPINION id="O0" fromID="Q0" fromText="really bad" toID="F2" toText="tortilla soup" relationship="explicit" />
<OPINION id="O1" fromID="Q1" fromText="tasted like a mix of chili powder and salt" toID="A0" toText="It" relationship="explicit" />
<OPINION id="O2" fromID="Q2" fromText="We ended up sending it back" toID="A1" toText="it" relationship="implicit" />
<OPINION id="O3" fromID="Q3" fromText="actually ok" toID="F3" toText="chicken fajitas" relationship="explicit" />
<OPINION id="O4" fromID="Q4" fromText="not great" toID="F3" toText="chicken fajitas" relationship="explicit" />
<COREFERENCE id="C0" fromID="F2" fromText="tortilla soup" toID="F0" toText="tortilla soup" />
<COREFERENCE id="C1" fromID="F3" fromText="chicken fajitas" toID="F1" toText="chicken fajitas" />
<COREFERENCE id="C2" fromID="A0" fromText="It" toID="F2" toText="tortilla soup" />
<COREFERENCE id="C3" fromID="A1" fromText="it" toID="A0" toText="It" />
</TAGS>
</yelp_reviews_1.1>