<?xml version="1.0" encoding="UTF-8" ?>

<yelp_reviews_1.1>
<TEXT><![CDATA[All mexican restaurants need to be evaluated on two levels - how's the food and how's the margaritas.  And if the second one rates anything above 'fantastic', the rating on the former matters not. I should really end the review here and now by telling you that the margaritas at Mi Amigos were exsquisite.  We would have asked for to go cups and grabbed one for the road were such things permissable.

Everything else about the place was good as well.  Not overly expensive, service was fine, the outdoor patio was nice - even if we were subjected to the oldies radio blaring from the Uno's patio next door. My shredded beef burro was a little dry and not spicy enough for my taste, but it was still more than servicable.  And let's be honest, no spice and stale tortillas couldn't keep me away from this place's tasty concoctions.  Viva la margarita!]]></TEXT>
<TAGS>
<FOOD id="F0" spans="265~275" text="margaritas"  />
<FOOD id="F1" spans="611~630" text="shredded beef burro"  />
<FOOD id="F2" spans="841~850" text="margarita"  />
<FOOD id="F3" spans="763~772" text="tortillas"  />
<ANAPHORA id="A0" spans="687~689" text="it"  />
<ANAPHORA id="A1" spans="819~830" text="concoctions"  />
<QUALITY id="Q0" spans="294~304" text="exsquisite" type="positive" />
<QUALITY id="Q1" spans="307~399" text="We would have asked for to go cups and grabbed one for the road were such things permissable" type="positive" />
<QUALITY id="Q2" spans="635~647" text="a little dry" type="negative" />
<QUALITY id="Q3" spans="652~681" text="not spicy enough for my taste" type="negative" />
<QUALITY id="Q4" spans="694~720" text="still more than servicable" type="positive" />
<QUALITY id="Q5" spans="744~794" text="no spice and stale tortillas couldn&apos;t keep me away" type="positive" />
<QUALITY id="Q6" spans="813~818" text="tasty" type="positive" />
<QUALITY id="Q7" spans="833~840" text="Viva la" type="positive" />
<PART_OF id="P0" fromID="F3" fromText="tortillas" toID="A0" toText="it" />
<OPINION id="O0" fromID="Q0" fromText="exsquisite" toID="F0" toText="margaritas" relationship="explicit" />
<OPINION id="O1" fromID="Q1" fromText="We would have asked for to go cups and grabbed one for the road were such things permissable" toID="F0" toText="margaritas" relationship="implicit" />
<OPINION id="O2" fromID="Q2" fromText="a little dry" toID="F1" toText="shredded beef burro" relationship="explicit" />
<OPINION id="O3" fromID="Q3" fromText="not spicy enough for my taste" toID="F1" toText="shredded beef burro" relationship="explicit" />
<OPINION id="O4" fromID="Q4" fromText="still more than servicable" toID="A0" toText="it" relationship="explicit" />
<OPINION id="O5" fromID="Q5" fromText="no spice and stale tortillas couldn&apos;t keep me away" toID="A1" toText="concoctions" relationship="implicit" />
<OPINION id="O6" fromID="Q6" fromText="tasty" toID="A1" toText="concoctions" relationship="explicit" />
<OPINION id="O7" fromID="Q7" fromText="Viva la" toID="F2" toText="margarita" relationship="implicit" />
<COREFERENCE id="C0" fromID="A0" fromText="it" toID="F1" toText="shredded beef burro" />
<COREFERENCE id="C1" fromID="A1" fromText="concoctions" toID="F3" toText="tortillas" />
</TAGS>
</yelp_reviews_1.1>