<?xml version="1.0" encoding="UTF-8" ?>

<yelp_reviews_1.1>
<TEXT><![CDATA[Last night we had a group of people so we hit Mi Amigo's in the Arizona Center since we were staying nearby. Most of the group are on limited funds, so we thought a pretty tasty chain would be ok. Now as I write this there are things that make me want to bump it to a four then other things that make me want to bump it down.

Let's see... I wasn't sure what to order and everything looked just about average in terms of dishes, so I ended up with Chile Rellenos. I rarely ever get this, so I figured tonight would be the night. Our waitress took forever to come over at first and I felt like she wasn't completely with it. She may be bilingual and a little less with the English, so she was very very quiet. She got half our table drinks and then disappeared. Eventual she came back with the others, but she could've fit them all on one tray. A few more minutes and we had some tasty albeit boring looking chips. They were so large that they could only get so many in each bowl. The salsa was terrible. Completely bland with little taste. Mostly it was chunks of tomatoes and some juice. Boring. After way too long our food came. No silverware or anything, just the food. I ate most of my beans with a knife (it looked clean!) I found on my table. We asked for sourcream and silverware. She brought the sour cream but nada on the whole silverware thing. Eventually someone found me a fork (I think from a place setting behind me) and I dug in. Great Chile Relleno! very tasty, and I think the sourcream made it for me. At the end of the meal, the waitress did agree to split the check between each of us to her defense, but overall it was a very average experience like you'd expect from a white-washed pseudo Mexican chain.]]></TEXT>
<TAGS>
<FOOD id="F0" spans="448~462" text="Chile Rellenos"  />
<FOOD id="F1" spans="907~912" text="chips"  />
<FOOD id="F2" spans="984~989" text="salsa"  />
<FOOD id="F3" spans="1064~1072" text="tomatoes"  />
<FOOD id="F4" spans="1082~1087" text="juice"  />
<FOOD id="F5" spans="1304~1314" text="sour cream"  />
<FOOD id="F6" spans="1451~1464" text="Chile Relleno"  />
<FOOD id="F7" spans="1494~1503" text="sourcream"  />
<ANAPHORA id="A0" spans="1047~1049" text="it"  />
<ANAPHORA id="A1" spans="914~918" text="They"  />
<QUALITY id="Q0" spans="1054~1087" text="chunks of tomatoes and some juice" type="negative" />
<QUALITY id="Q1" spans="879~884" text="tasty" type="positive" />
<QUALITY id="Q2" spans="892~906" text="boring looking" type="negative" />
<QUALITY id="Q4" spans="924~978" text="so large that they could only get so many in each bowl" type="negative" />
<QUALITY id="Q5" spans="994~1002" text="terrible" type="negative" />
<QUALITY id="Q6" spans="1004~1020" text="Completely bland" type="negative" />
<QUALITY id="Q7" spans="1026~1038" text="little taste" type="negative" />
<QUALITY id="Q8" spans="1089~1095" text="Boring" type="negative" />
<QUALITY id="Q9" spans="1445~1450" text="Great" type="positive" />
<QUALITY id="Q10" spans="1466~1476" text="very tasty" type="positive" />
<QUALITY id="Q11" spans="1482~1518" text="I think the sourcream made it for me" type="positive" />
<PART_OF id="P0" fromID="F3" fromText="tomatoes" toID="A0" toText="it" />
<PART_OF id="P1" fromID="F4" fromText="juice" toID="A0" toText="it" />
<PART_OF id="P2" fromID="F7" fromText="sourcream" toID="F6" toText="Chile Relleno" />
<OPINION id="O0" fromID="Q1" fromText="tasty" toID="F1" toText="chips" relationship="explicit" />
<OPINION id="O1" fromID="Q2" fromText="boring looking" toID="F1" toText="chips" relationship="explicit" />
<OPINION id="O2" fromID="Q4" fromText="so large that they could only get so many in each bowl" toID="A1" toText="They" relationship="explicit" />
<OPINION id="O3" fromID="Q5" fromText="terrible" toID="F2" toText="salsa" relationship="explicit" />
<OPINION id="O4" fromID="Q6" fromText="Completely bland" toID="F2" toText="salsa" relationship="explicit" />
<OPINION id="O5" fromID="Q7" fromText="little taste" toID="F2" toText="salsa" relationship="explicit" />
<OPINION id="O6" fromID="Q0" fromText="chunks of tomatoes and some juice" toID="A0" toText="it" relationship="explicit" />
<OPINION id="O7" fromID="Q8" fromText="Boring" toID="A0" toText="it" relationship="explicit" />
<OPINION id="O8" fromID="Q9" fromText="Great" toID="F6" toText="Chile Relleno" relationship="explicit" />
<OPINION id="O9" fromID="Q10" fromText="very tasty" toID="F6" toText="Chile Relleno" relationship="explicit" />
<OPINION id="O10" fromID="Q11" fromText="I think the sourcream made it for me" toID="F7" toText="sourcream" relationship="explicit" />
<COREFERENCE id="C0" fromID="A1" fromText="They" toID="F1" toText="chips" />
<COREFERENCE id="C1" fromID="A0" fromText="it" toID="F2" toText="salsa" />
</TAGS>
</yelp_reviews_1.1>